
INSERT INTO `esp_document` (`did`, `lng`, `pid`, `mid`, `aid`, `tid`, `extid`, `sid`, `fgid`, `linkdid`, `isclass`, `islink`, `ishtml`, `ismess`, `isorder`, `ktid`, `purview`, `istemplates`, `isbase`, `recommend`, `tsn`, `title`, `longtitle`, `color`, `author`, `source`, `pic`, `tags`, `headtitle`, `keywords`, `description`, `summary`, `link`, `oprice`, `bprice`, `click`, `addtime`, `uptime`, `template`, `filename`, `filepath`, `filepage`) VALUES
(1, 'cn', 50, 1, 1, 1, '0', 0, 0, '', 1, 0, 1, 0, 0, 0, 0, 0, 1, '', '', '关于我们', '关于我们', '', '', '', '', '', '', '', '', '', '', 0.00, 0.00, 19, 1404623245, 1404623245, 'base_read', 'index', '', 0),
(2, 'cn', 50, 1, 1, 8, '0', 0, 0, '', 1, 0, 1, 0, 0, 0, 0, 0, 1, '', '', '软件介绍', '公司介绍', '', '', '', '', '', 'ESPCMS公司介绍-最好的企业建站CMS、企业CMS平台、自助建站企业网站SEO优化', '', 'EARCLINK是一家致力于网站建设、软件开发、手机应用开发为主的信息技术企业，至早期创办以来，以技术为本，始终服务于企业信息化技术改造。公司创始人在2005年就推出了当时最早的企业CMS建站软件，6年来我们始终围绕互联网信息化技术进行相关业务的开展和产品研究。', '首款以微信+手机APP+微网站+手机短信+多语言网站全方组合的企业营销管理平台，采用于PHP和MYSQL黄金组合进行开发，能够稳定运行于国内各大空间主机及主流的服务器，强大的功能加上主流的支持，为企业提供一个经济、稳定安全的建站', '', 0.00, 0.00, 122, 1404629931, 1410250033, 'base_read', 'index', 'about/gongsijieshao', 1),
(3, 'cn', 50, 1, 1, 9, '0', 0, 0, '', 1, 0, 1, 0, 0, 0, 0, 0, 1, '', '', '联系信息', '联系信息', '', '', '', '', '', '', '', '', '', '', 0.00, 0.00, 23, 1404629953, 1410237775, 'base_read', 'index', 'about/lianxixinxi', 1),
(4, 'cn', 50, 1, 1, 10, '0', 0, 0, '', 1, 0, 1, 0, 0, 0, 0, 0, 1, '', '', '服务领域', '服务领域', '', '', '', '', '', '', '', '', '', '', 0.00, 0.00, 27, 1404630122, 1404642382, 'base_read', 'index', 'about/fuwulingyu', 1),
(5, 'cn', 50, 1, 1, 13, '0', 0, 0, '', 1, 0, 1, 0, 0, 0, 0, 0, 1, '', '', '企业团队', '企业团队', '', '', '', '', '', '', '', '', '', '', 0.00, 0.00, 70, 1404630179, 1410237700, 'base_read', 'index', 'about/qiyetuandui', 1),
(6, 'cn', 50, 1, 1, 14, '0', 0, 0, '', 1, 0, 1, 0, 0, 0, 0, 0, 1, '', '', '联系信息', '联系信息', '', '', '', '', '', 'ESPCMS联系信息意-易思ESPCMS企业建站系统,CMS系统,免费企业CMS系统,外贸建站,企业CMS,SEO优化,自助建站系统,企业网站程序,企业seo,企业网站源码,外贸企业网站', '', 'PHP最好的免费企业建站CMS、企业CMS平台、自助建站企业网站SEO优化，可用于企业网站建设、外贸网站建设、营销网站建设、集团网站建设等，优秀的SEO优化机制，可确保您的网站快速占领网站SEO。内置多模型自定、SEO搜索优化、静态页生成、评论留言、订购、询价、会员等常见企业网站基本功能，通过灵活的插件机制还能扩展应用，帮您更好地实现网站价值', '', '', 0.00, 0.00, 59, 1404630205, 1410235577, 'base_read', 'index', 'about/lianxixinxi92', 1),
(7, 'cn', 50, 1, 1, 17, '0', 0, 0, '', 1, 0, 1, 0, 0, 0, 0, 0, 1, '', '', '产品说明', '产品说明', '', '', '', '', '', '', '', '', '', '', 0.00, 0.00, 15, 1404630239, 1404654419, 'base_read', 'index', 'products/chanpinshuoming', 1),
(8, 'cn', 50, 1, 1, 26, '0', 0, 0, '', 1, 0, 1, 0, 0, 0, 0, 0, 1, '', '', '招商说明', '招商说明', '', '', '', '', '', '', '', '', '', '', 0.00, 0.00, 14, 1404630526, 1404651929, 'base_read', 'index', 'merchants/zhaoshangshuoming', 1),
(9, 'cn', 50, 2, 1, 16, '0', 0, 0, '', 1, 0, 1, 1, 0, 0, 0, 0, 0, '1', '', 'ESPCMS如何实陆路网站URL优化', '', '', '', '', '', '微信管理软件,手机软件开发,手机APP开发,微信应用,微信商城,手机微商城,手机网站建设,企业建站,微网站建设', '', '', '什么是好的url？ 创建具有良好描述性、规范、简单的url，有利于用户更方便的记忆和判断网页的内容，也有利于搜索引擎更有效的抓取您的网站。网站设计之初，就应该有合理的url规划。我们建议：网站中同一网页，只对应一个url。如果网站上多种url都能访问同样的内容，会有如下危险：1、搜索引擎会选一种url为标准，可能会和正版不同（1）用户可能为同一网页的不', '什么是好的url？ 创建具有良好描述性、规范、简单的url，有利于用户更方便的记忆和判断网页的内容，也有利于搜索引擎更有效的抓取您的网站。网站设计之初，就应该有合理的url规划。', '', 0.00, 0.00, 0, 1404645564, 1404645910, 'article_read', '9', 'news/jishubaodao', 1),
(10, 'cn', 50, 2, 1, 16, '0', 0, 0, '', 1, 0, 1, 1, 0, 0, 0, 0, 0, '1', '', '企业建站：低价背后的真相', '', '', '', '', '', '微信管理软件,手机软件开发,手机APP开发,微信应用,微信商城,手机微商城,手机网站建设,企业建站,微网站建设', '', '', '许久没坐公交车，今天在刚上车，就听见公交车语音广告。“五百元建网站，×××网络公司，电话….”。心想这价格还降得真快啊，去年还是八百、一 千，今年就五百啦。网上更有1元，99元建网站的多不胜数。的确互联网发展太快了，门槛低了，是个人都会做网站。回想10年前，科班出身的程序员搞个网站 都搞1个月，还得配上美工。门槛低，恶性', '一个不能持续增长的企业是不可能提供良了服务的，ESPCMS坚持以合理的价格提供相关产品的服务，为企业提供最优质的产品和服务！', '', 0.00, 0.00, 1, 1404645621, 1404648139, 'article_read', '10', 'news/jishubaodao', 1),
(11, 'cn', 50, 2, 1, 16, '0', 0, 0, '', 1, 0, 1, 1, 0, 0, 0, 0, 0, '1', '', '易思ESPCMS建企业网站要做好安全防护', '', '', '', '', '', '微信管理软件,手机软件开发,手机APP开发,微信应用,微信商城,手机微商城,手机网站建设,企业建站,微网站建设', '', '', '1、防网页框架 这年头，流氓都没人管，或者说，有后台的流氓都没人管。于是各种各样形形色色的流氓遍地开花。借网摘之名，收流量之名，于是，你就被框框们框住了。 防网页框架对策 这年头，法律不保护你，只能自己保护自己。网页中写入如下代码即可防止被框。 ＜script type="text/javascript"＞if (top.location !== self.location) ＜/script＞ 2、防域名捆绑 国人眼中 .com 才是正牌域', '各种网络广告平台一多，不少人就采取这种最简单的建立网站的方式来悉数照搬其它网站了。防网站复制、采集策略一般盗取网站信息的服务器IP比较固定，知道它IP了，自由发挥吧，比如针对其IP访问的每个网页给它多包含一个N兆图像。或者干脆封掉其IP。', '', 0.00, 0.00, 0, 1404645716, 1404648074, 'article_read', '11', 'news/jishubaodao', 1),
(12, 'cn', 50, 2, 1, 16, '0', 0, 0, '', 1, 0, 1, 1, 0, 0, 0, 0, 0, '1', '', '企业网站建设为什么要选择ESPCMS企业网站管理系统', '', '', '', '', '', '', '', '', '开发简单的企业网站后台管理系统对于技术人员来说都不是难事，而且目前很多建站公司和个人都是使用自己开发的系统去构建企业网站，但是选择成熟的建站系统构建企业网站是建站行业发展的必然趋势，不是因为技术难度，而是因为行业积累和网站日后的维护和升级等。我们将从以下几个方面来阐述为什么要选择ESPCMS建站：1、日后维护需要：自行开发的系统由于开发人员', '开发简单的企业网站后台管理系统对于技术人员来说都不是难事，而且目前很多建站公司和个人都是使用自己开发的系统去构建企业网站，但是选择成熟的建站系统构建企业网站是建站行业发展的必然趋势，不是因为技术难度，而是因为行业积累和网站日后的维护和升级等。我们将从以下几个方面来阐述为什么要选择ESPCMS建站', '', 0.00, 0.00, 2, 1404645727, 1404645779, 'article_read', '12', 'news/jishubaodao', 1),
(13, 'cn', 50, 2, 1, 16, '0', 0, 0, '', 1, 0, 1, 1, 0, 0, 0, 0, 0, '2', '', 'ESPCMS建站随谈：如何建一个大气的企业网站', '', '', '尔创网联', 'EARCLINK.COM', 'upfile/2014-07-06_212546.jpg', '微信管理软件,手机软件开发,手机APP开发,微信应用,微信商城,手机微商城,手机网站建设,企业建站,微网站建设', '', '', '绝大多数的网站项目需求设计方案都有一个共通点：设计要求一定要“大气”。“大气”这个原本陌生的词汇渐渐占领了我的设计思路，有种盲从地被强奸的感觉。其实，说实话，如果你让现今的小企业来对你的设计做些要求的话，从专业角度出发，他们可能连一个起码的要求都提不出来。我也曾经试探性地问过一些客户最基本的设计上的需求。比如网站的基本色', '“大气”这个原本陌生的词汇渐渐占领了我的设计思路，有种盲从地被强奸的感觉。其实，说实话，如果你让现今的小企业来对你的设计做些要求的话，从专业角度出发，他们可能连一个起码的要求都提不出来。我也曾经试探性地问过一些客户最基本的设计上的需求。比如网站的基本色调之类的，往往得到的答复就是：你们看着办吧，什么颜色好看用什么颜色。这种对自身企业不负责任的回答，难免会在一定程度上影响到设计人员的设计方向。', '', 0.00, 0.00, 0, 1404645804, 1404653168, 'article_read', '13', 'news/jishubaodao', 1),
(14, 'cn', 50, 2, 1, 16, '0', 0, 0, '', 1, 0, 1, 1, 0, 0, 0, 0, 0, '1', '', '易思ESPCMS论手机网站建设的重要性！', '', '', '', '', '', '微信管理软件,手机软件开发,手机APP开发,微信应用,微信商城,手机微商城,手机网站建设,企业建站,微网站建设', '', '', '伴随着科技信息的的发展，个人智能手机越来越普及，已经成为人们生活必备的物品之一，手机遍布了各个阶层、各个年龄段，甚至世界的各个角落。传统网站不能通过手机访问，或者访问的效果体验度差，将损失企业的潜在客户和降低公司的形象，，如今手机上网已是一种时尚趋势，现在流行通过手机和电脑都能访问的手机网站，实现随时、随地、随身访问，让您的客户真', '伴随着科技信息的的发展，个人智能手机越来越普及，已经成为人们生活必备的物品之一，手机遍布了各个阶层、各个年龄段，甚至世界的各个角落。传统网站不能通过手机访问，或者访问的效果体验度差，将损失企业的潜在客户和降低公司的形象，，如今手机上网已是一种时尚趋势，现在流行通过手机和电脑都能访问的手机网站，实现随时、随地、随身访问，让您的客户真正实现随时随地找到您。手机网站被称为互联网的第二个机会，手机网站则被誉为企业的第二生命，所以，手指网站建设已经是企业发展不可缺少的一部分了。', '', 0.00, 0.00, 1, 1404645820, 1404648095, 'article_read', '14', 'news/jishubaodao', 1),
(15, 'cn', 50, 2, 1, 16, '0', 0, 0, '', 1, 0, 1, 1, 0, 0, 0, 0, 0, '1', '', '如何更好地促进当前的企业信息化建设', '', '', '', '', '', '微信管理软件,手机软件开发,手机APP开发,微信应用,微信商城,手机微商城,手机网站建设,企业建站,微网站建设', '', '', '如何更好地促进当前的企业信息化建设，最首要的一点就是要搞清楚，该企业搞信息化的范围究竟是什么。企业信息化是一个很广泛的概念，总的来说就是广泛利用信息技术，使企业在生产、管理等方面实现信息化。具体可以分为三个层次。1.企业在生产当中广泛运用电子信息技术，实现生产自动化。如生产设计自动化（CAD）、自动化控制、智能仪表、单板机的运用等等，凡', '', '', 0.00, 0.00, 1, 1404645847, 1404645888, 'article_read', '15', 'news/jishubaodao', 1),
(16, 'cn', 50, 2, 1, 11, '0', 0, 0, '', 1, 0, 1, 1, 0, 0, 0, 0, 0, '1', '', 'ESPCMS易思企业软件关于非商业行为使用声明', '', '', 'ESPCMS', 'ESPCMS.COM', '', '', '', '', '各位尊敬的ESPCMS用户，ESPCMS易思是一款大家喜爱的企业网站管理CMS，本着让更多人学习和了解ESPCMS易思网站管理系统的目的，我们一直提供了免费版供大家熟悉和学习使用。为了满足部分网页设计师或者企业者的需求，我们同时也推出了几款正式版软件授权，和许多建站公司、网页设计师和有需要网站的企业实现了共赢。但我们发现，有部分企业或个人未经本公司许可，将本', '为了满足部分网页设计师或者企业者的需求，我们同时也推出了几款正式版软件授权，和许多建站公司、网页设计师和有需要网站的企业实现了共赢。但我们发现，有部分企业或个人未经本公司许可，将本公司软件修改用于再次授经许可或商业建站，这是违反了软件授权协议的，也是我们公司坚持反对的。', '', 0.00, 0.00, 3, 1404645998, 1404646032, 'article_read', '16', 'news/gongsixinwen', 1),
(17, 'cn', 50, 2, 1, 11, '0', 0, 0, '', 1, 0, 1, 1, 0, 0, 0, 0, 0, '1', '', '感谢知道创宇SCANV和360为ESPCMS漏洞修复给予协助！', '', '', '', '', '', '', '', '', '知道创宇SCANV和360网站漏洞平台是国内知名的网站安全应用提供商，本站ESPCMS升级涉及到的众多漏洞均由SCANV和360等网站提供，所提供的漏洞为用户及ESPCMS的安全提供了重大保障。ESPCMS全体人员再次向你们表示感谢！ESPCMS一向重视用户安全及体验，希望国内各大安全应用团队为我们提供更多的帮助，我们也会积极对您所反馈的漏洞做出反应！本次涉及到的漏洞主要体现在以下', '知道创宇SCANV和360网站漏洞平台是国内知名的网站安全应用提供商，本站ESPCMS升级涉及到的众多漏洞均由SCANV和360等网站提供，所提供的漏洞为用户及ESPCMS的安全提供了重大保障。ESPCMS全体人员再次向你们表示感谢！', '', 0.00, 0.00, 1, 1404646033, 1404646171, 'article_read', '17', 'news/gongsixinwen', 1),
(18, 'cn', 50, 2, 1, 11, '0', 0, 0, '', 1, 0, 1, 1, 0, 0, 0, 0, 0, '1', '', '易思ESPCMS决胜移动互联网的新利器', '', '', '', '', '', '', '', '', '一股大潮正扑面而来。以苹果、安卓为代表的新一代移动终端呈爆发态势增长，使得移动互联网发展迎来井喷时代。&nbsp;移动互联网时代已经来临&nbsp;我国移动互联网市场的规模快速增长。中国互联网络信息中心(CNNIC)最新发布的《第30次中国互联网络发展状况统计报告》显示，手机以3.88亿的网民数量超过台式电脑的3.80亿，成为我国的第一大上网终端。而从艾瑞咨询统计数', '我国移动互联网市场的规模快速增长。中国互联网络信息中心(CNNIC)最新发布的《第30次中国互联网络发展状况统计报告》显示，手机以3.88亿的网民数量超过台式电脑的3.80亿，成为我国的第一大上网终端。而从艾瑞咨询统计数据可知，2012年第二季度中国网络经济整体规模达943.4亿元，同期移动互联网市场规模仅为126.5亿元。', '', 0.00, 0.00, 2, 1404646191, 1404646608, 'article_read', '18', 'news/gongsixinwen', 1),
(19, 'cn', 50, 2, 1, 11, '0', 0, 0, '', 1, 0, 1, 1, 0, 0, 0, 0, 0, '1', '', '微信应用开发商推荐ESPCMS软件扩展', '', '', 'ESPCMS', 'ECISP.CN', '', '', '', '', '微信也是一样，在微信发展的如火如荼的背后，微信第三方也早已经满地狼烟，微信超过6亿的用户为其营造了极大的商业氛围，微信自身会搞定一些大客户，那么剩下的自然是由微信的合作第三方来搞定。目前而言，微信开发技术并没有什么门槛，广大中小用户的微信开发需求让很多公司看到了这个机会，一时间蜂拥而进，微信第三方开发公司已经发展成了不小的市场规模，', '', '', 0.00, 0.00, 0, 1404646609, 1404647316, 'article_read', '19', 'news/gongsixinwen', 1),
(20, 'cn', 50, 2, 1, 11, '0', 0, 0, '', 1, 0, 1, 1, 0, 0, 0, 0, 0, '1', '', 'ESPCMS向移动开放平台又迈进了一大步：微信平台', '', '', '', '', '', '', '', '', '为了进一步提升用户体验，微信公众平台日前再次进行改版。新版本新增了开发者中心，并对超过164处细节进行了改进，整体呈现出扁平清新的视觉风格，在提供更为丰富的功能的同时，化繁为简，全面提升了平台的使用效率。此外，为便于企业或商家认知及申请微信支付功能，公众平台原&ldquo;商户功能&rdquo;更名为&ldquo;微信支付&rdquo;。更名后微信支付具体功能保持不变，仍', '', '', 0.00, 0.00, 2, 1404647316, 1404647498, 'article_read', '20', 'news/gongsixinwen', 1),
(21, 'cn', 50, 2, 1, 11, '0', 0, 0, '', 1, 0, 1, 1, 0, 0, 0, 0, 0, '2', '', 'ESPCMS不做第二只做第一', '', '', 'ESPCMS', 'ECISP.CN', 'upfile/2014-07-06_212135.jpg', '', '', '', 'ESPCMS自20005年被EARCLINK研发出来之后，就一直深受广大业内人士的喜爱和追捧。9年来的发展，就不仅赢得了国内首款权威软件的荣誉称号也得到了中国社会化媒体的大力支持，国内最全的社会化媒体平台——X传播平台的鼎力相助。ESPCMS以其严谨的企业态度，说到做到的决心以及立志做社会化营销的领跑者的敢为天下先的勇气和担当，奠定了其在业界的领导地位。据统计', 'ESPCMS自20005年被EARCLINK研发出来之后，就一直深受广大业内人士的喜爱和追捧。9年来的发展，就不仅赢得了国内首款权威软件的荣誉称号也得到了中国社会化媒体的大力支持，国内最全的社会化媒体平台——X传播平台的鼎力相助。ESPCMS以其严谨的企业态度，说到做到的决心以及立志做社会化营销的领跑者的敢为天下先的勇气和担当，奠定了其在业界的领导地位。', '', 0.00, 0.00, 5, 1404647539, 1404652941, 'article_read', '21', 'news/gongsixinwen', 1),
(22, 'cn', 50, 4, 1, 21, '0', 0, 0, '', 1, 0, 1, 0, 0, 0, 0, 0, 0, '', '', '活动运营专员', '', '', '', '', '', '', '', '', '职位名称：活动运营专员工作地点：北京职位类别：市场工作职责：1. 策划与制定小米社区各类线下活动方案；2. 协助外部联系；3. 协助发起与完成内部相关流程；4. 发起、审核及邀请活动参与名单；5. 协助撰写活动流程；6. 协助安排现场工作；8. 对活动效果进行反馈、数据分析及经验总结；工作要求：1. 有线下活动策划与组织的经验；2. 思维敏捷富有创造力，', '', '', 0.00, 0.00, 4, 1404648301, 1404648524, 'job_read', '22', 'job/shichangrencai', 1),
(23, 'cn', 50, 4, 1, 21, '0', 0, 0, '', 1, 0, 1, 0, 0, 0, 0, 0, 0, '', '', 'PHP程序员', '', '', '', '', '', '', '', '', '1、有团队精神、品行端正、沟通表达能力强、有上进心态和求知欲望；2、精通MYSQL数据库；了解使用Linux等系统；3、熟悉常见系统开发原理，如新闻、商城、论坛、人才网站等...4、有独立开发的作品优先；5、最少三年以上互联网编程经验；', '', '', 0.00, 0.00, 0, 1404648406, 1404648416, 'job_read', '23', 'job/shichangrencai', 1),
(24, 'cn', 50, 4, 1, 21, '0', 0, 0, '', 1, 0, 1, 0, 0, 0, 0, 0, 0, '', '', '网页设计师', '', '', '', '', '', '', '', '', '1、有团队精神、品行端正、沟通表达能力强、有上进心态和求知欲望；2、具有良好的创意设计能力，及良好的色彩感；3、能充分把握目标任务，理解设计的需求，准确表达创意概念；4、善于与人沟通，能清晰地表达作品内容，具有强烈的责任感和团队合作精神；5、传送简历时请附上个人设计作品（10个以上）；6、网页设计工作两年以上的经验，懂PHP基本知识的优先考虑', '', '', 0.00, 0.00, 0, 1404648423, 1404648432, 'job_read', '24', 'job/shichangrencai', 1),
(25, 'cn', 50, 6, 1, 24, '0', 0, 0, '', 1, 0, 1, 0, 0, 0, 0, 0, 0, '', '', 'EasySiteServer服务器集成环境', '', '', '', '', 'upfile/goods/is09ae266.jpg', '', '', '', '升级包版本：V1.0介绍：本软件使得APM改装，集成了最新版的Apache服务器，是您运行PHP环境的理想工具。说明：本软件为绿色软件，可能会出现360或其它杀毒软件拦截的情况出现，但本人保证，绝对没有使用任何盗取您隐私信息的脚本！EasySiteServer集成软件如下：Apache/2.0.58 (Win32) PHP/5.2.11MySQL 客户端版本: 5.0.51aphpMyAdmin3.2.0.1Zend Optimizer v3.3.3Zend Debugger v5.2.6EasySiteServer使用说', '本软件使得APM改装，集成了最新版的Apache服务器，是您运行PHP环境的理想工具。说明：本软件为绿色软件，可能会出现360或其它杀毒软件拦截的情况出现，但本人保证，绝对没有使用任何盗取您隐私信息的脚本！', '', 0.00, 0.00, 7, 1404648537, 1404668096, 'download_read', '25', 'download/qiyeshipin', 1),
(26, 'cn', 50, 2, 1, 27, '0', 0, 0, '', 1, 0, 1, 1, 0, 0, 0, 0, 0, '', '', 'ESPCMS易思运营版火热招商中', '', '', '', '', '', '', '', '', '2014ESPCMS易思V6版发布，启动招商合作洽谈。欢迎您来电咨询！招商咨询电话：0716-2209455QQ：6326420', '', '', 0.00, 0.00, 8, 1404652031, 1410236853, 'article_read', '26', 'merchants/zhaoshangdongtai', 1),
(27, 'cn', 50, 3, 1, 30, '0', 0, 0, '', 1, 0, 1, 1, 1, 0, 0, 0, 0, '3', 'SN20140706215345387', 'ESPCMS尊贵版本', '', '', '', '', 'upfile/goods/16-10008.png', '微信应用,微信商城,手机微商城,手机网站建设,企业建站,微网站建设,酒店建站', '', '', '众多付费用户的首选企业CMS！ESPCMS注重加强对授权用户的支持，以便您得到更加全面的服务！我们还对授权用户提供服务跟踪、在线一对一的远程指导、特定版本还有精美的商业模板!尊贵版本提供的服务如下：提供白银级服务1年绑定1个授权域名软件终生使用当前版本终生免费升级强制版权允许去除系统功能无限制不限商业用途无广告推送支持移动终端功能任选商业', '提供白银级服务1年绑定1个授权域名软件终生使用当前版本终生免费升级强制版权允许去除系统功能无限制不限商业用途无广告推送支持移动终端功能任选商业模板1套（选择模板）适合单个网站使用', '', 11280.00, 11280.00, 26, 1404654825, 1410251552, 'goods_read', '27', 'products/jianzhanchanpin', 1),
(28, 'cn', 50, 3, 1, 30, '0', 0, 0, '', 1, 0, 1, 1, 1, 0, 0, 0, 0, '3', 'SN20140706215345387', 'ESPCMS托管版本', '', '', '', '', 'upfile/goods/16-10002.jpg', '企业CMS,ESPCMS企业建站', '', '', '众多付费用户的首选企业CMS！ESPCMS注重加强对授权用户的支持，以便您得到更加全面的服务！我们还对授权用户提供服务跟踪、在线一对一的远程指导、特定版本还有精美的商业模板!尊贵版本提供的服务如下：提供白银级服务1年绑定1个授权域名软件终生使用当前版本终生免费升级强制版权允许去除系统功能无限制不限商业用途无广告推送支持移动终端功能任选商业', '提供白银级服务1年绑定1个授权域名软件终生使用当前版本终生免费升级强制版权允许去除系统功能无限制不限商业用途无广告推送支持移动终端功能任选商业模板1套（选择模板）适合单个网站使用', '', 11880.00, 11880.00, 28, 1404654825, 1410250070, 'goods_read', '28', 'products/jianzhanchanpin', 1),
(29, 'cn', 50, 3, 1, 30, '0', 0, 0, '', 1, 0, 1, 1, 1, 0, 0, 0, 0, '3', 'SN20140706215345387', 'ESPCMS运营版本', '', '', '', '', 'upfile/goods/16-10009.png', '', '', '', '众多付费用户的首选企业CMS！ESPCMS注重加强对授权用户的支持，以便您得到更加全面的服务！我们还对授权用户提供服务跟踪、在线一对一的远程指导、特定版本还有精美的商业模板!尊贵版本提供的服务如下：提供白银级服务1年绑定1个授权域名软件终生使用当前版本终生免费升级强制版权允许去除系统功能无限制不限商业用途无广告推送支持移动终端功能任选商业', '提供白银级服务1年绑定1个授权域名软件终生使用当前版本终生免费升级强制版权允许去除系统功能无限制不限商业用途无广告推送支持移动终端功能任选商业模板1套（选择模板）适合单个网站使用', '', 9800.00, 9800.00, 28, 1404654825, 1404657375, 'goods_read', '29', 'products/jianzhanchanpin', 1),
(30, 'cn', 50, 3, 1, 30, '0', 0, 0, '', 1, 0, 1, 1, 1, 0, 0, 0, 0, '3', 'SN20140706215345387', 'ESPCMS开发版', '', '', '', '', 'upfile/goods/16-10004.jpg', '微信应用,微信商城,手机微商城,手机网站建设,企业建站,微网站建设,酒店建站', '', '', '众多付费用户的首选企业CMS！ESPCMS注重加强对授权用户的支持，以便您得到更加全面的服务！我们还对授权用户提供服务跟踪、在线一对一的远程指导、特定版本还有精美的商业模板!尊贵版本提供的服务如下：提供白银级服务1年绑定1个授权域名软件终生使用当前版本终生免费升级强制版权允许去除系统功能无限制不限商业用途无广告推送支持移动终端功能任选商业', '提供白银级服务1年绑定1个授权域名软件终生使用当前版本终生免费升级强制版权允许去除系统功能无限制不限商业用途无广告推送支持移动终端功能任选商业模板1套（选择模板）适合单个网站使用', '', 16800.00, 16800.00, 29, 1404654825, 1404659636, 'goods_read', '30', 'products/jianzhanchanpin', 1),
(31, 'cn', 50, 3, 1, 31, '0', 0, 0, '', 1, 0, 1, 1, 1, 0, 0, 0, 0, '4', 'SN20140706223911371', 'ESPCMS手机网站开发', '', '', '', '', 'upfile/goods/16-10220.png', '微信应用,微信商城,手机微商城,手机网站建设,企业建站,微网站建设,酒店建站', '', '', '手机建站，是指用WML（无线标记语言）编写的专门用于手机浏览的网站，通常以文字信息和简单的图片信息为主。实际上随着向手机智能化方向发展，安装了操作系统和浏览器的手机的功能和电脑是很相似的（这种智能手机也就是“口袋个人电脑”PPC），使用这种手机可以通过GPRS上网可浏览几乎所有的网站。主要针对一些大型公司企业，个性化、技术性要求比较复杂的', '手机建站，是指用WML（无线标记语言）编写的专门用于手机浏览的网站，通常以文字信息和简单的图片信息为主。实际上随着向手机智能化方向发展，安装了操作系统和浏览器的手机的功能和电脑是很相似的（这种智能手机也就是“口袋个人电脑”PPC），使用这种手机可以通过GPRS上网可浏览几乎所有的网站。', '', 0.00, 0.00, 6, 1404657551, 1404662435, 'goods_read', '31', 'products/shoujiapp', 1),
(32, 'cn', 50, 3, 1, 32, '0', 0, 0, '', 1, 0, 1, 1, 1, 0, 0, 0, 0, '4,3', 'SN20140706224818605', 'ESPCMS微信应用开发', '', '', '', '', 'upfile/goods/wxlogotu1.jpg', '微信应用,微信商城,手机微商城,手机网站建设,企业建站,微网站建设,酒店建站', '', '', '微信应用是腾讯公司于2011年1月21日推出的一款通过网络快速发送语音短信、视频、图片和文字，支持多人群聊的手机聊天软件。用户可以通过微信与好友进行形式上更加丰富的类似于短信、彩信等方式的联系。一、增加客户；销售业绩与客户数量成正比，使用微信应用[2] ，企业可以在营销活动和销售过程中不断获得客户。二、提升业绩；使用微信应用，企业可以与所有客户', '微信应用是腾讯公司于2011年1月21日推出的一款通过网络快速发送语音短信、视频、图片和文字，支持多人群聊的手机聊天软件。用户可以通过微信与好友进行形式上更加丰富的类似于短信、彩信等方式的联系。', '', 5000.00, 5000.00, 2, 1404658098, 1404662458, 'goods_read', '32', 'products/weixinyingyong', 1),
(33, 'cn', 50, 3, 1, 19, '0', 0, 0, '', 1, 0, 1, 1, 1, 0, 0, 0, 0, '', 'SN20140706225618135', '中小企业建站解决方案', '', '', '', '', 'upfile/goods/is09ae266.jpg', '手机软件开发,手机APP开发,微信应用,微信商城,手机微商城,手机网站建设,企业建站,微网站建设', '', '', 'ESPCMS中小企业建站,中小企业网站解决方案是以域名注册和虚拟主机服务为主，应企业不同需求配以主页制作，留言版，网站推广，电子商务平台等系统产品的服务。其特点是投资比较小，见效快，快速有效地帮助企业迈出电子商务第一步！', '目前国内的中小企业数量已经有几千万家，但信息化建设却并不理想，拥有网站的只有不超过两百万家，数以千万计的中小企业存在电子商务需求，却没有自己独立的网站。现在，越来越多的企业意识到通过建立网站开展电子商务的重要性，和迫切性，但苦于不懂建站相关的技术，今天月光博客就介绍一些关于企业建站的基础性常识和资源，包括域名注册、虚拟主机、企业邮箱、建站工具、网络营销、应用托管等，供中小企业、电子商务服务公司等企业参考。', '', 3500.00, 3500.00, 2, 1404658578, 1410251546, 'goods_read', '33', 'products/jiejuefangan', 1),
(34, 'cn', 50, 3, 1, 19, '0', 0, 0, '', 1, 0, 1, 1, 1, 0, 0, 0, 0, '', 'SN20140706225804689', '学校教育机构建站方案', '', '', '', '', 'upfile/goods/2014-07-06_230019.jpg', '微信应用,微信商城,手机微商城,手机网站建设,企业建站,微网站建设', '', '', 'ESPCMS学校教育机构建站方案在互联网络高速发展的今天，网站正成为学校及教育机构进行形象展示、信息发布、业务拓展、客户服务、内部沟通的重要阵地，她不但具有快捷、无距离及随时随地均可更新的特性，更能提供一些互动性的功能，如留言板、会员制、讨论区等等，使得网站充满生气，让人倍感亲切。方案详述在互联网络高速发展的今天，网站正成为学校、公司、企', '在互联网络高速发展的今天，网站正成为学校及教育机构进行形象展示、信息发布、业务拓展、客户服务、内部沟通的重要阵地，她不但具有快捷、无距离及随时随地均可更新的特性，更能提供一些互动性的功能，如留言板、会员制、讨论区等等，使得网站充满生气，让人倍感亲切。', '', 8800.00, 8800.00, 1, 1404658684, 1404659776, 'goods_read', '34', 'products/jiejuefangan', 1),
(35, 'cn', 50, 3, 1, 19, '0', 0, 0, '', 1, 0, 1, 1, 1, 0, 0, 0, 0, '', 'SN20140706230230846', '医院卫生机构网站解决方案', '', '', '', '', 'upfile/goods/2014-07-06_230344.jpg', '微信应用,微信商城,手机微商城,手机网站建设,企业建站,微网站建设', '', '', 'ESPCMS医院网站解决方案：是为大中型医疗单位、卫生机构实施信息化建设所提供的门户网站整体解决方案。解决方案目标之一是建立展示医院形象和优势医疗服务的医院门户网站系统；之二在于建立医生、患者、医疗同行之间的沟通互动和信息共享，实现信息发布、在线咨询、专家预约、健康知识等核心服务体系。通过提供多样化的网络医疗应用服务和运营支持，塑造良好的', 'ESPCMS医院网站解决方案：是为大中型医疗单位、卫生机构实施信息化建设所提供的门户网站整体解决方案。解决方案目标之一是建立展示医院形象和优势医疗服务的医院门户网站系统；之二在于建立医生、患者、医疗同行之间的沟通互动和信息共享，实现信息发布、在线咨询、专家预约、健康知识等核心服务体系。通过提供多样化的网络医疗应用服务和运营支持，塑造良好的医院整体形象，建立医院的网络医疗服务平台。', '', 12800.00, 12800.00, 3, 1404658950, 1404659800, 'goods_read', '35', 'products/jiejuefangan', 1),
(36, 'cn', 50, 3, 1, 19, '0', 0, 0, '', 1, 0, 1, 1, 1, 0, 0, 0, 0, '3,4', 'SN20140706230508718', '酒店行业网站解决方案', '', '', '', '', 'upfile/goods/2014-07-06_230939.jpg', '微信应用,微信商城,手机微商城,手机网站建设,企业建站,微网站建设,酒店建站', '', '', 'ESPCMS酒店行业网站解决方案,随着互联网的迅速普及，酒店电子商务应运而生，网络营销，网上预订….互联网的世界里蕴藏无限商机。作为互联网企业的我们，ESPCMS拥有专业的酒店网站建设设计队伍及维护人员，我们将根据贵酒店的具体情况及需要度身定做一个酒店商务网站，助您充分利用国际互联网上的信息资源，服务酒店客人。同时，根据我们运营中国旅游信息港的行业经', '随着互联网的迅速普及，酒店电子商务应运而生，网络营销，网上预订….互联网的世界里蕴藏无限商机。作为互联网企业的我们，ESPCMS拥有专业的酒店网站建设设计队伍及维护人员，我们将根据贵酒店的具体情况及需要度身定做一个酒店商务网站，助您充分利用国际互联网上的信息资源，服务酒店客人。', '', 15000.00, 15000.00, 6, 1404659108, 1404659767, 'goods_read', '36', 'products/jiejuefangan', 1),
(37, 'en', 50, 1, 1, 44, '0', 0, 0, '', 1, 0, 1, 0, 0, 0, 0, 0, 1, '', '', 'About Us', 'About Us', '', '', '', '', '', '', '', '', '', '', 0.00, 0.00, 27, 1404663783, 1410249736, 'base_read', 'index', 'aboutus', 1),
(38, 'en', 50, 1, 1, 49, '0', 0, 0, '', 1, 0, 1, 0, 0, 0, 0, 0, 1, '', '', 'Service &amp; Technical', 'Service &amp; Technical', '', '', '', '', '', '', '', '', '', '', 0.00, 0.00, 10, 1404663959, 1404668127, 'base_read', 'index', 'servicetechnical', 1),
(39, 'en', 50, 1, 1, 50, '0', 0, 0, '', 1, 0, 1, 0, 0, 0, 0, 0, 1, '', '', 'Company', 'Company', '', '', '', '', '', '', '', '', 'The first Micro message + mobile phone APP+ micro website + mobile phone SMS + multi language website fullcombination of enterprise marketing management platform, the development to the combined PHP and MYSQL gold,can run stably in the host and the mainstream of the server space, powerful function and mainstream support, sitemanagement platform a stable economy, security for the enterprise.', '', 0.00, 0.00, 7, 1404664922, 1410249610, 'base_read', 'index', 'aboutus/company', 1),
(40, 'en', 50, 1, 1, 51, '0', 0, 0, '', 1, 0, 1, 0, 0, 0, 0, 0, 1, '', '', 'Our Team', 'Our Team', '', '', '', '', '', '', '', '', '', '', 0.00, 0.00, 2, 1404664945, 1404664945, 'base_read', 'index', '', 0),
(41, 'en', 50, 1, 1, 52, '0', 0, 0, '', 1, 0, 1, 0, 0, 0, 0, 0, 1, '', '', 'Contacts us', 'Contacts us', '', '', '', '', '', '', '', '', '', '', 0.00, 0.00, 2, 1404664971, 1404664971, 'base_read', 'index', '', 0),
(42, 'en', 50, 1, 1, 59, '0', 0, 0, '', 1, 0, 1, 0, 0, 0, 0, 0, 1, '', '', 'Employee directory', 'Employee directory', '', '', '', '', '', '', '', '', '', '', 0.00, 0.00, 3, 1404665253, 1404667430, 'base_read', 'index', 'aboutus/employeedirectory', 1),
(43, 'en', 50, 6, 1, 62, '0', 0, 0, '', 1, 0, 1, 0, 0, 0, 0, 0, 0, '', '', 'Gallery Plugin', '', '', '', '', 'upfile/goods/is09ae266.jpg', '', '', '', 'Phoca Gallery Plugin is a Joomla! 1.5 plugin to show categories or images of Phoca Gallery in an article content. For easier aadding of images into article you can use Phoca Gallery Button Plugin.', 'Phoca Gallery Plugin is a Joomla! 1.5 plugin to show categories or images of Phoca Gallery in an article content. For easier aadding of images into article you can use Phoca Gallery Button Plugin.', '', 0.00, 0.00, 1, 1404668050, 1404668076, 'download_read', '43', 'download/plugins', 1),
(44, 'en', 50, 2, 1, 53, '0', 0, 0, '', 1, 0, 1, 1, 0, 0, 0, 0, 0, '5', '', 'ESPCMS easy enterprise software on non business use statement', '', '', 'ESPCMS', 'ESPCMS.COM', '', '', '', '', '', 'Dear ESPCMS users, ESPCMS easy is the enterprise web site management CMS is a popular, according to let more people learn ESPCMS easy website management system, we have provided free for everyone to know and learn to use.', '', 0.00, 0.00, 0, 1404645998, 1404669841, 'article_read', '16', 'news/companynews', 1),
(45, 'en', 50, 2, 1, 53, '0', 0, 0, '', 1, 0, 1, 1, 0, 0, 0, 0, 0, '5', '', 'Thank you know Chong Yu SCANV and 360 for ESPCMS vulnerabilities repair assistance!', '', '', '', '', '', '', '', '', '', 'Know Chong Yu SCANV and 360 site vulnerability platform website security application provider is well-known, the ESPCMS upgrade many loopholes involved were provided by SCANV and 360 such sites, the holes provided significant protection for the user and the ESPCMS security. ESPCMS all the staff thank you again!', '', 0.00, 0.00, 0, 1404646033, 1404669824, 'article_read', '17', 'news/companynews', 1),
(46, 'en', 50, 2, 1, 53, '0', 0, 0, '', 1, 0, 1, 1, 0, 0, 0, 0, 0, '5', '', 'Easy to think ESPCMS runoff mobile Internet new tool', '', '', '', '', '', '', '', '', '', 'A spring tide is coming. With apple, android as the representative of the new generation of mobile terminal was the outbreak situation of growth, the development of mobile Internet in blowout era.', '', 0.00, 0.00, 0, 1404646191, 1404669806, 'article_read', '18', 'news/companynews', 1),
(47, 'en', 50, 2, 1, 53, '0', 0, 0, '', 1, 0, 1, 1, 0, 0, 0, 0, 0, '5', '', 'Micro message application developers recommend ESPCMS software extensions', '', '', 'ESPCMS', 'ECISP.CN', '', '', '', '', '', '', '', 0.00, 0.00, 0, 1404646609, 1404669783, 'article_read', '19', 'news/companynews', 1),
(48, 'en', 50, 2, 1, 53, '0', 0, 0, '', 1, 0, 1, 1, 0, 0, 0, 0, 0, '5', '', 'ESPCMS open to the mobile platform and a major step forward: micro letter platform', '', '', '', '', '', '', '', '', '', '', '', 0.00, 0.00, 0, 1404647316, 1404669765, 'article_read', '20', 'news/companynews', 1),
(49, 'en', 50, 2, 1, 53, '0', 0, 0, '', 1, 0, 1, 1, 0, 0, 0, 0, 0, '6', '', 'ESPCMS don''t do the first two', '', '', 'ESPCMS', 'ECISP.CN', 'upfile/2014-07-06_212135.jpg', '', '', '', '', 'After the ESPCMS since 20005, EARCLINK developed, has been well received by the industry and favorite pursuit. 9 years of development, it not only won the first authoritative software titles of honor has also received strong support from social media China', '', 0.00, 0.00, 0, 1404647539, 1404669744, 'article_read', '21', 'news/companynews', 1),
(50, 'en', 50, 2, 1, 54, '0', 0, 0, '', 1, 0, 1, 1, 0, 0, 0, 0, 0, '5', '', 'How ESPCMS firm land website URL optimization', '', '', '', '', '', '', '', '', '', 'Create a good descriptive, normative, simple URL, to help the user more convenient memory and judgment Webpage content, but also conducive to the search engines crawl your site more effective. Website design at the beginning, you should have a reasonable planning url.', '', 0.00, 0.00, 0, 1404645564, 1404669724, 'article_read', '9', 'news/technologynews', 1),
(51, 'en', 50, 2, 1, 54, '0', 0, 0, '', 1, 0, 1, 1, 0, 0, 0, 0, 0, '5', '', 'The truth behind the corporate site: low price', '', '', '', '', '', '', '', '', '', 'For a long time not to take the bus, today in just on the train, he heard the voice bus advertising. &amp;quot;Five hundred yuan to build a website, * * * company network, telephone... &amp;quot;. I thought this price also dropped so fast, last year was eight hundred, one thousand', '', 0.00, 0.00, 0, 1404645621, 1404669704, 'article_read', '10', 'news/technologynews', 1),
(52, 'en', 50, 2, 1, 54, '0', 0, 0, '', 1, 0, 1, 1, 0, 0, 0, 0, 0, '5', '', 'Easy ESPCMS building enterprise website to safe protection', '', '', '', '', '', '', '', '', '', '各种网络广告平台一多，不少人就采取这种最简单的建立网站的方式来悉数照搬其它网站了。防网站复制、采集策略一般盗取网站信息的服务器IP比较固定，知道它IP了，自由发挥吧，比如针对其IP访问的每个网页给它多包含一个N兆图像。或者干脆封掉其IP。', '', 0.00, 0.00, 0, 1404645716, 1404669683, 'article_read', '11', 'news/technologynews', 1),
(53, 'en', 50, 2, 1, 54, '0', 0, 0, '', 1, 0, 1, 1, 0, 0, 0, 0, 0, '5', '', 'The enterprise website construction why choose ESPCMS enterprise website management system', '', '', '', '', '', '', '', '', '', 'The development of simple corporate website background management system for the technical personnel is not easy, and many construction companies and individuals are system using their development to build enterprise website', '', 0.00, 0.00, 0, 1404645727, 1404669669, 'article_read', '12', 'news/technologynews', 1),
(54, 'en', 50, 2, 1, 54, '0', 0, 0, '', 1, 0, 1, 1, 0, 0, 0, 0, 0, '6', '', 'ESPCMS site with talk about: how to build an atmosphere of enterprise web site', '', '', '尔创网联', 'EARCLINK.COM', 'upfile/2014-07-06_212546.jpg', '', '', '', '', 'Most web project requirements, design all have one thing in common: the design requirements must &amp;quot;atmosphere&amp;quot;.', '', 0.00, 0.00, 0, 1404645804, 1404669641, 'article_read', '13', 'news/technologynews', 1),
(55, 'en', 50, 2, 1, 54, '0', 0, 0, '', 1, 0, 1, 1, 0, 0, 0, 0, 0, '5', '', 'The importance of the construction of theory of yi thought ESPCMS mobile site!', '', '', '', '', '', '', '', '', '', 'With the development of science and technology information, the individual becomes more and more popular smartphone, has become one of indispensable items in people''s life, mobile throughout all levels and all ages, even every corner of the world.Traditional web site cannot be accessed through the phone, or visit the effect of experience', '', 0.00, 0.00, 0, 1404645820, 1404669362, 'article_read', '14', 'news/technologynews', 1),
(56, 'en', 50, 2, 1, 54, '0', 0, 0, '', 1, 0, 1, 1, 0, 0, 0, 0, 0, '5', '', 'How to better promote the construction of the current enterprise information', '', '', '', '', '', '', '', '', '', 'How to better promote the current enterprise information construction, the first thing is to find out, what is the scope of the enterprise to get information.Enterprise informatization is a very broad concept, on the whole is the extensive use of information technology, make the enterprise informatization in production, management, etc.The concrete can be divided into three levels.', '', 0.00, 0.00, 0, 1404645847, 1404669317, 'article_read', '15', 'news/technologynews', 1),
(57, 'en', 50, 3, 1, 55, '0', 0, 0, '', 1, 0, 1, 1, 1, 0, 0, 0, 0, '', 'SN20140706215345387', 'ESPCMS noble version', '', '', '', '', 'upfile/goods/16-10008.png', '', '', '', '', 'Silver service binding 1 year 1 authorized domain software lifetime use current version lifetime free upgrades forced copyright allows unlimited unlimited commercial purposes without removing system function AD push support functions of mobile terminal 1 set of optional business template (template) suitable for a single web site', '', 1280.00, 1280.00, 0, 1404654825, 1404669256, 'goods_read', '27', 'products/sitecms', 1),
(58, 'en', 50, 3, 1, 55, '0', 0, 0, '', 1, 0, 1, 1, 1, 0, 0, 0, 0, '', 'SN20140706215345387', 'ESPCMS hosted version', '', '', '', '', 'upfile/goods/16-10002.jpg', '', '', '', '', 'Silver service binding 1 year 1 authorized domain software lifetime use current version lifetime free upgrades forced copyright allows unlimited unlimited commercial purposes without removing system function AD push support functions of mobile terminal 1 set of optional business template (template) suitable for a single web site', '', 1880.00, 1880.00, 0, 1404654825, 1404669241, 'goods_read', '28', 'products/sitecms', 1),
(59, 'en', 50, 3, 1, 55, '0', 0, 0, '', 1, 0, 1, 1, 1, 0, 0, 0, 0, '', 'SN20140706215345387', 'ESPCMS operational version', '', '', '', '', 'upfile/goods/16-10009.png', '', '', '', '', 'Silver service binding 1 year 1 authorized domain software lifetime use current version lifetime free upgrades forced copyright allows unlimited unlimited commercial purposes without removing system function AD push support functions of mobile terminal 1 set of optional business template (template) suitable for a single web site', '', 9800.00, 9800.00, 0, 1404654825, 1404669227, 'goods_read', '29', 'products/sitecms', 1),
(60, 'en', 50, 3, 1, 55, '0', 0, 0, '', 1, 0, 1, 1, 1, 0, 0, 0, 0, '', 'SN20140706215345387', 'ESPCMS development version', '', '', '', '', 'upfile/goods/16-10004.jpg', '', '', '', '', 'Silver service binding 1 year 1 authorized domain software lifetime use current version lifetime free upgrades forced copyright allows unlimited unlimited commercial purposes without removing system function AD push support functions of mobile terminal 1 set of optional business template (template) suitable for a single web site', '', 16800.00, 16800.00, 0, 1404654825, 1404669210, 'goods_read', '30', 'products/sitecms', 1),
(61, 'en', 50, 3, 1, 56, '0', 0, 0, '', 1, 0, 1, 1, 1, 0, 0, 0, 0, '', 'SN20140706225618135', 'Small and medium-sized enterprise website building solutions', '', '', '', '', 'upfile/goods/is09ae266.jpg', '', '', '', '', 'The number of small and medium-sized enterprises at present domestic has thousands of thousands, but information construction is not ideal, has the website no more than two hundred, tens of millions of small and medium-sized enterprise electronic commerce demand, do not have their own independent website.Now, more and more enterprises realized the importance of conducting e-commerce, through building a website and urgency, but don''t understand the website related technologies, the moonlight blog today will introduce some basic common sense about the establishment of the enterprises and resources, including domain name registration, virtual host, corporate mail, website building tools, network marketing, application hosting, etc., for small and medium-sized enterprises (smes), electronic business service companies such as reference.', '', 3500.00, 3500.00, 0, 1404658578, 1404669192, 'goods_read', '33', 'products/solution', 1),
(62, 'en', 50, 3, 1, 56, '0', 0, 0, '', 1, 0, 1, 1, 1, 0, 0, 0, 0, '', 'SN20140706225804689', 'School education institution site plan', '', '', '', '', 'upfile/goods/2014-07-06_230019.jpg', '', '', '', '', 'In the Internet rapid development today, the website is becoming a school and education institutions for image display, information release, business development, customer service, internal communication an important position, she not only has no distance, speed and can be updated anytime and anywhere, can provide some more interactive features, such as message boards, membership, discussion boards, etc., makes the website alive, let a person feel hospitable.', '', 8800.00, 8800.00, 0, 1404658684, 1404669173, 'goods_read', '34', 'products/solution', 1),
(63, 'en', 50, 3, 1, 56, '0', 0, 0, '', 1, 0, 1, 1, 1, 0, 0, 0, 0, '', 'SN20140706230230846', 'Hospital health agency website solution', '', '', '', '', 'upfile/goods/2014-07-06_230344.jpg', '', '', '', '', 'Solution: ESPCMS hospital website is for large and medium-sized medical institutions, health institutions to implement informatization construction portal provided by the overall solution.Solution to one of the goals is to build a show the image of the hospital and medical service hospital portal system;Second is to establish the communication between doctors, patients, medical field interaction and information sharing, information release, online consultation, expert appointment core service system, health knowledge and so on.Medical applications by providing a variety of network services and operational support, shaping good hospital overall image, set up the network medical service platform of the hospital.', '', 12800.00, 12800.00, 1, 1404658950, 1404669144, 'goods_read', '35', 'products/solution', 1),
(64, 'en', 50, 3, 1, 56, '0', 0, 0, '', 1, 0, 1, 1, 1, 0, 0, 0, 0, '', 'SN20140706230508718', 'The hotel industry website solution', '', '', '', '', 'upfile/goods/2014-07-06_230939.jpg', '', '', '', '', 'With the rapid popularization of Internet, the hotel e-commerce arises at the historic moment, the network marketing, online booking...World. The Internet offers unlimited business opportunities.As our Internet companies, hotel website construction ESPCMS have professional design team and the maintenance personnel, we will according to the details of your hotel and a hotel need tailor-made e-commerce site, to help you take full advantage of the Internet information resources, service hotel guests.', '', 15000.00, 15000.00, 2, 1404659108, 1404669116, 'goods_read', '36', 'products/solution', 1);


INSERT INTO `esp_document_album` (`daid`, `did`, `picname`, `filedes`, `picfile`, `addtime`) VALUES
(157, 32, '', '', 'upfile/goods/16-10007.png', 1404662458),
(123, 27, '', '', 'upfile/goods/16-10006.png', 1404659649),
(122, 27, '', '', 'upfile/goods/16-10007.png', 1404659649),
(130, 28, '', '', 'upfile/goods/16-10004.jpg', 1404659659),
(129, 28, '', '', 'upfile/goods/16-10005.jpg', 1404659659),
(84, 29, '', '', 'upfile/goods/16-10004.jpg', 1404657375),
(128, 28, '', '', 'upfile/goods/16-10001.jpg', 1404659659),
(127, 28, '', '', 'upfile/goods/16-10006.png', 1404659659),
(126, 28, '', '', 'upfile/goods/16-10007.png', 1404659659),
(125, 28, '', '', 'upfile/goods/16-10002.jpg', 1404659659),
(124, 28, '', '', 'upfile/goods/16-10010.png', 1404659659),
(121, 27, '', '', 'upfile/goods/16-10008.png', 1404659649),
(120, 27, '', '', 'upfile/goods/16-10003.jpg', 1404659649),
(119, 27, '', '', 'upfile/goods/16-10010.png', 1404659649),
(83, 29, '', '', 'upfile/goods/16-10005.jpg', 1404657375),
(82, 29, '', '', 'upfile/goods/16-10001.jpg', 1404657375),
(81, 29, '', '', 'upfile/goods/16-10006.png', 1404657375),
(80, 29, '', '', 'upfile/goods/16-10007.png', 1404657375),
(79, 29, '', '', 'upfile/goods/16-10002.jpg', 1404657375),
(78, 29, '', '', 'upfile/goods/16-10010.png', 1404657375),
(118, 30, '', '', 'upfile/goods/16-10004.jpg', 1404659636),
(117, 30, '', '', 'upfile/goods/16-10005.jpg', 1404659636),
(116, 30, '', '', 'upfile/goods/16-10001.jpg', 1404659636),
(115, 30, '', '', 'upfile/goods/16-10006.png', 1404659636),
(114, 30, '', '', 'upfile/goods/16-10007.png', 1404659636),
(113, 30, '', '', 'upfile/goods/16-10002.jpg', 1404659636),
(112, 30, '', '', 'upfile/goods/16-10010.png', 1404659636),
(156, 31, '', '', 'upfile/goods/16-10006.png', 1404662435),
(155, 31, '', '', 'upfile/goods/16-10007.png', 1404662435),
(154, 31, '', '', 'upfile/goods/16-10010.png', 1404662435),
(131, 36, '', '', 'upfile/goods/2014-07-06_230344.jpg', 1404659767),
(132, 36, '', '', 'upfile/goods/16-10006.png', 1404659767),
(133, 36, '', '', 'upfile/goods/16-10009.png', 1404659767),
(134, 34, '', '', 'upfile/goods/wxlogotu1.jpg', 1404659776),
(135, 34, '', '', 'upfile/goods/16-12110.png', 1404659776),
(136, 34, '', '', 'upfile/goods/16-10008.png', 1404659776),
(137, 34, '', '', 'upfile/goods/16-10220.png', 1404659776),
(138, 35, '', '', 'upfile/goods/16-10001.jpg', 1404659800),
(139, 35, '', '', 'upfile/goods/16-10005.jpg', 1404659800),
(140, 35, '', '', 'upfile/goods/16-10006.png', 1404659800),
(141, 35, '', '', 'upfile/goods/16-10007.png', 1404659800),
(142, 33, '', '', 'upfile/goods/16-10003.jpg', 1404659814),
(143, 33, '', '', 'upfile/goods/16-10010.png', 1404659814),
(144, 33, '', '', 'upfile/goods/16-10002.jpg', 1404659814),
(145, 33, '', '', 'upfile/goods/16-10009.png', 1404659814),
(158, 32, '', '', 'upfile/goods/16-10006.png', 1404662458),
(159, 32, '', '', 'upfile/goods/16-10001.jpg', 1404662458),
(160, 32, '', '', 'upfile/goods/16-10005.jpg', 1404662458),
(161, 32, '', '', 'upfile/goods/16-10004.jpg', 1404662458),
(243, 57, '', '', 'upfile/goods/16-10010.png', 1404669256),
(242, 57, '', '', 'upfile/goods/16-10003.jpg', 1404669256),
(241, 57, '', '', 'upfile/goods/16-10008.png', 1404669256),
(240, 57, '', '', 'upfile/goods/16-10007.png', 1404669256),
(239, 57, '', '', 'upfile/goods/16-10006.png', 1404669256),
(238, 58, '', '', 'upfile/goods/16-10010.png', 1404669241),
(237, 58, '', '', 'upfile/goods/16-10002.jpg', 1404669241),
(236, 58, '', '', 'upfile/goods/16-10007.png', 1404669241),
(235, 58, '', '', 'upfile/goods/16-10006.png', 1404669241),
(234, 58, '', '', 'upfile/goods/16-10001.jpg', 1404669241),
(233, 58, '', '', 'upfile/goods/16-10005.jpg', 1404669241),
(232, 58, '', '', 'upfile/goods/16-10004.jpg', 1404669241),
(231, 59, '', '', 'upfile/goods/16-10010.png', 1404669227),
(230, 59, '', '', 'upfile/goods/16-10002.jpg', 1404669227),
(229, 59, '', '', 'upfile/goods/16-10007.png', 1404669227),
(228, 59, '', '', 'upfile/goods/16-10006.png', 1404669227),
(227, 59, '', '', 'upfile/goods/16-10001.jpg', 1404669227),
(226, 59, '', '', 'upfile/goods/16-10005.jpg', 1404669227),
(225, 59, '', '', 'upfile/goods/16-10004.jpg', 1404669227),
(224, 60, '', '', 'upfile/goods/16-10010.png', 1404669210),
(223, 60, '', '', 'upfile/goods/16-10002.jpg', 1404669210),
(222, 60, '', '', 'upfile/goods/16-10007.png', 1404669210),
(221, 60, '', '', 'upfile/goods/16-10006.png', 1404669210),
(220, 60, '', '', 'upfile/goods/16-10001.jpg', 1404669210),
(219, 60, '', '', 'upfile/goods/16-10005.jpg', 1404669210),
(218, 60, '', '', 'upfile/goods/16-10004.jpg', 1404669210),
(217, 61, '', '', 'upfile/goods/16-10009.png', 1404669192),
(216, 61, '', '', 'upfile/goods/16-10002.jpg', 1404669192),
(215, 61, '', '', 'upfile/goods/16-10010.png', 1404669192),
(214, 61, '', '', 'upfile/goods/16-10003.jpg', 1404669192),
(213, 62, '', '', 'upfile/goods/16-10220.png', 1404669173),
(212, 62, '', '', 'upfile/goods/16-10008.png', 1404669173),
(211, 62, '', '', 'upfile/goods/16-12110.png', 1404669173),
(210, 62, '', '', 'upfile/goods/wxlogotu1.jpg', 1404669173),
(209, 63, '', '', 'upfile/goods/16-10007.png', 1404669144),
(208, 63, '', '', 'upfile/goods/16-10006.png', 1404669144),
(207, 63, '', '', 'upfile/goods/16-10005.jpg', 1404669144),
(206, 63, '', '', 'upfile/goods/16-10001.jpg', 1404669144),
(204, 64, '', '', 'upfile/goods/16-10006.png', 1404669116),
(203, 64, '', '', 'upfile/goods/2014-07-06_230344.jpg', 1404669116),
(205, 64, '', '', 'upfile/goods/16-10009.png', 1404669116);


INSERT INTO `esp_document_attr` (`datid`, `did`, `downloadurl`, `softsize`, `softsystem`) VALUES
(1, 25, 'upfile/license.zip', '20M', 'Unlix/Linux/Windows'),
(2, 43, 'upfile/license.zip', '10M', 'Windows/Linux/Unlix');


INSERT INTO `esp_document_content` (`dcid`, `did`, `content`) VALUES
(1, 2, '&lt;p&gt;首款以微信+手机APP+微网站+手机短信+多语言网站全方组合的企业营销管理平台，采用于PHP和MYSQL黄金组合进行开发，能够稳定运行于国内各大空间主机及主流的服务器，强大的功能加上主流的支持，为企业提供一个经济、稳定安全的建站管理平台。&lt;/p&gt;\n&lt;p&gt;易思ESPCMS V6在V5的基础上，更新了大量的功能，主要软件特性如下：&lt;/p&gt;\n&lt;p&gt;自定义组件应用：ESPCMSV6采用了自定义组件安装的方式，可以在线自主安装最新的应用组件，ESPCMS将以组件市场为基础，打造强大实用的组件模式，供用户选择安装使用。&lt;/p&gt;\n&lt;p&gt;全的移动终端网站体验：结合目前流行的智能手机及其它移动平台，打造功能实全的移动终端网站应用，并可以在移动终端上面实行留言、订购、会员、表单等常见企业营销功能；&lt;/p&gt;\n&lt;p&gt;微信应用：完全支持微信信息推送、加入欢迎词、微信菜单设置、微网站设置，配合移动终端还可以实现微商城及微行业网站的应用；&lt;/p&gt;\n&lt;p&gt;二维码应用：可以实现微信二维码、手机二唯码、产品订单条形码的显示；&lt;/p&gt;\n&lt;p&gt;智能化的内容关键字生成：通过智能化的关键字生成，可以提高网站的SEO效果。&lt;/p&gt;\n&lt;p&gt;无限分类显示：支持内容无限分类，并可以在同页面实现无限分类的输出及展示，大大满足产品多分类的需求；&lt;/p&gt;\n&lt;p&gt;国内外主流支付组件：支持国内各大主流支付包括支付宝、财付通、快钱、银联，国际包括：Moneybookers、PayPal，实现企业国内外支付的需要；&lt;/p&gt;\n&lt;p&gt;人性化的图片文件上传组件：可以自定义图片文件上传、可以批量图片文件上传、可以相册分组、相册输出等文件管理功能；&lt;/p&gt;\n&lt;p&gt;邮件提醒模块：支持会员注册邮件通知、会员密码找回邮件通知、会员激活邮件通知、订单下单成功邮件通知、支付成功邮件通知、订单取消邮件通知、新订单管理员提醒通知、订单确认邮件通知、询价确认通知、询价管理员提醒通知、自助表单自定义管理员邮件知通知、自助表单回复通知、表单提交感谢信通知、新留言自定义管理员邮件知通知、新留言回复通知、内容留言管理员提醒通知。&lt;/p&gt;\n&lt;p&gt;手机短信提醒模块：支持手机短信注册提醒、手机密码找回、订单管理员提醒、密码修改提醒等手机短信功能；&lt;/p&gt;\n&lt;p&gt;多站点集群管理：支持多站点相互通信管理，为集团企业建站增加便利管理功能；&lt;/p&gt;\n&lt;p&gt;强大的SEO功能：支持内链、外链、TAG关键字、百度地图、Google地图等流行SEO元素，还支持静态页面生成、伪静态、动态等多种不同的模式；&lt;/p&gt;\n&lt;p&gt;ESPCMS还拥有更多丰富的功能等着您来挖掘，欢迎您下载体验！&lt;/p&gt;'),
(2, 6, '&lt;p&gt;\n&lt;p style=&quot;text-align: center;&quot;&gt;&lt;img src=&quot;http://api.map.baidu.com/staticimage?center=114.075971,22.545646&amp;amp;zoom=18&amp;amp;width=780&amp;amp;height=500&amp;amp;markers=114.076218,22.544929&quot; alt=&quot;&quot; width=&quot;780&quot; height=&quot;500&quot; /&gt;&lt;/p&gt;\n&lt;/p&gt;\n&lt;p&gt;如果您有关于合作、使用问题求助、或了解我们产品性能等问题可随时通过以下方式与我们联系！&lt;/p&gt;\n&lt;p&gt;地址：深圳市福田区大中华国际金融中心C栋1801&lt;/p&gt;\n&lt;p&gt;电话：4008-958-095&lt;/p&gt;\n&lt;p&gt;ESPCMS建站咨询QQ：2792729095&amp;nbsp;&amp;nbsp; 软件购买咨询QQ：3035749826&lt;/p&gt;\n&lt;p&gt;ESPCMS交流群：4765284 &amp;nbsp;、&amp;nbsp;129614172&lt;/p&gt;\n&lt;p&gt;E-mail:admin@espcms.com&amp;nbsp;&amp;nbsp; &amp;nbsp;&lt;/p&gt;\n&lt;p&gt;ESPCMS论坛交流 http://bbs.ecisp.cn&lt;/p&gt;\n&lt;p&gt;ESPCMS官网支持 http://www.ecisp.cn&lt;/p&gt;\n&lt;p&gt;ESPCMS演示站点 http://demo.ecisp.cn&lt;/p&gt;'),
(3, 5, '&lt;p class=&quot;desc_h1&quot;&gt;ESPCMS最早版本诞生于2005，在9年的时间里面历经6次重大升级和无多次的升级迭代，保证了软件的稳定性和延续性。软件采用于PHP和MYSQL黄金组合，能够稳定运行于国内各大空间主机及主流的服务器，强大的功能加上主流的支持，为企业提供一个经济、稳定安全的建站管理平台。&lt;/p&gt;\n&lt;div class=&quot;item clearfix&quot;&gt;\n&lt;div class=&quot;avatar&quot;&gt;&lt;img src=&quot;/upfile/1407061742215110.png&quot; alt=&quot;&quot; width=&quot;200&quot; height=&quot;269&quot; /&gt;&lt;/div&gt;\n&lt;div class=&quot;desc&quot;&gt;\n&lt;h2&gt;黄祥云&lt;/h2&gt;\n&lt;h3&gt;ESPCMS创始人、技术总监&lt;/h3&gt;\n&lt;p&gt;主要负责ESPCMS的软件研发及团队运营。曾任职于中企网、腾讯、中国移动广东分公司。2005年成功开发EasysitePM并推向市场，实行免费开源下载并得到了市场好评。2009年成立EarcLink公司，正式商业化运行EasysitePM软件。2010年EasySitePM改名为ESPCMS，并提供了V4的重大升级。2011年推出了ESPCMSV5版本，软件在功能应用方面继续领先于国内其它企业CMS管理软件，同年企业网站应用量达到20万。2012年ESPCMS与支付宝、财付通、中国移动、万网等企业进行合作，率先是提供云主机一键安装体验，得到了相关合作伙伴的好评。2014年V6推出市场，多项领先功能必将继续革新企业建站平台！&lt;/p&gt;\n&lt;/div&gt;\n&lt;/div&gt;\n&lt;div class=&quot;item clearfix&quot;&gt;\n&lt;div class=&quot;avatar&quot;&gt;&lt;img src=&quot;/upfile/1407061742215210.png&quot; alt=&quot;&quot; width=&quot;200&quot; height=&quot;269&quot; /&gt;&lt;/div&gt;\n&lt;div class=&quot;desc&quot;&gt;\n&lt;h2&gt;彭霞&lt;/h2&gt;\n&lt;h3&gt;ESPCMS设计总监&lt;/h3&gt;\n&lt;p&gt;主要负责产品的设计及市场推广。毕业于武汉纺织大学艺术设计专业，曾任职于网易、搜房网，负责相关产品的UI设计工作，为中国电信、中国移动、广州市政府、广东白云学院等知名企业提供过网站设计及软件UI设计服务。为ESPCMS相关版本提供界面设计及相关的模板设计工作。&lt;/p&gt;\n&lt;/div&gt;\n&lt;/div&gt;'),
(4, 4, '&lt;p&gt;我们提供优秀创新的网站建设服务，创造有品牌价值的营销互动体验平台&lt;/p&gt;\n&lt;p&gt;我们使用的开发技术有：PHP、JAVA、JSP、C、AJAX、HTML5、Flash、DIV、CSS2/CSS3&lt;/p&gt;\n&lt;p&gt;&amp;nbsp;&lt;/p&gt;\n&lt;p&gt;&lt;strong&gt;WEB/网站建设&lt;/strong&gt;&lt;/p&gt;\n&lt;p&gt;提供专业的网站设计，包括企业网站、品牌网站、政府网站、电子商务网站以及各类社交应用类界面和前端服务。&lt;/p&gt;\n&lt;p&gt;&amp;nbsp;&lt;/p&gt;\n&lt;p&gt;&lt;strong&gt;企业应用软件开发&lt;/strong&gt;&lt;/p&gt;\n&lt;p&gt;我们拥有多年的企业OA及业务管理系统软件开发经验，能够为客户量身定制，开发最适合您的企业管理软件。&lt;/p&gt;\n&lt;p&gt;&amp;nbsp;&lt;/p&gt;\n&lt;p&gt;&lt;strong&gt;手机软件/APP界面设计&lt;/strong&gt;&lt;/p&gt;\n&lt;p&gt;提供针对苹果iOS系统, Android平台, Windows Phone等智能移动平台的应用程序及用户体验设计、视觉设计。&lt;/p&gt;'),
(5, 3, '&lt;p&gt;2005年06月：EasySitePM Enterprise 推荐出1.0版本，并提供企业商用&lt;/p&gt;\n&lt;p&gt;2005年08月：EasySitePM Enterprise 推荐出2.0版本，并提供ASP和PHP两个不同的版本&lt;/p&gt;\n&lt;p&gt;2007年09月：经过三年的商用EasySitePM Enterprise 推荐出3.0版本，并取消了ASP版本，专注发展PHP开源版本&lt;/p&gt;\n&lt;p&gt;2008年04月：EasySitePM Enterprise 推荐出3.1版本，并对界面进行全新的升级，加入了多个功能&lt;/p&gt;\n&lt;p&gt;2008年06月：EasySitePM Enterprise 推荐出3.2版本，加入了邮件可视化编辑&lt;/p&gt;\n&lt;p&gt;2009年05月：EasySitePM Enterprise 推荐出3.5版本，对模板引擎进行升级，实现了模板多可视化的管理及转换&lt;/p&gt;\n&lt;p&gt;2009年11月：ECISP.CN正式上线，并提供EasySitePM Enterprise的免费下载及企业全面的商用支持&lt;/p&gt;\n&lt;p&gt;2010年07月：EasySitePM Enterprise正式更名为易思EasySitePM，并提供4.0的在线演示&lt;/p&gt;\n&lt;p&gt;2010年08月：尔创网联创新产品&amp;ldquo;易思EasySitePM4.0&amp;rdquo;正式提供下载&lt;/p&gt;\n&lt;p&gt;2010年12月：ECISP.CN官网改版完成，新的网站必将提供更加完善的服务&lt;/p&gt;\n&lt;p&gt;2010年12月：易思EasySitePM更名为&amp;ldquo;ESPCMS易思企业网站管理系统&amp;rdquo;，为下一步状大发展打下基础&lt;/p&gt;\n&lt;p&gt;2010年12月：ECISP.CN宣传向商业用户推送ESPCMS模板服务，首批推出40多套精美模板供商业用户使用，后期还将会持续推出更加高端、美观的网站模板&lt;/p&gt;\n&lt;p&gt;2010年12月：ESPCMS易思企业网站管理系统宣布免费，这是国内首套专业网站管理系统宣传免费，必将企业网站建设推向更加专业化、简洁化，美观化；&lt;/p&gt;\n&lt;p&gt;2011年06月：ESPCMS取得计算机软件著作权登记证书：2011SR051710&amp;nbsp;&lt;/p&gt;\n&lt;p&gt;2011年08月：ESPCMS V5版隆重发布&amp;nbsp;&lt;/p&gt;\n&lt;p&gt;2014年07月：ESPCMS V6版发布&lt;/p&gt;'),
(6, 9, '&lt;p&gt;什么是好的url？&amp;nbsp;&lt;/p&gt;\n&lt;p&gt;创建具有良好描述性、规范、简单的url，有利于用户更方便的记忆和判断网页的内容，也有利于搜索引擎更有效的抓取您的网站。网站设计之初，就应该有合理的url规划。&lt;/p&gt;\n&lt;p&gt;我们建议：&lt;/p&gt;\n&lt;p&gt;&lt;strong&gt;网站中同一网页，只对应一个url。&lt;/strong&gt;&lt;/p&gt;\n&lt;p&gt;如果网站上多种url都能访问同样的内容，会有如下危险：&lt;/p&gt;\n&lt;p&gt;1、搜索引擎会选一种url为标准，可能会和正版不同&lt;/p&gt;\n&lt;p&gt;（1）用户可能为同一网页的不同url做推荐，多种url形式分散了该网页的权重&lt;/p&gt;\n&lt;p&gt;（2）如果你的网站上已经存在多种url形式，建议按以下方式处理：&lt;/p&gt;\n&lt;p&gt;（3）&lt;strong&gt;在系统中只使用正常形式url，不让用户接触到非正常形式的url&lt;/strong&gt;&lt;/p&gt;\n&lt;p&gt;（4）不把Session id、统计代码等不必要的内容放在url中&lt;/p&gt;\n&lt;p&gt;（5）不同形式的url，301永久跳转到正常形式&lt;/p&gt;\n&lt;p&gt;（6）防止用户输错而启用的备用域名，301永久跳转到主域名&lt;/p&gt;\n&lt;p&gt;（7）使用robots.txt禁止Baiduspider抓取您不想向用户展现的形式&lt;/p&gt;\n&lt;p&gt;注意：网站建设之初就应该将URL规划好，而不能等到网站建设成之后，在去优化URL。&lt;/p&gt;'),
(7, 10, '&lt;p class=&quot;p0&quot;&gt;许久没坐公交车，今天在刚上车，就听见公交车语音广告。&amp;ldquo;五百元建网站，&amp;times;&amp;times;&amp;times;网络公司，电话&amp;hellip;&lt;span style=&quot;font-family: ''Times New Roman'';&quot;&gt;.&lt;/span&gt;&lt;span style=&quot;font-family: 宋体;&quot;&gt;&amp;rdquo;。心想这价格还降得真快啊，去年还是八百、一&amp;nbsp;千，今年就五百啦。网上更有&lt;/span&gt;&lt;span style=&quot;font-family: ''Times New Roman'';&quot;&gt;1&lt;/span&gt;&lt;span style=&quot;font-family: 宋体;&quot;&gt;元，&lt;/span&gt;&lt;span style=&quot;font-family: ''Times New Roman'';&quot;&gt;99&lt;/span&gt;&lt;span style=&quot;font-family: 宋体;&quot;&gt;元建网站的多不胜数。的确互联网发展太快了，门槛低了，是个人都会做网站。回想&lt;/span&gt;&lt;span style=&quot;font-family: ''Times New Roman'';&quot;&gt;10&lt;/span&gt;&lt;span style=&quot;font-family: 宋体;&quot;&gt;年前，科班出身的程序员搞个网站&amp;nbsp;都搞&lt;/span&gt;&lt;span style=&quot;font-family: ''Times New Roman'';&quot;&gt;1&lt;/span&gt;&lt;span style=&quot;font-family: 宋体;&quot;&gt;个月，还得配上美工。门槛低，恶性竞争，价格混乱就是目前建网站的现状。其实低价并不能赢得市场，低价必定是低质服务，这种落后的模式必定会被淘&amp;nbsp;汰，我相信在未来几年内，靠建网站生存的网络公司必定被网络营销服务商代替。&lt;/span&gt;&lt;/p&gt;\n&lt;p class=&quot;p0&quot;&gt;&lt;strong&gt;低价背后的成本真相&lt;/strong&gt;&lt;/p&gt;\n&lt;p class=&quot;p0&quot;&gt;作为内行人来说，我们都知道建一个企业网站的成本。我们就来分析一下&lt;span style=&quot;font-family: ''Times New Roman'';&quot;&gt;500&lt;/span&gt;&lt;span style=&quot;font-family: 宋体;&quot;&gt;元能建一个什么样的企业网站。&lt;/span&gt;&lt;/p&gt;\n&lt;p class=&quot;p0&quot;&gt;一个企业网站的成本大概包括：固定成本（虚拟主机和域名）&lt;span style=&quot;font-family: ''Times New Roman'';&quot;&gt;+&lt;/span&gt;&lt;span style=&quot;font-family: 宋体;&quot;&gt;人工&amp;nbsp;（程序和页面设计）&lt;/span&gt;&lt;/p&gt;\n&lt;p class=&quot;p0&quot;&gt;&lt;strong&gt;第一部分：固定成本&lt;/strong&gt;，也就是我们通常所说的虚拟主机和域名。虚拟主机就像买房子，房子有大有小，地段有好有差；域名就像买车牌，有牛逼的车牌，有无所谓的车牌。&lt;/p&gt;\n&lt;p class=&quot;p0&quot;&gt;目前国内主机价格混乱，质量参差不齐，小的&lt;span style=&quot;font-family: ''Times New Roman'';&quot;&gt;IDC&lt;/span&gt;&lt;span style=&quot;font-family: 宋体;&quot;&gt;商家，价格可以到&lt;/span&gt;&lt;span style=&quot;font-family: ''Times New Roman'';&quot;&gt;0.2&lt;/span&gt;&lt;span style=&quot;font-family: 宋体;&quot;&gt;元&lt;/span&gt;&lt;span style=&quot;font-family: ''Times New Roman'';&quot;&gt;/M&lt;/span&gt;&lt;span style=&quot;font-family: 宋体;&quot;&gt;，而最好的主机则&lt;/span&gt;&lt;span style=&quot;font-family: ''Times New Roman'';&quot;&gt;2-3&lt;/span&gt;&lt;span style=&quot;font-family: 宋体;&quot;&gt;元&lt;/span&gt;&lt;span style=&quot;font-family: ''Times New Roman'';&quot;&gt;/M&lt;/span&gt;&lt;span style=&quot;font-family: 宋体;&quot;&gt;，价格差距&lt;/span&gt;&lt;span style=&quot;font-family: ''Times New Roman'';&quot;&gt;10&lt;/span&gt;&lt;span style=&quot;font-family: 宋体;&quot;&gt;倍左右。对于企业来说，&amp;nbsp;最好选择有名气服务好的&lt;/span&gt;&lt;span style=&quot;font-family: ''Times New Roman'';&quot;&gt;IDC&lt;/span&gt;&lt;span style=&quot;font-family: 宋体;&quot;&gt;商家，这样对于今后互联网营销很有帮助。当然上面提到的&lt;/span&gt;&lt;span style=&quot;font-family: ''Times New Roman'';&quot;&gt;500&lt;/span&gt;&lt;span style=&quot;font-family: 宋体;&quot;&gt;元建站的肯定不会用这种主机。域名方面，对于企业网站来说，没&amp;nbsp;有多大变化，价格比较统一，一般&lt;/span&gt;&lt;span style=&quot;font-family: ''Times New Roman'';&quot;&gt;50-100&lt;/span&gt;&lt;span style=&quot;font-family: 宋体;&quot;&gt;元&lt;/span&gt;&lt;span style=&quot;font-family: ''Times New Roman'';&quot;&gt;/&lt;/span&gt;&lt;span style=&quot;font-family: 宋体;&quot;&gt;年&lt;/span&gt;&lt;/p&gt;\n&lt;p class=&quot;p0&quot;&gt;&lt;strong&gt;第二部分：人工成本&lt;/strong&gt;&lt;/p&gt;\n&lt;p class=&quot;p0&quot;&gt;人工成本分为&lt;span style=&quot;font-family: ''Times New Roman'';&quot;&gt;2&lt;/span&gt;&lt;span style=&quot;font-family: 宋体;&quot;&gt;部分，页面设计和程序设计，这&lt;/span&gt;&lt;span style=&quot;font-family: ''Times New Roman'';&quot;&gt;2&lt;/span&gt;&lt;span style=&quot;font-family: 宋体;&quot;&gt;方面弹性非常大，根据需求报价，价格不确定。如果是公交广告上&lt;/span&gt;&lt;span style=&quot;font-family: ''Times New Roman'';&quot;&gt;500&lt;/span&gt;&lt;span style=&quot;font-family: 宋体;&quot;&gt;元的企业网站，那么它是什么样子呢，最差的主机&lt;/span&gt;&lt;span style=&quot;font-family: ''Times New Roman'';&quot;&gt;+&lt;/span&gt;&lt;span style=&quot;font-family: 宋体;&quot;&gt;域名&lt;/span&gt;&lt;span style=&quot;font-family: ''Times New Roman'';&quot;&gt;+&lt;/span&gt;&lt;span style=&quot;font-family: 宋体;&quot;&gt;免费模板&lt;/span&gt;&lt;span style=&quot;font-family: ''Times New Roman'';&quot;&gt;+&lt;/span&gt;&lt;span style=&quot;font-family: 宋体;&quot;&gt;免费程序&lt;/span&gt;&lt;span style=&quot;font-family: ''Times New Roman'';&quot;&gt;+&lt;/span&gt;&lt;span style=&quot;font-family: 宋体;&quot;&gt;半天人工&lt;/span&gt;&lt;span style=&quot;font-family: ''Times New Roman'';&quot;&gt;=500&lt;/span&gt;&lt;span style=&quot;font-family: 宋体;&quot;&gt;元网站。&lt;/span&gt;&lt;/p&gt;\n&lt;p class=&quot;p0&quot;&gt;&lt;strong&gt;低价背后的代价&lt;/strong&gt;&lt;/p&gt;\n&lt;p class=&quot;p0&quot;&gt;一般人往往只比价格，但并不知道这低价背后有多大的风险。我给大家罗列一下常见的风险。&lt;/p&gt;\n&lt;p class=&quot;p0&quot;&gt;&lt;strong&gt;1&lt;span style=&quot;font-family: 宋体;&quot;&gt;、低价建设，高价续费&lt;/span&gt;&lt;/strong&gt;&lt;/p&gt;\n&lt;p class=&quot;p0&quot;&gt;企业第一年做网站很便宜&lt;span style=&quot;font-family: ''Times New Roman'';&quot;&gt;,&lt;/span&gt;&lt;span style=&quot;font-family: 宋体;&quot;&gt;但从第二年起每年续费的价格堪比第一年的全额费用&lt;/span&gt;&lt;span style=&quot;font-family: ''Times New Roman'';&quot;&gt;,&lt;/span&gt;&lt;span style=&quot;font-family: 宋体;&quot;&gt;因为一般建站合同中不会附带第二年维护合同&lt;/span&gt;&lt;span style=&quot;font-family: ''Times New Roman'';&quot;&gt;,&lt;/span&gt;&lt;span style=&quot;font-family: 宋体;&quot;&gt;一般维护合同另外签署&lt;/span&gt;&lt;span style=&quot;font-family: ''Times New Roman'';&quot;&gt;,&lt;/span&gt;&lt;span style=&quot;font-family: 宋体;&quot;&gt;而一般网&amp;nbsp;络公司也不会向客户提及第二年后的续费事宜&lt;/span&gt;&lt;span style=&quot;font-family: ''Times New Roman'';&quot;&gt;,&lt;/span&gt;&lt;span style=&quot;font-family: 宋体;&quot;&gt;所以第二年建站公司向企业索要高额网站续费时&lt;/span&gt;&lt;span style=&quot;font-family: ''Times New Roman'';&quot;&gt;,&lt;/span&gt;&lt;span style=&quot;font-family: 宋体;&quot;&gt;客户要么老老实实交冤枉钱，要么就网站关门。所以，签合同的时&amp;nbsp;候一定把售后服务，续费，维护签在一起，明码实价。&lt;/span&gt;&lt;/p&gt;\n&lt;p class=&quot;p0&quot;&gt;&lt;strong&gt;2&lt;span style=&quot;font-family: 宋体;&quot;&gt;、以次充好&lt;/span&gt;&lt;span style=&quot;font-family: ''Times New Roman'';&quot;&gt;,&lt;/span&gt;&lt;span style=&quot;font-family: 宋体;&quot;&gt;虚假宣传&lt;/span&gt;&lt;/strong&gt;&lt;/p&gt;\n&lt;p class=&quot;p0&quot;&gt;低价网站肯定采用便宜无保障的虚拟主机，由于一般企业无法区别好坏，所以以次充好&lt;span style=&quot;font-family: ''Times New Roman'';&quot;&gt;,&lt;/span&gt;&lt;span style=&quot;font-family: 宋体;&quot;&gt;虚假宣传就太平常不过了，使用这样的主机的后果就是不稳定，随时有可能出问题，出问题也不知道什么时候能恢复，对网站影响很大。&lt;/span&gt;&lt;/p&gt;\n&lt;p class=&quot;p0&quot;&gt;&lt;strong&gt;3&lt;span style=&quot;font-family: 宋体;&quot;&gt;、增加内容高额收费&lt;/span&gt;&lt;/strong&gt;&lt;/p&gt;\n&lt;p class=&quot;p0&quot;&gt;很多网络公司以代管理为名，不给企业网站主机&lt;span style=&quot;font-family: ''Times New Roman'';&quot;&gt;FTP&lt;/span&gt;&lt;span style=&quot;font-family: 宋体;&quot;&gt;的管理密码，如果要新增内容或者更换服务商，就会被高额收费。&lt;/span&gt;&lt;/p&gt;\n&lt;p class=&quot;p0&quot;&gt;&lt;strong&gt;4&lt;span style=&quot;font-family: 宋体;&quot;&gt;、网站安全无法保障&lt;/span&gt;&lt;/strong&gt;&lt;/p&gt;\n&lt;p class=&quot;p0&quot;&gt;低价网站必然采用免费的或者过时网站程序，这样的网站程序容易遭到攻击，黑链，垃圾广告，木马很容易放在企业网站上，此外黑心的网络公司还会利用手上企业网站资源做为&lt;span style=&quot;font-family: ''Times New Roman'';&quot;&gt;SEO&lt;/span&gt;&lt;span style=&quot;font-family: 宋体;&quot;&gt;工具，做各种外链，黑链，甚至卖钱。这样您花钱的网站却成为别人赚钱的工具。&lt;/span&gt;&lt;/p&gt;\n&lt;p class=&quot;p0&quot;&gt;&lt;strong&gt;5&lt;span style=&quot;font-family: 宋体;&quot;&gt;、有可能扯上版权官司&lt;/span&gt;&lt;/strong&gt;&lt;/p&gt;\n&lt;p class=&quot;p0&quot;&gt;免费的网站程序，通常都是没有授权的，属于盗版的一种，没名气的小企业用一下无所谓，没人来找你，但是如果程序开发商告你非法使用，肯定是必输无疑的。&lt;/p&gt;\n&lt;p class=&quot;p0&quot;&gt;&lt;strong&gt;&lt;a class=&quot;taglink&quot; title=&quot;企业建站&quot; href=&quot;http://www.ecisp.cn&quot; target=&quot;_blank&quot;&gt;企业建站&lt;/a&gt;不应该脱离初衷&lt;/strong&gt;&lt;/p&gt;\n&lt;p class=&quot;p0&quot;&gt;&lt;a class=&quot;taglink&quot; title=&quot;企业建站&quot; href=&quot;http://www.ecisp.cn&quot; target=&quot;_blank&quot;&gt;企业建站&lt;/a&gt;的本质是什么？不就是想通过网站提升销售或者提高品牌知名度。也就是我们常说的品牌营销和产品营销。如果你还没有想好通过网站怎么达到上述&amp;nbsp;的目的，我劝一般企业还是不要急着做网站，花了钱还要每年缴费，一点用没有还有风险，何必呢？应该咨询相关的互联网营销企业，做专业的指导，这样的企业网&amp;nbsp;站才能真正产生价值。&lt;/p&gt;'),
(8, 11, '&lt;p&gt;&lt;strong&gt;1、防网页框架&lt;/strong&gt;&lt;br /&gt; 这年头，流氓都没人管，或者说，有后台的流氓都没人管。于是各种各样形形色色的流氓遍地开花。借网摘之名，收流量之名，于是，你就被框框们框住了。&lt;br /&gt; 防网页框架对策&lt;br /&gt; 这年头，法律不保护你，只能自己保护自己。网页中写入如下代码即可防止被框。&lt;br /&gt; ＜script type=&quot;text/javascript&quot;＞if (top.location !== self.location) ＜/script＞&lt;/p&gt;\n&lt;p&gt;&lt;br /&gt; &lt;strong&gt;2、防域名捆绑&lt;/strong&gt;&lt;br /&gt; 国人眼中 .com 才是正牌域名，所以大部分情况下是同一个域名 .com 被抢注，而 .net .org 等域名安然无恙。不要以为自己捡了便宜。当你用 xxx.net 红火发展的时候，别人就会用 xxx.com 解析到你的网站，如果你熟视无睹甚至还洋洋得意，那就等着付学费吧，等人们都熟悉 xxx.com 访问时，他们就会向你高价出售该域名，不买的话，等着流量被劫持吧。&lt;br /&gt; 防域名捆绑对策&lt;br /&gt; 网页可判断服务器SERVER_NAME变量，如果不包含自己的域名则进行跳转。服务器端 ASP代码 将www.XXXXcom换成自己的网址。&lt;br /&gt; Dim strServer_Name strServer_Name = LCase(Trim(Request.ServerVariables(&quot;SERVER_NAME&quot;))) If strServer_Name &amp;lt;&amp;gt;www.target.com Then Response.Redirect &quot;http://www.target.com&quot; End If&lt;br /&gt; 网页客户端 将www.XXXX.com换成自己的网址。&lt;br /&gt; ＜script type=&quot;text/javascript&quot;＞var my_domain = &quot;http://www.XXXX.com&quot;; var page_url = window.loc ... p;page_url.indexOf(my_domain!= -1) { top.location = my_domain; } ＜/script＞&lt;/p&gt;\n&lt;p&gt;&lt;br /&gt; &lt;strong&gt;3、防域名劫持&lt;/strong&gt;&lt;br /&gt; 域名劫持分两种情况，一是在网关发送虚假DNS信息，对国内国际域名都有效，一般无法解决，只能让访客记住自己的服务器IP或多准备几个域名备用，这种情况只能影响部分用户。&lt;br /&gt; 第二个是直接修改DNS信息，时间若长可影响全球用户。目前 .cn 域名被修改的几率更大，如前几天Google和MSN的.cn的域名被劫持。以及几年前腾迅非法抢夺QQ.com.cn域名事件。&lt;br /&gt; 防域名劫持对策&lt;br /&gt; 尽量注册 .com .net 等国际域名，再说 .cn 域名也不向个人开放(就是说，个人注册没有法律保障。&lt;/p&gt;\n&lt;p&gt;&lt;br /&gt; &lt;strong&gt;4、防盗版侵权&lt;/strong&gt;&lt;br /&gt; 盗版侵权其实是个大问题，可惜在国内大不是问题。后果基本上轻则图片盗链影响服务器，重则，你还想做大做强么?&lt;br /&gt; 不知道给这些侵权者发工资时发假币他们干不干，我倒觉得区别不大。&lt;br /&gt; 防盗版侵权对策&lt;br /&gt; 以下仅是简单的防护方法，要想根本解决这个问题，得等像样的著作权法出台。还有国家像封杀某些网站一样的决心。&lt;br /&gt; 文章中多使用图片，并且给图片打上自己站点logo和域名的水印。&lt;br /&gt; 文章中多包含复杂HTML标签和各种链接，降低简单复制后的可读性。&lt;br /&gt; 文章中举例时多使用自己的网站。&lt;/p&gt;\n&lt;p&gt;&lt;br /&gt; &lt;strong&gt;5、防网站复制、采集&lt;/strong&gt;&lt;br /&gt; 各种网络广告平台一多，不少人就采取这种最简单的建立网站的方式来悉数照搬其它网站了。&lt;br /&gt; 防网站复制、采集策略一般盗取网站信息的服务器IP比较固定，知道它IP了，自由发挥吧，比如针对其IP访问的每个网页给它多包含一个N兆图像。或者干脆封掉其IP。&lt;/p&gt;'),
(9, 12, '&lt;p class=&quot;p0&quot;&gt;开发简单的企业网站后台管理系统对于技术人员来说都不是难事，而且目前很多建站公司和个人都是使用自己开发的系统去构建企业网站，但是选择成熟的建站系统构建企业网站是建站行业发展的必然趋势，不是因为技术难度，而是因为行业积累和网站日后的维护和升级等。我们将从以下几个方面来阐述为什么要选择ESP&lt;span style=&quot;font-family: ''Times New Roman'';&quot;&gt;CMS&lt;/span&gt;&lt;span style=&quot;font-family: 宋体;&quot;&gt;建站：&lt;/span&gt;&lt;/p&gt;\n&lt;p class=&quot;p0&quot;&gt;1&lt;span style=&quot;font-family: 宋体;&quot;&gt;、日后维护需要：自行开发的系统由于开发人员经验及用户暂时的要求等局限性，让网站在运行一段时间后难免需要增加或更改功能，而此时由于每个网站所采用的后台系统都不同，因此开发人员要想去统一升级操作是不现实的，所以只能根据用户要求或已出现的问题一个一个网站去修复和添加功能，这样操作既耗时又不便于管理，而&lt;/span&gt;&lt;span style=&quot;font-family: ''Times New Roman'';&quot;&gt;ESPCMS&lt;/span&gt;&lt;span style=&quot;font-family: 宋体;&quot;&gt;在日后维护和功能升级方面拥有明显的优势，因为每个网站后台一样，升级和&lt;/span&gt;&lt;span style=&quot;font-family: ''Times New Roman'';&quot;&gt;BUG&lt;/span&gt;&lt;span style=&quot;font-family: 宋体;&quot;&gt;修复都非常方便。&lt;/span&gt;&lt;/p&gt;\n&lt;p class=&quot;p0&quot;&gt;2&lt;span style=&quot;font-family: 宋体;&quot;&gt;、网站功能完善需要：成熟的&lt;/span&gt;&lt;span style=&quot;font-family: ''Times New Roman'';&quot;&gt;&lt;span&gt;ESPCMS&lt;/span&gt;&lt;/span&gt;&lt;span style=&quot;font-family: 宋体;&quot;&gt;已经将企业网站可能用到的功能及出现的情况全部考虑进去，尤其是经过多次升级后的建站系统，而独自开发的系统难免会因开发者的思维局限和用户体验数量限制而出现功能不完善或存在严重&lt;/span&gt;&lt;span style=&quot;font-family: ''Times New Roman'';&quot;&gt;BUG&lt;/span&gt;&lt;span style=&quot;font-family: 宋体;&quot;&gt;等。&lt;/span&gt;&lt;/p&gt;\n&lt;p class=&quot;p0&quot;&gt;3&lt;span style=&quot;font-family: 宋体;&quot;&gt;、&lt;/span&gt;&lt;span style=&quot;font-family: ''Times New Roman'';&quot;&gt;SEO&lt;/span&gt;&lt;span style=&quot;font-family: 宋体;&quot;&gt;优化需要：成熟的&lt;/span&gt;&lt;span style=&quot;font-family: ''Times New Roman'';&quot;&gt;&lt;span&gt;ESPCMS&lt;/span&gt;&lt;/span&gt;&lt;span style=&quot;font-family: 宋体;&quot;&gt;，如果注重&lt;/span&gt;&lt;span style=&quot;font-family: ''Times New Roman'';&quot;&gt;SEO&lt;/span&gt;&lt;span style=&quot;font-family: 宋体;&quot;&gt;，都是注入了开发人员全面的&lt;/span&gt;&lt;span style=&quot;font-family: ''Times New Roman'';&quot;&gt;SEO&lt;/span&gt;&lt;span style=&quot;font-family: 宋体;&quot;&gt;优化知识，并且已经经过无数案例验证的，使用内置&lt;/span&gt;&lt;span style=&quot;font-family: ''Times New Roman'';&quot;&gt;SEO&lt;/span&gt;&lt;span style=&quot;font-family: 宋体;&quot;&gt;优化机制的&lt;/span&gt;&lt;span style=&quot;font-family: ''Times New Roman'';&quot;&gt;CMS&lt;/span&gt;&lt;span style=&quot;font-family: 宋体;&quot;&gt;建站，可以让网站优化推广更胜一筹。&lt;/span&gt;&lt;/p&gt;\n&lt;p class=&quot;p0&quot;&gt;4&lt;span style=&quot;font-family: 宋体;&quot;&gt;、行业经验积累：ESPCMS企业网站管理系统&lt;/span&gt;&lt;span style=&quot;font-family: 宋体;&quot;&gt;历经时间、用户、功能等多方面的积累而造就的，一款软件只有在经历过很多用户的使用后才能成熟，而系统拥有的行业积累优势是任何一个开发技术个人和团队无可比拟的，这种积累转化到产品上面就是网站的功能、安全性、稳定性及良好的操作性。&lt;/span&gt;&lt;/p&gt;\n&lt;p class=&quot;p0&quot;&gt;5&lt;span style=&quot;font-family: 宋体;&quot;&gt;、开发维护成本：&lt;/span&gt;&lt;span style=&quot;font-family: ''Times New Roman'';&quot;&gt;&lt;span&gt;ESPCMS&lt;/span&gt;&lt;/span&gt;&lt;span style=&quot;font-family: 宋体;&quot;&gt;企业网站管理系统授权价格便宜，而且都是可以免费升级的，这对于开发一个网站来说也许不是成本优势，但是当你的用户比较多的时候，以后需要升级和二次开发或者改版的时候，这种成本优势就能非常明显的体现出来。另外可以体现在多功能和多语言方面，使用&lt;span&gt;ESPCMS&lt;/span&gt;&lt;span&gt;企业网站管理系统&lt;/span&gt;&lt;/span&gt;&lt;span style=&quot;font-family: 宋体;&quot;&gt;就非常方便，因为只需要开发一套网站风格就可以添加无数种网站语言了。&lt;/span&gt;&lt;/p&gt;'),
(10, 13, '&lt;p class=&quot;p0&quot;&gt;绝大多数的网站项目需求设计方案都有一个共通点：设计要求一定要&amp;ldquo;大气&amp;rdquo;。&lt;/p&gt;\n&lt;p class=&quot;p0&quot;&gt;&amp;ldquo;大气&amp;rdquo;这个原本陌生的词汇渐渐占领了我的设计思路，有种盲从地被强奸的感觉。其实，说实话，如果你让现今的小企业来对你的设计做些要求的话，从专业角度出发，他们可能连一个起码的要求都提不出来。我也曾经试探性地问过一些客户最基本的设计上的需求。比如网站的基本色调之类的，往往得到的答复就是：你们看着办吧，什么颜色好看用什么颜色。这种对自身企业不负责任的回答，难免会在一定程度上影响到设计人员的设计方向。&lt;/p&gt;\n&lt;p class=&quot;p0&quot;&gt;回到文章标题提到的&amp;ldquo;大气&amp;rdquo;上来。这个词汇在字典里的具体含义我不清楚，但大多数的企业客户都是义正严词地白纸黑字写在了需求说明里。可能这就是他们在对你的设计效果没有丝毫建设性要求之后，不经大脑思索就硬生生地强加给设计人员的最无理的要求了。但，如何做的大气，他们也拿不定注意的，某些客户可能只是为了掩饰自己的轻浮，而不得不做出的一个颇具风范的补充罢了。&lt;/p&gt;\n&lt;p class=&quot;p0&quot;&gt;对于设计人员来说，&amp;ldquo;大气&amp;rdquo;真的是非常头痛的问题。因为&amp;ldquo;大气&amp;rdquo;这东西不是说做就能做出来的，这不是一个实际存在的物体，只可意会不可言传。飘朵白云，放个飞机等等只能说明自己的庸俗，更有甚者，万般强调一定要在首页加上企业老总的照片，放上音乐播放器等等，这就是他们心中的&amp;ldquo;大气&amp;rdquo;。然而，这些所谓的&amp;ldquo;大气&amp;rdquo;并没能增加网站的优势，反而，更凸显了企业的无为。我们此时所要做的就是开导教化，规劝他们千万不要把自己的企业站做成一个娱乐场所，要娱乐，去那些门户网站就够了，他们什么都有，你想不到的都有。但往往这些建议都会被他们抛掷脑后，&amp;ldquo;我让你怎么做你就怎么做好了，又不会少你一分！&amp;rdquo;但凡听到类似这样的话的，这个企业绝对不是什么有实力的。做纺织的放个飞机表明自己的高度；做物流的放个唱着交响乐的音乐播放器表明自己深度。。。这样就大气了吗？&lt;/p&gt;\n&lt;p class=&quot;p0&quot;&gt;在网上找到一个这样对商业网站的定义，感觉概括的比较全面：&amp;ldquo;大气&amp;rdquo;是指突出要表现的主题&lt;span style=&quot;font-family: ''Times New Roman'';&quot;&gt;,&lt;/span&gt;&lt;span style=&quot;font-family: 宋体;&quot;&gt;并加以适当的夸张，弱化辅助的图形，减少干扰的元素。同时通过色彩的搭配，元素的使用及比例等，形成考究的视觉中心，把&amp;ldquo;气&amp;rdquo;留住，让画面有良好的节奏感。这是一个比较高的境界，需要设计师不断的提高自身的修养与审美意识。&lt;/span&gt;&lt;/p&gt;\n&lt;p class=&quot;p0&quot;&gt;对于一个大气的商业网站来说，首先，页面布局设计就是一个非常有学问值得推敲的问题。布局合理有序，突出重点，简洁而不简单；单一而不单调；层次分明；设计元素协调；能更好地满足用户的需求，引导用户方便快捷地实现功能，第一时间找到自己要做的，下一步去哪，当前所在位置等等；给用户一种畅通无阻畅快淋漓的感觉，虽然是第一次访问，但已是似曾相识信手拈来。这样的大气来的更且实际。因为，飞机不会让用户想到你的纺织品有多么的精致，交响乐也不能让用户看到你的物流服务有多好。&lt;/p&gt;\n&lt;p class=&quot;p0&quot;&gt;一个网站就象一个人，合理的信息架构是骨架，丰富生动的信息内容是血肉，而界面是皮肤，贯穿始末的易用性等用户体验是内在的修养气质。这一切相辅相成缺一不可。所以一个有魅力的人其魅力所在绝不仅仅是因为有光鲜夺目的面孔，而更应是举手投足间不经意流露出的内在气质。网站也是如此，如果没有一副好的骨架，没有血肉，徒有一个好外表，最终还是会让人弃若鄙履的，这样又何谈&amp;ldquo;大气&amp;rdquo;呢？&lt;/p&gt;\n&lt;p class=&quot;p0&quot;&gt;企业网站不应只是一个光鲜华丽又孤芳自赏的橱窗广告，偶尔引来人驻足却又拉开了距离，让人亲近不得。企业网站更应该象是一个以用户为中心的亲切的便民窗口（像小区里的小卖部，它比市中心的商场超市更能满足周围住户的需求，而且更快速直接），能帮助人理解企业的价值主张，找到所需的产品或服务，建立友好的信任感，并以此为基础实现自身的赢利目标。可用性与赢利能力相结合，并兼顾界面的美观，企业网站建设只有做到了这一切，才能称之为&amp;ldquo;大气&amp;rdquo;。&lt;/p&gt;\n&lt;p class=&quot;p0&quot;&gt;绝大多数的网站项目需求设计方案都有一个通点：设计要求一定要&amp;ldquo;大气&amp;rdquo;。&lt;/p&gt;\n&lt;p class=&quot;p0&quot;&gt;&amp;ldquo;大气&amp;rdquo;这个原本陌生的词汇渐渐占领了我的设计思路，有种盲从地被强奸的感觉。其实，说实话，如果你让现今的小企业来对你的设计做些要求的话，从专业角度出发，他们可能连一个起码的要求都提不出来。我也曾经试探性地问过一些客户最基本的设计上的需求。比如网站的基本色调之类的，往往得到的答复就是：你们看着办吧，什么颜色好看用什么颜色。这种对自身企业不负责任的回答，难免会在一定程度上影响到设计人员的设计方向。&lt;/p&gt;\n&lt;p class=&quot;p0&quot;&gt;&amp;nbsp;&lt;/p&gt;\n&lt;p class=&quot;p0&quot;&gt;回到文章标题提到的&amp;ldquo;大气&amp;rdquo;上来。这个词汇在字典里的具体含义我不清楚，但大多数的企业客户都是义正严词地白纸黑字写在了需求说明里。可能这就是他们在对你的设计效果没有丝毫建设性要求之后，不经大脑思索就硬生生地强加给设计人员的最无理的要求了。但，如何做的大气，他们也拿不定注意的，某些客户可能只是为了掩饰自己的轻浮，而不得不做出的一个颇具风范的补充罢了。&lt;/p&gt;\n&lt;p class=&quot;p0&quot;&gt;对于设计人员来说，&amp;ldquo;大气&amp;rdquo;真的是非常头痛的问题。因为&amp;ldquo;大气&amp;rdquo;这东西不是说做就能做出来的，这不是一个实际存在的物体，只可意会不可言传。飘朵白云，放个飞机等等只能说明自己的庸俗，更有甚者，万般强调一定要在首页加上企业老总的照片，放上音乐播放器等等，这就是他们心中的&amp;ldquo;大气&amp;rdquo;。然而，这些所谓的&amp;ldquo;大气&amp;rdquo;并没能增加网站的优势，反而，更凸显了企业的无为。我们此时所要做的就是开导教化，规劝他们千万不要把自己的企业站做成一个娱乐场所，要娱乐，去那些门户网站就够了，他们什么都有，你想不到的都有。但往往这些建议都会被他们抛掷脑后，&amp;ldquo;我让你怎么做你就怎么做好了，又不会少你一分！&amp;rdquo;但凡听到类似这样的话的，这个企业绝对不是什么有实力的。做纺织的放个飞机表明自己的高度；做物流的放个唱着交响乐的音乐播放器表明自己深度。。。这样就大气了吗？&lt;/p&gt;\n&lt;p class=&quot;p0&quot;&gt;在网上找到一个这样对商业网站的定义，感觉概括的比较全面：&amp;ldquo;大气&amp;rdquo;是指突出要表现的主题&lt;span style=&quot;font-family: ''Times New Roman'';&quot;&gt;,&lt;/span&gt;&lt;span style=&quot;font-family: 宋体;&quot;&gt;并加以适当的夸张，弱化辅助的图形，减少干扰的元素。同时通过色彩的搭配，元素的使用及比例等，形成考究的视觉中心，把&amp;ldquo;气&amp;rdquo;留住，让画面有良好的节奏感。这是一个比较高的境界，需要设计师不断的提高自身的修养与审美意识。&lt;/span&gt;&lt;/p&gt;\n&lt;p class=&quot;p0&quot;&gt;对于一个大气的商业网站来说，首先，页面布局设计就是一个非常有学问值得推敲的问题。布局合理有序，突出重点，简洁而不简单；单一而不单调；层次分明；设计元素协调；能更好地满足用户的需求，引导用户方便快捷地实现功能，第一时间找到自己要做的，下一步去哪，当前所在位置等等；给用户一种畅通无阻畅快淋漓的感觉，虽然是第一次访问，但已是似曾相识信手拈来。这样的大气来的更且实际。因为，飞机不会让用户想到你的纺织品有多么的精致，交响乐也不能让用户看到你的物流服务有多好。&lt;/p&gt;\n&lt;p class=&quot;p0&quot;&gt;一个网站就象一个人，合理的信息架构是骨架，丰富生动的信息内容是血肉，而界面是皮肤，贯穿始末的易用性等用户体验是内在的修养气质。这一切相辅相成缺一不可。所以一个有魅力的人其魅力所在绝不仅仅是因为有光鲜夺目的面孔，而更应是举手投足间不经意流露出的内在气质。网站也是如此，如果没有一副好的骨架，没有血肉，徒有一个好外表，最终还是会让人弃若鄙履的，这样又何谈&amp;ldquo;大气&amp;rdquo;呢？&lt;/p&gt;\n&lt;p class=&quot;p0&quot;&gt;企业网站不应只是一个光鲜华丽又孤芳自赏的橱窗广告，偶尔引来人驻足却又拉开了距离，让人亲近不得。企业网站更应该象是一个以用户为中心的亲切的便民窗口（像小区里的小卖部，它比市中心的商场超市更能满足周围住户的需求，而且更快速直接），能帮助人理解企业的价值主张，找到所需的产品或服务，建立友好的信任感，并以此为基础实现自身的赢利目标。可用性与赢利能力相结合，并兼顾界面的美观，企业网站建设只有做到了这一切，才能称之为&amp;ldquo;大气&amp;rdquo;。&lt;/p&gt;'),
(11, 14, '&lt;p&gt;伴随着科技信息的的发展，个人智能手机越来越普及，已经成为人们生活必备的物品之一，手机遍布了各个阶层、各个年龄段，甚至世界的各个角落。传统网站不能通过手机访问，或者访问的效果体验度差，将损失企业的潜在客户和降低公司的形象，，如今手机上网已是一种时尚趋势，现在流行通过手机和电脑都能访问的手机网站，实现随时、随地、随身访问，让您的客户真正实现随时随地找到您。手机网站被称为互联网的第二个机会，手机网站则被誉为企业的第二生命，所以，手指网站建设已经是企业发展不可缺少的一部分了。&lt;/p&gt;\n&lt;p&gt;企业在手机上建设自己的手机网站，可以多渠道展示企业风采、传播企业文化、树立企业形象、提高企业知名度。企业通过手机网站可介绍企业的基本情况，使经销商和用户更多的知道您的存在；可以宣传您的产品和服务的优势，让经销商和用户在比较中了解您、走近您、直到选择您；企业员工可以利用手机快捷地了解公司动态，方便外界进行各种信息沟通，增多寻求合资与合作的机会。&lt;/p&gt;\n&lt;p&gt;&lt;a title=&quot;了解手机建站平台&quot; href=&quot;http://www.ecisp.cn/html/cn/products/&quot; target=&quot;_blank&quot;&gt;ESPCMS易思企业网站管理&lt;/a&gt;系统是一套专业的&lt;a class=&quot;taglink&quot; title=&quot;企业建站&quot; href=&quot;http://www.ecisp.cn&quot; target=&quot;_blank&quot;&gt;企业建站&lt;/a&gt;CMS平台，不仅满足企业的传统建站需要，而且加大的手机建站平台可以为企业建立丰富的手机网站平台，欢迎您来电咨询！&lt;/p&gt;'),
(12, 15, '&lt;p class=&quot;p0&quot;&gt;如何更好地促进当前的企业信息化建设，最首要的一点就是要搞清楚，该企业搞信息化的范围究竟是什么。企业信息化是一个很广泛的概念，总的来说就是广泛利用信息技术，使企业在生产、管理等方面实现信息化。具体可以分为三个层次。&lt;/p&gt;\n&lt;p class=&quot;p0&quot;&gt;1.&lt;span style=&quot;font-family: 宋体;&quot;&gt;企业在生产当中广泛运用电子信息技术，实现生产自动化。如生产设计自动化（&lt;/span&gt;&lt;span style=&quot;font-family: ''Times New Roman'';&quot;&gt;CAD&lt;/span&gt;&lt;span style=&quot;font-family: 宋体;&quot;&gt;）、自动化控制、智能仪表、单板机的运用等等，凡是用到电子信息技术的都是企业信息化的一部分。&lt;/span&gt;&lt;/p&gt;\n&lt;p class=&quot;p0&quot;&gt;2&lt;span style=&quot;font-family: 宋体;&quot;&gt;．企业数据的自动化、信息化。用电子信息技术对生产、销售、财务等数据进行处理，这是最基础的、大量的数据信息化过程。&lt;/span&gt;&lt;/p&gt;\n&lt;p class=&quot;p0&quot;&gt;3&lt;span style=&quot;font-family: 宋体;&quot;&gt;．更高层次的辅助管理、辅助决策系统，&lt;/span&gt;&lt;span style=&quot;font-family: ''Times New Roman'';&quot;&gt;Intranet&lt;/span&gt;&lt;span style=&quot;font-family: 宋体;&quot;&gt;、&lt;/span&gt;&lt;span style=&quot;font-family: ''Times New Roman'';&quot;&gt;Extranet&lt;/span&gt;&lt;span style=&quot;font-family: 宋体;&quot;&gt;、制造资源计划（&lt;/span&gt;&lt;span style=&quot;font-family: ''Times New Roman'';&quot;&gt;MRPII&lt;/span&gt;&lt;span style=&quot;font-family: 宋体;&quot;&gt;）、计算机集成制造系统（&lt;/span&gt;&lt;span style=&quot;font-family: ''Times New Roman'';&quot;&gt;CIMS&lt;/span&gt;&lt;span style=&quot;font-family: 宋体;&quot;&gt;）、办公自动化（&lt;/span&gt;&lt;span style=&quot;font-family: ''Times New Roman'';&quot;&gt;OA&lt;/span&gt;&lt;span style=&quot;font-family: 宋体;&quot;&gt;）等都是用来辅助管理、辅助决策的，这是更高层次的信息化。&lt;/span&gt;&lt;/p&gt;\n&lt;p class=&quot;p0&quot;&gt;4&lt;span style=&quot;font-family: 宋体;&quot;&gt;．税务会计筹划企业利润。企业税务会计在多种纳税方案中通过事先筹划，合理安排公司筹资、投资、经营、利润分配等财务活动，针对采购、生产经营以及内部核算等进行合理决策，利用国家法规积极税务筹划，既保证企业完成利税义务增加自身&amp;ldquo;造血&amp;rdquo;能力，降低税收负担，也提高了税后利润，实现自身的持续健康发展。譬如，航信软件&amp;ldquo;懂税的&lt;/span&gt;&lt;span style=&quot;font-family: ''Times New Roman'';&quot;&gt;ERP&lt;/span&gt;&lt;span style=&quot;font-family: 宋体;&quot;&gt;&amp;rdquo;&amp;nbsp;产品与国家涉税系统进行信息传递与要素延续，对企业经营过程涉及的诸多税种进行业务处理，为企业管理决策献计献策，为创利打下坚实基础。&lt;/span&gt;&lt;/p&gt;\n&lt;p class=&quot;p0&quot;&gt;随着中国企业信息化的深入，中小企业的信息化将成为企业信息化的重点，提高中小企业对信息化的认识，为中小企业信息化出谋划策，将对促进中国中小企业信息化起到良好的作用。&lt;/p&gt;\n&lt;p&gt;ESPCMS易思建站平台是专业的企业网站信息化建站平台，您可以点击本站进行详细的了解。&lt;/p&gt;'),
(13, 16, '&lt;p&gt;各位尊敬的ESPCMS用户，ESPCMS易思是一款大家喜爱的企业网站管理CMS，本着让更多人学习和了解ESPCMS易思网站管理系统的目的，我们一直提供了免费版供大家熟悉和学习使用。&lt;/p&gt;\n&lt;p&gt;为了满足部分网页设计师或者企业者的需求，我们同时也推出了几款正式版软件授权，和许多建站公司、网页设计师和有需要网站的企业实现了共赢。但我们发现，有部分企业或个人未经本公司许可，将本公司软件修改用于再次授经许可或商业建站，这是违反了软件授权协议的，也是我们公司坚持反对的。&lt;/p&gt;\n&lt;p&gt;任何软件都有自己的授权方式和使用规则，非商业型许可的说明，我们早就在软件安装的时候有过提醒。使用ESPCMS软件进行非授权商业目的不仅缺乏应有的商业素养，也违反了相关法律法规，我们作为软件供应商保留随时对这些非授权用户提出法律所赋予的任何权利。&lt;/p&gt;\n&lt;p&gt;任何软件一定要有自己的盈利方式才能长久的发展，ESPCMS之所以得到众多授权用户的支持，也是因为他们看到了ESPCMS的优点，以及使用ESPCMS所带来的便利。如果没有这些授权收入就不会有ESPCMS的工程师为大家继续提供高品质的软件产品，也不会有ESPCMS一步步的发展至今。&lt;/p&gt;\n&lt;p&gt;&lt;strong&gt;&lt;span style=&quot;color: #ff0000;&quot;&gt;我们奉劝已违反使用协议的网站尽快购买授权，如我公司在向已违反使用协议的用户，发出法律函件之日后，还未收到相关反应，我公司将正式向洪湖市人民法院提起诉讼，追究相关软件侵权责任企业或者个人一切权利。&lt;/span&gt;&lt;/strong&gt;&lt;/p&gt;\n&lt;p&gt;&lt;span style=&quot;color: #008000;&quot;&gt;&lt;strong&gt;国家相关法律条文：根据刑法的有关规定：未经著作权人许可，以营利为目的、复制发行计算机软件，违法所得数额较大或者有其他严重情节的，处三年以下有期徒刑或者拘役并处或者单处罚金。违法所得数额巨大或者有其他特别严重情节的，处三年以上七年以下有期徒刑或者拘役，并处或者单处罚金。&amp;nbsp;&lt;/strong&gt;&lt;/span&gt;&lt;/p&gt;\n&lt;p&gt;&lt;strong&gt;&lt;/strong&gt;尊重永远是相互的，当一些侵权而损害ESPCMS易思正常发展的行为，我们不会无动于衷。对于那些不劳而获，永远只想着索取和享受的人，我们绝不欢迎。&lt;/p&gt;');
INSERT INTO `esp_document_content` (`dcid`, `did`, `content`) VALUES
(14, 17, '&lt;p&gt;知道创宇SCANV和360网站漏洞平台是国内知名的网站安全应用提供商，本站ESPCMS升级涉及到的众多漏洞均由SCANV和360等网站提供，所提供的漏洞为用户及ESPCMS的安全提供了重大保障。ESPCMS全体人员再次向你们表示感谢！&lt;/p&gt;\n&lt;p&gt;ESPCMS一向重视用户安全及体验，希望国内各大安全应用团队为我们提供更多的帮助，我们也会积极对您所反馈的漏洞做出反应！&lt;/p&gt;\n&lt;p&gt;本次涉及到的漏洞主要体现在以下几个方法：&lt;/p&gt;\n&lt;p&gt;1、会员修改资料会导致SQL注入危险；&lt;/p&gt;\n&lt;p&gt;2、网站COOKIE加密算法会被反编译；&lt;/p&gt;\n&lt;p&gt;3、部分文件修改会导致PHP文件同时被修改；&lt;/p&gt;\n&lt;p&gt;4、未过滤部分危险代码；&lt;/p&gt;\n&lt;p&gt;&amp;nbsp;&lt;/p&gt;\n&lt;p&gt;以上漏洞均已升级，请用户及时登陆服务中心下载最新版本！&amp;nbsp;&lt;/p&gt;'),
(15, 18, '&lt;p&gt;一股大潮正扑面而来。以苹果、安卓为代表的新一代移动终端呈爆发态势增长，使得移动互联网发展迎来井喷时代。&lt;/p&gt;\n&lt;p&gt;&amp;nbsp;&lt;/p&gt;\n&lt;p&gt;移动互联网时代已经来临&lt;/p&gt;\n&lt;p&gt;&amp;nbsp;&lt;/p&gt;\n&lt;p&gt;我国移动互联网市场的规模快速增长。中国互联网络信息中心(CNNIC)最新发布的《第30次中国互联网络发展状况统计报告》显示，手机以3.88亿的网民数量超过台式电脑的3.80亿，成为我国的第一大上网终端。而从艾瑞咨询统计数据可知，2012年第二季度中国网络经济整体规模达943.4亿元，同期移动互联网市场规模仅为126.5亿元。&lt;/p&gt;\n&lt;p&gt;&amp;nbsp;&lt;/p&gt;\n&lt;p&gt;随着网民手机上网比例首次超过传统互联网，移动互联网正成为当前最为重要的新兴市场。世界营销大师：克里曼特&amp;middot;斯通认为，未来的营销，不需要太多的渠道，只要能让你的产品进入销售者的手机，就是最好的营销！&lt;/p&gt;\n&lt;p&gt;&amp;nbsp;&lt;/p&gt;\n&lt;p&gt;据艾瑞咨询分析，2012年移动互联网市场仍然保持着良好的发展势头，智能终端的加速普及不断促进移动互联网行业的快速发展。人们使用手机看新闻、看天气预报、登录社交网络、搜索信息和看地图，手机俨然成为多媒体中最快捷、方便、具备普及性并拥有一定强制性的媒体平台。移动互联网时代，只要人们有智能手机，都会是企业发展的潜在的商机。&lt;/p&gt;\n&lt;p&gt;&amp;nbsp;&lt;/p&gt;\n&lt;p&gt;从市场发展趋势来看，移动互联网继续保持高速发展的增长态势，具体到各个细分领域，移动购物、移动营销和移动搜索都保持着较高的增长速度，虽然移动互联网行业尚处于起步发展阶段，但每个细分领域都处于高速增长的发展阶段。&lt;/p&gt;\n&lt;p&gt;&amp;nbsp;&lt;/p&gt;\n&lt;p&gt;易思ESPCMS---决胜移动互联网的新利器&lt;/p&gt;\n&lt;p&gt;&amp;nbsp;&lt;/p&gt;\n&lt;p&gt;移动互联时代对于每一个中国企业来说都是平等且充满机会的时代，对于实力雄厚的大企业来说，跟上这个新时代的角度并非难事，但还有超过1000多万中小企业，他们该如何跟上移动互联的脚步？&lt;/p&gt;\n&lt;p&gt;&amp;nbsp;&lt;/p&gt;\n&lt;p&gt;一直致力于为中国的中小企业提供网上网下一站式企业资源整合服务的易思ESPCMS，正在为中小企业架起一座通往移动互联时代的桥梁。&lt;/p&gt;\n&lt;p&gt;&amp;nbsp;&lt;/p&gt;\n&lt;p&gt;在第11届国际信息产业周的现场，记者就感知了EARLINK自主研发的，一款被视为&amp;ldquo;移动互联网新利器&amp;rdquo;的全球专属移动建站平台---易思ESPCMS的魅力！&lt;/p&gt;\n&lt;p&gt;&amp;nbsp;&lt;/p&gt;\n&lt;p&gt;在展位现场，EARLINK工作人员向小编展示了一款名为&amp;ldquo;ESPCMS&amp;rdquo;的移动建站平台。据了解，该平台是在基于最新一代HTML 5技术的基础上，为企业及个人量身定制的专业移动网站，具有访问高效、内容简洁、重点突出、互动便捷、多应用联动等特点。打破传统网站固有模式，创造超凡的用户体验，为广大中小企业及个人打造品牌传播、营销推广、客户服务三位一体的超强聚合平台！&lt;/p&gt;\n&lt;p&gt;&amp;nbsp;&lt;/p&gt;\n&lt;p&gt;被业界称为移动互联网利器的&amp;ldquo;ESPCMS&amp;rdquo;是否能突破前者困障，在移动互联网的热潮之下，胜利着陆，获得客户对该移动互联网应用的高度认可呢？这款&amp;ldquo;ESPCMS&amp;rdquo;的移动建站平台，究竟融合了多少创新之举？&lt;/p&gt;\n&lt;p&gt;&amp;nbsp;&lt;/p&gt;\n&lt;p&gt;易思ESPCMS---提升品牌价值的专业平台&lt;/p&gt;\n&lt;p&gt;&amp;nbsp;&lt;/p&gt;\n&lt;p&gt;EARCLINK董事长黄黄祥云先生在与小编谈及这款作品的研发背景时，多次强调了&amp;ldquo;客户需求&amp;rdquo;一词。他称，移动互联网时代也亦称为&amp;ldquo;手指经济时代&amp;rdquo;，人们习惯用手指的操作来获取不同信息源提供的资讯服务，而易思ESPCMS在总结多年的客户服务方面，将以先进的信息系统和管理技术不断提升平台及品牌的威力，整合业务和资源并能达到相互交融的状态，为客户提供最为全面及创新的移动应用服务。&lt;/p&gt;\n&lt;p&gt;&amp;nbsp;&lt;/p&gt;\n&lt;p&gt;据易思ESPCMS研发人员介绍，该款&amp;ldquo;易思ESPCMS&amp;rdquo;平台将承载EARCLINK5年优秀的客户服务经验，拥有最专业的团队全新研发打造。首次通过可信认证，在运营、数据等基础方面保障客户账号安全，全力研发的7*24无故障云安全服务保障则确保该平台的稳定无故障运行。&lt;/p&gt;\n&lt;p&gt;&amp;nbsp;&lt;/p&gt;\n&lt;p&gt;在优化用户访问方面，该平台将结合最新HTML 5 与BGP专线独享网络链路技术，用户可以一键直达网站，更方便快捷。同时，EARCLINK将互联网域名、SEO优化等主要服务集合在一起，并结合各大主流分享平台，用户可以在浏览移动网站的同时一键分享该网站的资讯服务、定制服务，&amp;ldquo;易思ESPCMS&amp;rdquo;更显得人性化。&lt;/p&gt;\n&lt;p&gt;&amp;nbsp;&lt;/p&gt;\n&lt;p&gt;为避免后台操作的复杂及数据的丢失，&amp;ldquo;易思ESPCMS&amp;rdquo;特设置双后台管理。PC后台，点击哪里修改哪里，所见即所得，简单、高效；手机后台，一键登入，能及时查看并回复留言，商机一手把握！&lt;/p&gt;\n&lt;p&gt;&amp;nbsp;&lt;/p&gt;\n&lt;p&gt;更值得一提的是，用户不仅可通过手机，还可通过平板电脑、PC等多种终端极速访问该平台企业移动网站，解决了访问平台限制的困境，全方位优化了企业品牌资讯的传播，开启了企业网络营销的多屏时代。&lt;/p&gt;'),
(16, 19, '&lt;p&gt;微信也是一样，在微信发展的如火如荼的背后，微信第三方也早已经满地狼烟，微信超过6亿的用户为其营造了极大的商业氛围，微信自身会搞定一些大客户，那么剩下的自然是由微信的合作第三方来搞定。目前而言，微信开发技术并没有什么门槛，广大中小用户的微信开发需求让很多公司看到了这个机会，一时间蜂拥而进，微信第三方开发公司已经发展成了不小的市场规模，已经成为一个产业，即微信第三方产业。&lt;/p&gt;\n&lt;p&gt;在微信第三方这个领域，出现了很多牛逼的公司，譬如ESPCMS、微信财路通等，这些公司在微信发展伊始就发现微信服务是个巨大的蓝海，在大部分人还不能熟练操作微信的时候就开始探索微信服务这个领域，对微信营销及微信开发做了很多研究，到商家们开始有微信开发的需求的时候，他们已经小有所成，这些公司已经服务过很多企业，并且得到商家的认可，以此成为微信第三方企业的翘楚。&lt;/p&gt;\n&lt;p&gt;随着市场上微信营销的需求日益旺盛，商家们的个性化营销需求也越来越多，用户的需求越多就意味着微信第三方的售后服务问题需要解决;此外还有一些刚刚接微信营销系统的商家甚至不知道如何去运营，导致营销效果非常不理想，这也使微信第三方企业在推广上受到一定的限制。&lt;/p&gt;\n&lt;p&gt;而对于一些小开发商来说，微信第三方这个行业&amp;ldquo;进入容易做好太难&amp;rdquo;，不是简单的开发一个系统然后让客户接入就完事了，更多的是在服务客户的方面，良好的服务能带来更好的口碑，因此在这个领域客服人员甚至比开发人员更重要，人力成本会大大增加，这也间接导致小型商家在微信第三方行业的危机大于商机。&lt;/p&gt;\n&lt;p&gt;在2014年开始，随着企业对微信的进一步了解，企业微信公众号迎来井喷式增长，微信第三方也变的越发重要，面对这么多的微信第三方行业的诞生，对于企业而言选一个合适的第三方企业开发是重要的，而对于微信第三方企业而言，显然哪家企业能提供更好的服务，哪家企业就能以质取胜，希望这个行业能够通过收购整合出现几个更具备实力的大佬，以服务更多的商家。&lt;/p&gt;'),
(17, 20, '&lt;p&gt;为了进一步提升用户体验，微信公众平台日前再次进行改版。新版本新增了开发者中心，并对超过164处细节进行了改进，整体呈现出扁平清新的视觉风格，在提供更为丰富的功能的同时，化繁为简，全面提升了平台的使用效率。&lt;/p&gt;\n&lt;p&gt;此外，为便于企业或商家认知及申请微信支付功能，公众平台原&amp;ldquo;商户功能&amp;rdquo;更名为&amp;ldquo;微信支付&amp;rdquo;。更名后微信支付具体功能保持不变，仍为集推广销售、支付收款、经营分析等功能的整套解决方案。&lt;/p&gt;'),
(18, 21, '&lt;p&gt;ESPCMS自20005年被EARCLINK研发出来之后，就一直深受广大业内人士的喜爱和追捧。9年来的发展，就不仅赢得了国内首款权威软件的荣誉称号也得到了中国社会化媒体的大力支持，国内最全的社会化媒体平台&amp;mdash;&amp;mdash;X传播平台的鼎力相助。ESPCMS以其严谨的企业态度，说到做到的决心以及立志做社会化营销的领跑者的敢为天下先的勇气和担当，奠定了其在业界的领导地位。&lt;/p&gt;\n&lt;p&gt;据统计，ESPCMS实际下载量超过50万，用户遍及全国。这骄人的成绩，绝不是偶然的。ESPCMS总负责人黄祥云对记者说：&amp;ldquo;没有准备的企业是一定会被市场所淘汰的!&amp;rdquo;这斩钉截铁的话语，源自于黄祥云对ESPCMS未来发展的信心和寄托了对全体员工的殷切希望。记者在对ESPCMS的采访中，深深的感受到这是一个年轻的，有活力，有激情的团队，每个人身上所散发出敢拼敢做的精神无时无刻不震撼着笔者。&lt;/p&gt;\n&lt;p&gt;ESPCMS不做第二只做第一&amp;nbsp;&lt;/p&gt;\n&lt;p&gt;在这一年中，ESPCMS创造了一个又一个奇迹。易思ESPCMS第一品牌，国内首款企业网站综合应用管理软件;打造了业内最全的功能软件，研发了以微网站、智能平台、企业应用等为代表的企业网站应用核心软件，创新突破了传统商业单一模式，成功打造了国内第一款从&amp;ldquo;软件+手机+微信+推广&amp;rdquo;四方面提供解决方案的网站营销产品;&lt;/p&gt;\n&lt;p&gt;&amp;ldquo;ESPCMS的成功，没有秘诀，只有不满足，一个立志做社会化营销领跑者的企业只有紧跟市场动向，做找市场空缺。要有胆大心细的态度，敢为天下先的勇气，不做第二的决心和毅力，别人才会尊重你，你才可能获得成功。ESPCMS的未来是光明的，一定会经得起时间的考验，市场的检阅!&amp;rdquo;采访的最后，黄祥云如是对记者说。&lt;/p&gt;'),
(19, 22, '&lt;table width=&quot;100%&quot;&gt;\n&lt;tbody&gt;\n&lt;tr&gt;\n&lt;td&gt;职位名称：&lt;/td&gt;\n&lt;td&gt;活动运营专员&lt;/td&gt;\n&lt;td&gt;&lt;br /&gt;&lt;/td&gt;\n&lt;td&gt;&lt;br /&gt;&lt;/td&gt;\n&lt;/tr&gt;\n&lt;tr&gt;\n&lt;td&gt;职位类别：&lt;/td&gt;\n&lt;td colspan=&quot;3&quot;&gt;市场&lt;/td&gt;\n&lt;/tr&gt;\n&lt;tr&gt;\n&lt;td&gt;工作职责：&lt;/td&gt;\n&lt;td colspan=&quot;3&quot;&gt;\n&lt;p&gt;1. 策划与制定小米社区各类线下活动方案；&lt;/p&gt;\n&lt;p&gt;2. 协助外部联系；&lt;/p&gt;\n&lt;p&gt;3. 协助发起与完成内部相关流程；&lt;/p&gt;\n&lt;p&gt;4. 发起、审核及邀请活动参与名单；&lt;/p&gt;\n&lt;p&gt;5. 协助撰写活动流程；&lt;/p&gt;\n&lt;p&gt;6. 协助安排现场工作；&lt;/p&gt;\n&lt;p&gt;8. 对活动效果进行反馈、数据分析及经验总结；&lt;/p&gt;\n&lt;/td&gt;\n&lt;/tr&gt;\n&lt;tr&gt;\n&lt;td&gt;工作要求：&lt;/td&gt;\n&lt;td colspan=&quot;3&quot;&gt;\n&lt;p&gt;1. 有线下活动策划与组织的经验；&lt;/p&gt;\n&lt;p&gt;2. 思维敏捷富有创造力，工作态度细致认真，应变能力强&lt;/p&gt;\n&lt;p&gt;3. 了解喜欢小米手机；&lt;/p&gt;\n&lt;p&gt;4. 有强烈的工作意愿和热情，能接受较强的工作强度；&lt;/p&gt;\n&lt;p&gt;5. 愿意长期出差；&lt;/p&gt;\n&lt;p&gt;6. 有一定的外部平台资源；&lt;/p&gt;\n&lt;/td&gt;\n&lt;/tr&gt;\n&lt;/tbody&gt;\n&lt;/table&gt;'),
(20, 23, '&lt;p&gt;1、有团队精神、品行端正、沟通表达能力强、有上进心态和求知欲望；&lt;/p&gt;\n&lt;p&gt;2、精通MYSQL数据库；了解使用Linux等系统；&lt;/p&gt;\n&lt;p&gt;3、熟悉常见系统开发原理，如新闻、商城、论坛、人才网站等...&lt;/p&gt;\n&lt;p&gt;4、有独立开发的作品优先；&lt;/p&gt;\n&lt;p&gt;5、最少三年以上互联网编程经验；&lt;/p&gt;'),
(21, 24, '&lt;p&gt;1、有团队精神、品行端正、沟通表达能力强、有上进心态和求知欲望；&lt;/p&gt;\n&lt;p&gt;2、具有良好的创意设计能力，及良好的色彩感；&lt;/p&gt;\n&lt;p&gt;3、能充分把握目标任务，理解设计的需求，准确表达创意概念；&lt;/p&gt;\n&lt;p&gt;4、善于与人沟通，能清晰地表达作品内容，具有强烈的责任感和团队合作精神；&lt;/p&gt;\n&lt;p&gt;5、传送简历时请附上个人设计作品（10个以上）；&lt;/p&gt;\n&lt;p&gt;6、网页设计工作两年以上的经验，懂PHP基本知识的优先考虑；&lt;/p&gt;'),
(22, 25, '&lt;p&gt;升级包版本：V1.0&lt;/p&gt;\n&lt;p&gt;介绍：本软件使得APM改装，集成了最新版的Apache服务器，是您运行PHP环境的理想工具。&lt;/p&gt;\n&lt;p&gt;说明：本软件为绿色软件，可能会出现360或其它杀毒软件拦截的情况出现，但本人保证，绝对没有使用任何盗取您隐私信息的脚本！&lt;/p&gt;\n&lt;p&gt;EasySiteServer集成软件如下：&lt;/p&gt;\n&lt;blockquote&gt;\n&lt;p&gt;Apache/2.0.58 (Win32) PHP/5.2.11&lt;/p&gt;\n&lt;p&gt;MySQL 客户端版本: 5.0.51a&lt;/p&gt;\n&lt;p&gt;phpMyAdmin3.2.0.1&lt;/p&gt;\n&lt;p&gt;Zend Optimizer v3.3.3&lt;/p&gt;\n&lt;p&gt;Zend Debugger v5.2.6&lt;/p&gt;\n&lt;/blockquote&gt;\n&lt;p&gt;EasySiteServer使用说明：&lt;/p&gt;\n&lt;blockquote&gt;\n&lt;p&gt;1、请将软件直接解压到C盘或者D盘，建议不要和系统盘放在一起；&lt;/p&gt;\n&lt;p&gt;2、启动目录文件中的：EasySiteServer.exe文件；&lt;/p&gt;\n&lt;p&gt;3、将php程序放置于：HTML目录下&lt;/p&gt;\n&lt;p&gt;4、使用http://127.0.0.1/或者http://localhost/直接访问相关网页&lt;/p&gt;\n&lt;p&gt;5、您可以使用http://127.0.0.1/admin/ 来访问phpMyAdmin数据库管理系统&lt;/p&gt;\n&lt;/blockquote&gt;'),
(23, 8, '&lt;p&gt;&lt;strong&gt;代理商资质&lt;/strong&gt;&lt;/p&gt;\n&lt;p&gt;条件一：工商合法注册，能够独立承担民事责任，遵守双方承诺、约定或协议；&amp;nbsp;&lt;/p&gt;\n&lt;p&gt;条件二：从事互联网营销两年以上，熟悉互联网、媒体、广告市场和相关产品；&amp;nbsp;&lt;/p&gt;\n&lt;p&gt;条件三：能够配合总部开展当地市场推广和组织会议营销等活动；&lt;/p&gt;\n&lt;p&gt;条件四： 销售团队成熟，能够为用户提供基于微匠产品的服务，及直接、准确的业务咨询服务&amp;amp;业务受理能力。&lt;/p&gt;\n&lt;p&gt;&amp;nbsp;&lt;/p&gt;\n&lt;p&gt;&lt;strong&gt;服务支持&lt;/strong&gt;&lt;/p&gt;\n&lt;p&gt;根据代理商地区市场行情，给予代理合作商代理折扣价格，保证代理商利益；&lt;/p&gt;\n&lt;p&gt;免费提供后台和人员的培训；&lt;/p&gt;\n&lt;p&gt;免费提供面对客户的业务咨询培训、系统预算方案制作培训、销售、谈判技巧等。&lt;/p&gt;\n&lt;p&gt;&amp;nbsp;&lt;/p&gt;\n&lt;p&gt;&lt;strong&gt;代理商签约流程&lt;/strong&gt;&lt;/p&gt;\n&lt;p&gt;1.提交合作申请，在线填写并提交《代理商申请表》或致电：&lt;/p&gt;\n&lt;p&gt;2.客服受理，客服受理代理商预审并提交到渠道部由渠道经理跟进洽谈&lt;/p&gt;\n&lt;p&gt;3.签约合作，确认合作意向并完成代理协议签约&lt;/p&gt;\n&lt;p&gt;4.开通代理商权限，由总部开放代理权限并提供相关业务拓展的培训和支持&lt;/p&gt;'),
(24, 26, '&lt;p&gt;ESPCMS易思V6版发布，启动招商合作洽谈。&lt;/p&gt;\n&lt;p&gt;欢迎您来电咨询！&lt;/p&gt;\n&lt;p&gt;招商咨询电话：4008-958-095&lt;/p&gt;');
INSERT INTO `esp_document_content` (`dcid`, `did`, `content`) VALUES
(25, 7, '&lt;p style=&quot;padding: 0px; margin: 0px; color: #6e6e6e; font-family: Arial, Helvetica, sans-serif;&quot;&gt;&lt;img style=&quot;padding: 0px; margin: 0px auto; display: block;&quot; src=&quot;http://www.ecisp.cn/upfile/content/1.jpg&quot; alt=&quot;&quot; width=&quot;706&quot; height=&quot;83&quot; /&gt;&lt;/p&gt;\n&lt;p style=&quot;padding: 0px; margin: 0px; color: #6e6e6e; font-family: Arial, Helvetica, sans-serif;&quot;&gt;&lt;img style=&quot;padding: 0px; margin: 0px auto; display: block;&quot; src=&quot;http://www.ecisp.cn/upfile/content/line.jpg&quot; alt=&quot;&quot; width=&quot;694&quot; height=&quot;26&quot; /&gt;&lt;/p&gt;\n&lt;p style=&quot;padding: 0px; margin: 0px; color: #6e6e6e; font-family: Arial, Helvetica, sans-serif;&quot;&gt;&lt;img style=&quot;padding: 0px; margin: 0px auto; display: block;&quot; src=&quot;http://www.ecisp.cn/upfile/content/2.jpg&quot; alt=&quot;&quot; width=&quot;706&quot; height=&quot;426&quot; /&gt;&lt;/p&gt;\n&lt;p style=&quot;padding: 0px; margin: 0px; color: #6e6e6e; font-family: Arial, Helvetica, sans-serif;&quot;&gt;&lt;img style=&quot;padding: 0px; margin: 0px auto; display: block;&quot; src=&quot;http://www.ecisp.cn/upfile/content/line.jpg&quot; alt=&quot;&quot; width=&quot;694&quot; height=&quot;26&quot; /&gt;&lt;/p&gt;\n&lt;table style=&quot;padding: 0px; margin: 0px auto; border-collapse: collapse; color: #6e6e6e; font-family: Arial, Helvetica, sans-serif; font-size: 12px;&quot; border=&quot;0&quot;&gt;\n&lt;tbody style=&quot;padding: 0px; margin: 0px;&quot;&gt;\n&lt;tr style=&quot;padding: 0px; margin: 0px; border-width: 0px;&quot; valign=&quot;top&quot;&gt;\n&lt;td style=&quot;padding: 0px; margin: 0px; border-width: 0px;&quot;&gt;&lt;img style=&quot;padding: 0px; margin: 0px;&quot; src=&quot;http://www.ecisp.cn/upfile/content/3.jpg&quot; alt=&quot;ESPCMS功能&quot; /&gt;&lt;/td&gt;\n&lt;td class=&quot;goodsreadstr&quot; style=&quot;padding: 25px 0px 40px; margin: 0px; border-width: 0px; float: left; width: 447px;&quot;&gt;\n&lt;p class=&quot;t&quot; style=&quot;padding: 0px 0px 10px; margin: 0px; font-size: 20px; font-family: 微软雅黑, 黑体, 幼圆, Arial, Helvetica, sans-serif; font-weight: bold;&quot;&gt;完善的模块自定义及内容管理功能&lt;/p&gt;\n&lt;p class=&quot;s&quot; style=&quot;padding: 0px; margin: 0px; font-size: 14px; line-height: 25px; color: #a3a3a3; font-weight: bold;&quot;&gt;ESPCMS拥有强大的内容发布模型自定义功能，可以通过模型自定义功能扩展出产品、新闻、招聘、下载等多种不同内容发布及字段显示功能，以达到不同行业及不同类型企业网站的发布需要。&lt;/p&gt;\n&lt;ul style=&quot;padding: 10px 0px 0px; margin: 0px; float: left; list-style: none;&quot;&gt;\n&lt;li style=&quot;padding: 5px 0px 5px 25px; margin: 0px; float: left; line-height: 25px; color: #a3a3a3; background-image: url(http://www.ecisp.cn/templates/ecispcn2012/images/icon5.gif); font-size: 14px; overflow: hidden; background-position: 0px 10px; background-repeat: no-repeat no-repeat;&quot;&gt;支持地图、视频、图片、音频、分享等内容上传&lt;/li&gt;\n&lt;li style=&quot;padding: 5px 0px 5px 25px; margin: 0px; float: left; line-height: 25px; color: #a3a3a3; background-image: url(http://www.ecisp.cn/templates/ecispcn2012/images/icon5.gif); font-size: 14px; overflow: hidden; background-position: 0px 10px; background-repeat: no-repeat no-repeat;&quot;&gt;支持无限分类、专题、品牌、内容相册功能&lt;/li&gt;\n&lt;li style=&quot;padding: 5px 0px 5px 25px; margin: 0px; float: left; line-height: 25px; color: #a3a3a3; background-image: url(http://www.ecisp.cn/templates/ecispcn2012/images/icon5.gif); font-size: 14px; overflow: hidden; background-position: 0px 10px; background-repeat: no-repeat no-repeat;&quot;&gt;支持内容评论、留言功能&lt;/li&gt;\n&lt;li style=&quot;padding: 5px 0px 5px 25px; margin: 0px; float: left; line-height: 25px; color: #a3a3a3; background-image: url(http://www.ecisp.cn/templates/ecispcn2012/images/icon5.gif); font-size: 14px; overflow: hidden; background-position: 0px 10px; background-repeat: no-repeat no-repeat;&quot;&gt;支持内容及分类访问权限自定义、个性模板自定义&lt;/li&gt;\n&lt;li style=&quot;padding: 5px 0px 5px 25px; margin: 0px; float: left; line-height: 25px; color: #a3a3a3; background-image: url(http://www.ecisp.cn/templates/ecispcn2012/images/icon5.gif); font-size: 14px; overflow: hidden; background-position: 0px 10px; background-repeat: no-repeat no-repeat;&quot;&gt;可以发布多图展示、相关内容关联、阅读权限、点击数自定义、发布时间自定义、生成文件名自定义、内容跳转链接等&lt;/li&gt;\n&lt;/ul&gt;\n&lt;/td&gt;\n&lt;/tr&gt;\n&lt;/tbody&gt;\n&lt;/table&gt;\n&lt;p style=&quot;padding: 0px; margin: 0px; color: #6e6e6e; font-family: Arial, Helvetica, sans-serif;&quot;&gt;&lt;img style=&quot;padding: 0px; margin: 0px auto; display: block;&quot; src=&quot;http://www.ecisp.cn/upfile/content/line.jpg&quot; alt=&quot;ESPCMS&quot; /&gt;&lt;/p&gt;\n&lt;table style=&quot;padding: 0px; margin: 0px auto; border-collapse: collapse; color: #6e6e6e; font-family: Arial, Helvetica, sans-serif; font-size: 12px;&quot; border=&quot;0&quot;&gt;\n&lt;tbody style=&quot;padding: 0px; margin: 0px;&quot;&gt;\n&lt;tr style=&quot;padding: 0px; margin: 0px; border-width: 0px;&quot; valign=&quot;top&quot;&gt;\n&lt;td class=&quot;goodsreadstr&quot; style=&quot;padding: 25px 0px 40px; margin: 0px; border-width: 0px; float: left; width: 447px;&quot;&gt;\n&lt;p class=&quot;t&quot; style=&quot;padding: 0px 0px 10px; margin: 0px; font-size: 20px; font-family: 微软雅黑, 黑体, 幼圆, Arial, Helvetica, sans-serif; font-weight: bold;&quot;&gt;强大的SEO搜索优化及营销功能&lt;/p&gt;\n&lt;p class=&quot;s&quot; style=&quot;padding: 0px; margin: 0px; font-size: 14px; line-height: 25px; color: #a3a3a3; font-weight: bold;&quot;&gt;拥有齐全的SEO优化功能，支持内容内链自定义、外链自定义，支持网页Title、Keywords、Description自定义功能，支持链接地址自定义、生成路径自定义，支持&lt;strong style=&quot;padding: 0px; margin: 0px;&quot;&gt;伪静态，纯静态，动态页面&lt;/strong&gt;访问。支持TAG标签、RSS、分享等功能；可以方便集成百度、QQ、淘宝、新浪等国内主流网站的插件。&lt;/p&gt;\n&lt;ul style=&quot;padding: 10px 0px 0px; margin: 0px; float: left; width: 447px; list-style: none;&quot;&gt;\n&lt;li style=&quot;padding: 5px 0px 5px 25px; margin: 0px; float: left; line-height: 25px; color: #a3a3a3; background-image: url(http://www.ecisp.cn/templates/ecispcn2012/images/icon5.gif); font-size: 14px; overflow: hidden; background-position: 0px 10px; background-repeat: no-repeat no-repeat;&quot;&gt;支持SEO全站优化、关键字自定义、全站关键字分组，关键字与内容分类或模型关联。&lt;/li&gt;\n&lt;li style=&quot;padding: 5px 0px 5px 25px; margin: 0px; float: left; line-height: 25px; color: #a3a3a3; background-image: url(http://www.ecisp.cn/templates/ecispcn2012/images/icon5.gif); font-size: 14px; overflow: hidden; background-position: 0px 10px; background-repeat: no-repeat no-repeat;&quot;&gt;邮件订阅管理、支持多订阅分组，满足不同种类的订阅需求，支持邮件批量导入导出。&lt;/li&gt;\n&lt;li style=&quot;padding: 5px 0px 5px 25px; margin: 0px; float: left; line-height: 25px; color: #a3a3a3; background-image: url(http://www.ecisp.cn/templates/ecispcn2012/images/icon5.gif); font-size: 14px; overflow: hidden; background-position: 0px 10px; background-repeat: no-repeat no-repeat;&quot;&gt;邮件群发支持、可以定期发布公司广告、新产品推荐等操作；&lt;/li&gt;\n&lt;li style=&quot;padding: 5px 0px 5px 25px; margin: 0px; float: left; line-height: 25px; color: #a3a3a3; background-image: url(http://www.ecisp.cn/templates/ecispcn2012/images/icon5.gif); font-size: 14px; overflow: hidden; background-position: 0px 10px; background-repeat: no-repeat no-repeat;&quot;&gt;支持手机短信群发、定点短信群发；&lt;/li&gt;\n&lt;li style=&quot;padding: 5px 0px 5px 25px; margin: 0px; float: left; line-height: 25px; color: #a3a3a3; background-image: url(http://www.ecisp.cn/templates/ecispcn2012/images/icon5.gif); font-size: 14px; overflow: hidden; background-position: 0px 10px; background-repeat: no-repeat no-repeat;&quot;&gt;支持微信、旺信好友推送功能；&lt;/li&gt;\n&lt;li style=&quot;padding: 5px 0px 5px 25px; margin: 0px; float: left; line-height: 25px; color: #a3a3a3; background-image: url(http://www.ecisp.cn/templates/ecispcn2012/images/icon5.gif); font-size: 14px; overflow: hidden; background-position: 0px 10px; background-repeat: no-repeat no-repeat;&quot;&gt;集成QQ、阿里、新浪、百度等国内主流一键注册登陆功能&lt;/li&gt;\n&lt;/ul&gt;\n&lt;/td&gt;\n&lt;td style=&quot;padding: 0px; margin: 0px; border-width: 0px;&quot;&gt;&lt;img style=&quot;padding: 0px; margin: 0px;&quot; src=&quot;http://www.ecisp.cn/upfile/content/4.jpg&quot; alt=&quot;&quot; /&gt;&lt;/td&gt;\n&lt;/tr&gt;\n&lt;/tbody&gt;\n&lt;/table&gt;\n&lt;p style=&quot;padding: 0px; margin: 0px; color: #6e6e6e; font-family: Arial, Helvetica, sans-serif;&quot;&gt;&lt;img style=&quot;padding: 0px; margin: 0px auto; display: block;&quot; src=&quot;http://www.ecisp.cn/upfile/content/line.jpg&quot; alt=&quot;ESPCMS&quot; /&gt;&lt;/p&gt;\n&lt;table style=&quot;padding: 0px; margin: 0px auto; border-collapse: collapse; color: #6e6e6e; font-family: Arial, Helvetica, sans-serif; font-size: 12px;&quot; border=&quot;0&quot;&gt;\n&lt;tbody style=&quot;padding: 0px; margin: 0px;&quot;&gt;\n&lt;tr style=&quot;padding: 0px; margin: 0px; border-width: 0px;&quot; valign=&quot;top&quot;&gt;\n&lt;td style=&quot;padding: 0px; margin: 0px; border-width: 0px;&quot;&gt;&lt;img style=&quot;padding: 0px; margin: 0px;&quot; src=&quot;http://www.ecisp.cn/upfile/content/10.jpg&quot; alt=&quot;ESPCMS手机网站功能&quot; /&gt;&lt;/td&gt;\n&lt;td class=&quot;goodsreadstr&quot; style=&quot;padding: 25px 0px 40px; margin: 0px; border-width: 0px; float: left; width: 447px;&quot;&gt;\n&lt;p class=&quot;t&quot; style=&quot;padding: 0px 0px 10px; margin: 0px; font-size: 20px; font-family: 微软雅黑, 黑体, 幼圆, Arial, Helvetica, sans-serif; font-weight: bold;&quot;&gt;功能强大的WAP手机及平板网站&lt;/p&gt;\n&lt;p class=&quot;s&quot; style=&quot;padding: 0px; margin: 0px; font-size: 14px; line-height: 25px; color: #a3a3a3; font-weight: bold;&quot;&gt;ESPCMS拥有强大的手机网站功能，可以自定义手机网站界面，支持拖放、一键拨号、地图定位等大屏手机功能。&lt;/p&gt;\n&lt;ul style=&quot;padding: 10px 0px 0px; margin: 0px; float: left; width: 447px; list-style: none;&quot;&gt;\n&lt;li style=&quot;padding: 5px 0px 5px 25px; margin: 0px; float: left; line-height: 25px; color: #a3a3a3; background-image: url(http://www.ecisp.cn/templates/ecispcn2012/images/icon5.gif); font-size: 14px; overflow: hidden; background-position: 0px 10px; background-repeat: no-repeat no-repeat;&quot;&gt;支持手机网站自定义URL网址；&lt;/li&gt;\n&lt;li style=&quot;padding: 5px 0px 5px 25px; margin: 0px; float: left; line-height: 25px; color: #a3a3a3; background-image: url(http://www.ecisp.cn/templates/ecispcn2012/images/icon5.gif); font-size: 14px; overflow: hidden; background-position: 0px 10px; background-repeat: no-repeat no-repeat;&quot;&gt;支持手机及平板访问识别，移动设备访问时自动跳转到手机网站；&lt;/li&gt;\n&lt;li style=&quot;padding: 5px 0px 5px 25px; margin: 0px; float: left; line-height: 25px; color: #a3a3a3; background-image: url(http://www.ecisp.cn/templates/ecispcn2012/images/icon5.gif); font-size: 14px; overflow: hidden; background-position: 0px 10px; background-repeat: no-repeat no-repeat;&quot;&gt;网站后台加入手机管理功能，可以在手机等移动平台上面方便管理网站相关信息；&lt;/li&gt;\n&lt;li style=&quot;padding: 5px 0px 5px 25px; margin: 0px; float: left; line-height: 25px; color: #a3a3a3; background-image: url(http://www.ecisp.cn/templates/ecispcn2012/images/icon5.gif); font-size: 14px; overflow: hidden; background-position: 0px 10px; background-repeat: no-repeat no-repeat;&quot;&gt;集成手机支付、手机短信、手机定位等领先的移动平台功能；&lt;/li&gt;\n&lt;li style=&quot;padding: 5px 0px 5px 25px; margin: 0px; float: left; line-height: 25px; color: #a3a3a3; background-image: url(http://www.ecisp.cn/templates/ecispcn2012/images/icon5.gif); font-size: 14px; overflow: hidden; background-position: 0px 10px; background-repeat: no-repeat no-repeat;&quot;&gt;支持苹果iPhone、安卓Android、微软WP、PAD等主流移动终端&lt;/li&gt;\n&lt;li style=&quot;padding: 5px 0px 5px 25px; margin: 0px; float: left; line-height: 25px; color: #a3a3a3; background-image: url(http://www.ecisp.cn/templates/ecispcn2012/images/icon5.gif); font-size: 14px; overflow: hidden; background-position: 0px 10px; background-repeat: no-repeat no-repeat;&quot;&gt;支持移动终端二维码地址生成&lt;/li&gt;\n&lt;li style=&quot;padding: 5px 0px 5px 25px; margin: 0px; float: left; line-height: 25px; color: #a3a3a3; background-image: url(http://www.ecisp.cn/templates/ecispcn2012/images/icon5.gif); font-size: 14px; overflow: hidden; background-position: 0px 10px; background-repeat: no-repeat no-repeat;&quot;&gt;可定义手机APP软件，支持APP终端下载（需另付费）&lt;/li&gt;\n&lt;/ul&gt;\n&lt;/td&gt;\n&lt;/tr&gt;\n&lt;/tbody&gt;\n&lt;/table&gt;\n&lt;p style=&quot;padding: 0px; margin: 0px; color: #6e6e6e; font-family: Arial, Helvetica, sans-serif;&quot;&gt;&lt;img style=&quot;padding: 0px; margin: 0px auto; display: block;&quot; src=&quot;http://www.ecisp.cn/upfile/content/line.jpg&quot; alt=&quot;ESPCMS&quot; /&gt;&lt;/p&gt;\n&lt;table style=&quot;padding: 0px; margin: 0px auto; border-collapse: collapse; color: #6e6e6e; font-family: Arial, Helvetica, sans-serif; font-size: 12px;&quot; border=&quot;0&quot;&gt;\n&lt;tbody style=&quot;padding: 0px; margin: 0px;&quot;&gt;\n&lt;tr style=&quot;padding: 0px; margin: 0px; border-width: 0px;&quot; valign=&quot;top&quot;&gt;\n&lt;td class=&quot;goodsreadstr&quot; style=&quot;padding: 25px 0px 40px; margin: 0px; border-width: 0px; float: left; width: 447px;&quot;&gt;\n&lt;p class=&quot;t&quot; style=&quot;padding: 0px 0px 10px; margin: 0px; font-size: 20px; font-family: 微软雅黑, 黑体, 幼圆, Arial, Helvetica, sans-serif; font-weight: bold;&quot;&gt;轻松搭建国际化的企业网站&lt;/p&gt;\n&lt;p class=&quot;s&quot; style=&quot;padding: 0px; margin: 0px; font-size: 14px; line-height: 25px; color: #a3a3a3; font-weight: bold;&quot;&gt;ESPCMS采用国际的UTF-8编码，适应所有国家的语言，轻松搭建各国语言网站，并支持简繁文字及图片识别转换，轻松打造华语网站平台；&lt;/p&gt;\n&lt;ul style=&quot;padding: 10px 0px 0px; margin: 0px; float: left; width: 447px; list-style: none;&quot;&gt;\n&lt;li style=&quot;padding: 5px 0px 5px 25px; margin: 0px; float: left; line-height: 25px; color: #a3a3a3; background-image: url(http://www.ecisp.cn/templates/ecispcn2012/images/icon5.gif); font-size: 14px; overflow: hidden; background-position: 0px 10px; background-repeat: no-repeat no-repeat;&quot;&gt;支持各语言网站模板自定；&lt;/li&gt;\n&lt;li style=&quot;padding: 5px 0px 5px 25px; margin: 0px; float: left; line-height: 25px; color: #a3a3a3; background-image: url(http://www.ecisp.cn/templates/ecispcn2012/images/icon5.gif); font-size: 14px; overflow: hidden; background-position: 0px 10px; background-repeat: no-repeat no-repeat;&quot;&gt;支持各语言站点站群通信，方便各网站跨服务器访问及快速维护；&lt;/li&gt;\n&lt;li style=&quot;padding: 5px 0px 5px 25px; margin: 0px; float: left; line-height: 25px; color: #a3a3a3; background-image: url(http://www.ecisp.cn/templates/ecispcn2012/images/icon5.gif); font-size: 14px; overflow: hidden; background-position: 0px 10px; background-repeat: no-repeat no-repeat;&quot;&gt;支持简繁文字转换（请注意是内码转码），做到港澳台及繁体版操作系统的正确识别；&lt;/li&gt;\n&lt;li style=&quot;padding: 5px 0px 5px 25px; margin: 0px; float: left; line-height: 25px; color: #a3a3a3; background-image: url(http://www.ecisp.cn/templates/ecispcn2012/images/icon5.gif); font-size: 14px; overflow: hidden; background-position: 0px 10px; background-repeat: no-repeat no-repeat;&quot;&gt;支持简繁图片识别转换&lt;/li&gt;\n&lt;li style=&quot;padding: 5px 0px 5px 25px; margin: 0px; float: left; line-height: 25px; color: #a3a3a3; background-image: url(http://www.ecisp.cn/templates/ecispcn2012/images/icon5.gif); font-size: 14px; overflow: hidden; background-position: 0px 10px; background-repeat: no-repeat no-repeat;&quot;&gt;支持GOOGLE世界语言自动翻译&lt;/li&gt;\n&lt;/ul&gt;\n&lt;/td&gt;\n&lt;td style=&quot;padding: 0px; margin: 0px; border-width: 0px;&quot;&gt;&lt;img style=&quot;padding: 0px; margin: 0px;&quot; src=&quot;http://www.ecisp.cn/upfile/content/11.jpg&quot; alt=&quot;&quot; /&gt;&lt;/td&gt;\n&lt;/tr&gt;\n&lt;/tbody&gt;\n&lt;/table&gt;\n&lt;p style=&quot;padding: 0px; margin: 0px; color: #6e6e6e; font-family: Arial, Helvetica, sans-serif;&quot;&gt;&lt;img style=&quot;padding: 0px; margin: 0px auto; display: block;&quot; src=&quot;http://www.ecisp.cn/upfile/content/line.jpg&quot; alt=&quot;ESPCMS&quot; /&gt;&lt;/p&gt;\n&lt;table style=&quot;padding: 0px; margin: 0px auto; border-collapse: collapse; color: #6e6e6e; font-family: Arial, Helvetica, sans-serif; font-size: 12px;&quot; border=&quot;0&quot;&gt;\n&lt;tbody style=&quot;padding: 0px; margin: 0px;&quot;&gt;\n&lt;tr style=&quot;padding: 0px; margin: 0px; border-width: 0px;&quot; valign=&quot;top&quot;&gt;\n&lt;td style=&quot;padding: 0px; margin: 0px; border-width: 0px;&quot;&gt;&lt;img style=&quot;padding: 0px; margin: 0px;&quot; src=&quot;http://www.ecisp.cn/upfile/content/5.jpg&quot; alt=&quot;ESPCMS功能&quot; /&gt;&lt;/td&gt;\n&lt;td class=&quot;goodsreadstr&quot; style=&quot;padding: 25px 0px 40px; margin: 0px; border-width: 0px; float: left; width: 447px;&quot;&gt;\n&lt;p class=&quot;t&quot; style=&quot;padding: 0px 0px 10px; margin: 0px; font-size: 20px; font-family: 微软雅黑, 黑体, 幼圆, Arial, Helvetica, sans-serif; font-weight: bold;&quot;&gt;丰富的组件支持&lt;/p&gt;\n&lt;p class=&quot;s&quot; style=&quot;padding: 0px; margin: 0px; font-size: 14px; line-height: 25px; color: #a3a3a3; font-weight: bold;&quot;&gt;ESPCMS拥有多种组件、支持统计、订单、会员、即时通工具、邮件群发、自定义表单、论坛留言板、广告及友情链接、相册、在线文件管理等组件。&lt;/p&gt;\n&lt;ul style=&quot;padding: 10px 0px 0px; margin: 0px; float: left; width: 447px; list-style: none;&quot;&gt;\n&lt;li style=&quot;padding: 5px 0px 5px 25px; margin: 0px; float: left; line-height: 25px; color: #a3a3a3; background-image: url(http://www.ecisp.cn/templates/ecispcn2012/images/icon5.gif); font-size: 14px; overflow: hidden; background-position: 0px 10px; background-repeat: no-repeat no-repeat;&quot;&gt;支持会员等级、会员积分、会员字段自定义功能&lt;/li&gt;\n&lt;li style=&quot;padding: 5px 0px 5px 25px; margin: 0px; float: left; line-height: 25px; color: #a3a3a3; background-image: url(http://www.ecisp.cn/templates/ecispcn2012/images/icon5.gif); font-size: 14px; overflow: hidden; background-position: 0px 10px; background-repeat: no-repeat no-repeat;&quot;&gt;支持CNZZ、百度等国内主流统计功能&lt;/li&gt;\n&lt;li style=&quot;padding: 5px 0px 5px 25px; margin: 0px; float: left; line-height: 25px; color: #a3a3a3; background-image: url(http://www.ecisp.cn/templates/ecispcn2012/images/icon5.gif); font-size: 14px; overflow: hidden; background-position: 0px 10px; background-repeat: no-repeat no-repeat;&quot;&gt;支持购物车、在线支付、询盘选购等功能&lt;/li&gt;\n&lt;li style=&quot;padding: 5px 0px 5px 25px; margin: 0px; float: left; line-height: 25px; color: #a3a3a3; background-image: url(http://www.ecisp.cn/templates/ecispcn2012/images/icon5.gif); font-size: 14px; overflow: hidden; background-position: 0px 10px; background-repeat: no-repeat no-repeat;&quot;&gt;支持群发邮件模板自定义&lt;/li&gt;\n&lt;li style=&quot;padding: 5px 0px 5px 25px; margin: 0px; float: left; line-height: 25px; color: #a3a3a3; background-image: url(http://www.ecisp.cn/templates/ecispcn2012/images/icon5.gif); font-size: 14px; overflow: hidden; background-position: 0px 10px; background-repeat: no-repeat no-repeat;&quot;&gt;支持自定义表单自动回复、模板自定义&lt;/li&gt;\n&lt;li style=&quot;padding: 5px 0px 5px 25px; margin: 0px; float: left; line-height: 25px; color: #a3a3a3; background-image: url(http://www.ecisp.cn/templates/ecispcn2012/images/icon5.gif); font-size: 14px; overflow: hidden; background-position: 0px 10px; background-repeat: no-repeat no-repeat;&quot;&gt;支持广告位自定义，XML广告生成&lt;/li&gt;\n&lt;li style=&quot;padding: 5px 0px 5px 25px; margin: 0px; float: left; line-height: 25px; color: #a3a3a3; background-image: url(http://www.ecisp.cn/templates/ecispcn2012/images/icon5.gif); font-size: 14px; overflow: hidden; background-position: 0px 10px; background-repeat: no-repeat no-repeat;&quot;&gt;支持文件夹名称修改、图片在线剪切、编辑、缩放等功能&lt;/li&gt;\n&lt;li style=&quot;padding: 5px 0px 5px 25px; margin: 0px; float: left; line-height: 25px; color: #a3a3a3; background-image: url(http://www.ecisp.cn/templates/ecispcn2012/images/icon5.gif); font-size: 14px; overflow: hidden; background-position: 0px 10px; background-repeat: no-repeat no-repeat;&quot;&gt;支持QQ、阿里旺旺、MSN、SKYPE等第三方即时通工具&lt;/li&gt;\n&lt;/ul&gt;\n&lt;/td&gt;\n&lt;/tr&gt;\n&lt;/tbody&gt;\n&lt;/table&gt;\n&lt;p style=&quot;padding: 0px; margin: 0px; color: #6e6e6e; font-family: Arial, Helvetica, sans-serif;&quot;&gt;&lt;img style=&quot;padding: 0px; margin: 0px auto; display: block;&quot; src=&quot;http://www.ecisp.cn/upfile/content/line.jpg&quot; alt=&quot;ESPCMS&quot; /&gt;&lt;/p&gt;\n&lt;table style=&quot;padding: 0px; margin: 0px auto; border-collapse: collapse; color: #6e6e6e; font-family: Arial, Helvetica, sans-serif; font-size: 12px;&quot; border=&quot;0&quot;&gt;\n&lt;tbody style=&quot;padding: 0px; margin: 0px;&quot;&gt;\n&lt;tr style=&quot;padding: 0px; margin: 0px; border-width: 0px;&quot; valign=&quot;top&quot;&gt;\n&lt;td class=&quot;goodsreadstr&quot; style=&quot;padding: 25px 0px 40px; margin: 0px; border-width: 0px; float: left; width: 447px;&quot;&gt;\n&lt;p class=&quot;t&quot; style=&quot;padding: 0px 0px 10px; margin: 0px; font-size: 20px; font-family: 微软雅黑, 黑体, 幼圆, Arial, Helvetica, sans-serif; font-weight: bold;&quot;&gt;精美丰富的模板及功能强大的模板整合&lt;/p&gt;\n&lt;p class=&quot;s&quot; style=&quot;padding: 0px; margin: 0px; font-size: 14px; line-height: 25px; color: #a3a3a3; font-weight: bold;&quot;&gt;ESPCMS拥有丰富精美的网站主题模板，并完合符合W3C标准（通过W3C验证），符合搜索引擎抓取规范，有利于网站SEO优化和推广！灵活的模板标签还可以满足您更多的想像和设计发挥！&lt;/p&gt;\n&lt;ul style=&quot;padding: 10px 0px 0px; margin: 0px; float: left; width: 447px; list-style: none;&quot;&gt;\n&lt;li style=&quot;padding: 5px 0px 5px 25px; margin: 0px; float: left; line-height: 25px; color: #a3a3a3; background-image: url(http://www.ecisp.cn/templates/ecispcn2012/images/icon5.gif); font-size: 14px; overflow: hidden; background-position: 0px 10px; background-repeat: no-repeat no-repeat;&quot;&gt;支持不同页面定义不同页面风格&lt;/li&gt;\n&lt;li style=&quot;padding: 5px 0px 5px 25px; margin: 0px; float: left; line-height: 25px; color: #a3a3a3; background-image: url(http://www.ecisp.cn/templates/ecispcn2012/images/icon5.gif); font-size: 14px; overflow: hidden; background-position: 0px 10px; background-repeat: no-repeat no-repeat;&quot;&gt;支持任意地方内容列表及图片输出&lt;/li&gt;\n&lt;li style=&quot;padding: 5px 0px 5px 25px; margin: 0px; float: left; line-height: 25px; color: #a3a3a3; background-image: url(http://www.ecisp.cn/templates/ecispcn2012/images/icon5.gif); font-size: 14px; overflow: hidden; background-position: 0px 10px; background-repeat: no-repeat no-repeat;&quot;&gt;支持模板主题在线更换&lt;/li&gt;\n&lt;li style=&quot;padding: 5px 0px 5px 25px; margin: 0px; float: left; line-height: 25px; color: #a3a3a3; background-image: url(http://www.ecisp.cn/templates/ecispcn2012/images/icon5.gif); font-size: 14px; overflow: hidden; background-position: 0px 10px; background-repeat: no-repeat no-repeat;&quot;&gt;支持模板分离及任意引用&lt;/li&gt;\n&lt;li style=&quot;padding: 5px 0px 5px 25px; margin: 0px; float: left; line-height: 25px; color: #a3a3a3; background-image: url(http://www.ecisp.cn/templates/ecispcn2012/images/icon5.gif); font-size: 14px; overflow: hidden; background-position: 0px 10px; background-repeat: no-repeat no-repeat;&quot;&gt;支持HTM5t等目前各种主流技术，满足无限界面需要&lt;/li&gt;\n&lt;li style=&quot;padding: 5px 0px 5px 25px; margin: 0px; float: left; line-height: 25px; color: #a3a3a3; background-image: url(http://www.ecisp.cn/templates/ecispcn2012/images/icon5.gif); font-size: 14px; overflow: hidden; background-position: 0px 10px; background-repeat: no-repeat no-repeat;&quot;&gt;所有代码经过严格的测试，完全兼容目前所有主流浏览器及手机平板浏览器&lt;/li&gt;\n&lt;/ul&gt;\n&lt;/td&gt;\n&lt;td style=&quot;padding: 0px; margin: 0px; border-width: 0px;&quot;&gt;&lt;img style=&quot;padding: 0px; margin: 0px;&quot; src=&quot;http://www.ecisp.cn/upfile/content/6.jpg&quot; alt=&quot;ESPCMS功能&quot; /&gt;&lt;/td&gt;\n&lt;/tr&gt;\n&lt;/tbody&gt;\n&lt;/table&gt;\n&lt;p style=&quot;padding: 0px; margin: 0px; color: #6e6e6e; font-family: Arial, Helvetica, sans-serif;&quot;&gt;&lt;img style=&quot;padding: 0px; margin: 0px auto; display: block;&quot; src=&quot;http://www.ecisp.cn/upfile/content/line.jpg&quot; alt=&quot;ESPCMS&quot; /&gt;&lt;/p&gt;\n&lt;table style=&quot;padding: 0px; margin: 0px auto; border-collapse: collapse; color: #6e6e6e; font-family: Arial, Helvetica, sans-serif; font-size: 12px;&quot; border=&quot;0&quot;&gt;\n&lt;tbody style=&quot;padding: 0px; margin: 0px;&quot;&gt;\n&lt;tr style=&quot;padding: 0px; margin: 0px; border-width: 0px;&quot; valign=&quot;top&quot;&gt;\n&lt;td style=&quot;padding: 0px; margin: 0px; border-width: 0px;&quot;&gt;&lt;img style=&quot;padding: 0px; margin: 0px;&quot; src=&quot;http://www.ecisp.cn/upfile/content/7.jpg&quot; alt=&quot;ESPCMS功能&quot; /&gt;&lt;/td&gt;\n&lt;td class=&quot;goodsreadstr&quot; style=&quot;padding: 25px 0px 40px; margin: 0px; border-width: 0px; float: left; width: 447px;&quot;&gt;\n&lt;p class=&quot;t&quot; style=&quot;padding: 0px 0px 10px; margin: 0px; font-size: 20px; font-family: 微软雅黑, 黑体, 幼圆, Arial, Helvetica, sans-serif; font-weight: bold;&quot;&gt;强大的系统设置功能&lt;/p&gt;\n&lt;p class=&quot;s&quot; style=&quot;padding: 0px; margin: 0px; font-size: 14px; line-height: 25px; color: #a3a3a3; font-weight: bold;&quot;&gt;ESPCMS拥有功能强大的设置，支持多语言、简繁内码转换、邮件通知、手机通知、管理员添加及权限自定义、站群、数据库在线管理等功能。&lt;/p&gt;\n&lt;ul style=&quot;padding: 10px 0px 0px; margin: 0px; float: left; width: 447px; list-style: none;&quot;&gt;\n&lt;li style=&quot;padding: 5px 0px 5px 25px; margin: 0px; float: left; line-height: 25px; color: #a3a3a3; background-image: url(http://www.ecisp.cn/templates/ecispcn2012/images/icon5.gif); font-size: 14px; overflow: hidden; background-position: 0px 10px; background-repeat: no-repeat no-repeat;&quot;&gt;支持权限组自定义、管理员自定义添加、访问日志&lt;/li&gt;\n&lt;li style=&quot;padding: 5px 0px 5px 25px; margin: 0px; float: left; line-height: 25px; color: #a3a3a3; background-image: url(http://www.ecisp.cn/templates/ecispcn2012/images/icon5.gif); font-size: 14px; overflow: hidden; background-position: 0px 10px; background-repeat: no-repeat no-repeat;&quot;&gt;支持多语言添加、语言包自定义、简繁内码转换（真正满足繁体版用户访问）&lt;/li&gt;\n&lt;li style=&quot;padding: 5px 0px 5px 25px; margin: 0px; float: left; line-height: 25px; color: #a3a3a3; background-image: url(http://www.ecisp.cn/templates/ecispcn2012/images/icon5.gif); font-size: 14px; overflow: hidden; background-position: 0px 10px; background-repeat: no-repeat no-repeat;&quot;&gt;支持网站数据在线备份、在线恢复，确保您的数据不丢失&lt;/li&gt;\n&lt;li style=&quot;padding: 5px 0px 5px 25px; margin: 0px; float: left; line-height: 25px; color: #a3a3a3; background-image: url(http://www.ecisp.cn/templates/ecispcn2012/images/icon5.gif); font-size: 14px; overflow: hidden; background-position: 0px 10px; background-repeat: no-repeat no-repeat;&quot;&gt;支持群站控制、站点集合管理&lt;/li&gt;\n&lt;li style=&quot;padding: 5px 0px 5px 25px; margin: 0px; float: left; line-height: 25px; color: #a3a3a3; background-image: url(http://www.ecisp.cn/templates/ecispcn2012/images/icon5.gif); font-size: 14px; overflow: hidden; background-position: 0px 10px; background-repeat: no-repeat no-repeat;&quot;&gt;支持订单打印、物流快递单据打印&lt;/li&gt;\n&lt;li style=&quot;padding: 5px 0px 5px 25px; margin: 0px; float: left; line-height: 25px; color: #a3a3a3; background-image: url(http://www.ecisp.cn/templates/ecispcn2012/images/icon5.gif); font-size: 14px; overflow: hidden; background-position: 0px 10px; background-repeat: no-repeat no-repeat;&quot;&gt;支持邮箱提醒自定义&lt;/li&gt;\n&lt;li style=&quot;padding: 5px 0px 5px 25px; margin: 0px; float: left; line-height: 25px; color: #a3a3a3; background-image: url(http://www.ecisp.cn/templates/ecispcn2012/images/icon5.gif); font-size: 14px; overflow: hidden; background-position: 0px 10px; background-repeat: no-repeat no-repeat;&quot;&gt;支持会员访问控制&lt;/li&gt;\n&lt;li style=&quot;padding: 5px 0px 5px 25px; margin: 0px; float: left; line-height: 25px; color: #a3a3a3; background-image: url(http://www.ecisp.cn/templates/ecispcn2012/images/icon5.gif); font-size: 14px; overflow: hidden; background-position: 0px 10px; background-repeat: no-repeat no-repeat;&quot;&gt;支持批量上传、水印生成&lt;/li&gt;\n&lt;li style=&quot;padding: 5px 0px 5px 25px; margin: 0px; float: left; line-height: 25px; color: #a3a3a3; background-image: url(http://www.ecisp.cn/templates/ecispcn2012/images/icon5.gif); font-size: 14px; overflow: hidden; background-position: 0px 10px; background-repeat: no-repeat no-repeat;&quot;&gt;支持Ucenter第三方会员集成&lt;/li&gt;\n&lt;/ul&gt;\n&lt;/td&gt;\n&lt;/tr&gt;\n&lt;/tbody&gt;\n&lt;/table&gt;\n&lt;p style=&quot;padding: 0px; margin: 0px; color: #6e6e6e; font-family: Arial, Helvetica, sans-serif;&quot;&gt;&lt;img style=&quot;padding: 0px; margin: 0px auto; display: block;&quot; src=&quot;http://www.ecisp.cn/upfile/content/line.jpg&quot; alt=&quot;ESPCMS&quot; /&gt;&lt;/p&gt;\n&lt;p style=&quot;padding: 0px; margin: 0px; color: #6e6e6e; font-family: Arial, Helvetica, sans-serif;&quot;&gt;&amp;nbsp;&lt;/p&gt;\n&lt;table style=&quot;padding: 0px; margin: 0px auto; border-collapse: collapse; color: #6e6e6e; font-family: Arial, Helvetica, sans-serif; font-size: 12px;&quot; border=&quot;0&quot;&gt;\n&lt;tbody style=&quot;padding: 0px; margin: 0px;&quot;&gt;\n&lt;tr style=&quot;padding: 0px; margin: 0px; border-width: 0px;&quot; valign=&quot;top&quot;&gt;\n&lt;td class=&quot;goodsreadstr&quot; style=&quot;padding: 25px 0px 40px; margin: 0px; border-width: 0px; float: left; width: 447px;&quot;&gt;\n&lt;p class=&quot;t&quot; style=&quot;padding: 0px 0px 10px; margin: 0px; font-size: 20px; font-family: 微软雅黑, 黑体, 幼圆, Arial, Helvetica, sans-serif; font-weight: bold;&quot;&gt;强大的在线支付功能&lt;/p&gt;\n&lt;p class=&quot;s&quot; style=&quot;padding: 0px; margin: 0px; font-size: 14px; line-height: 25px; color: #a3a3a3; font-weight: bold;&quot;&gt;ESPCMS集成了丰富的第三方支付组件，以满足您开展电子商务在线支付的需要。&lt;/p&gt;\n&lt;ul style=&quot;padding: 10px 0px 0px; margin: 0px; float: left; width: 447px; list-style: none;&quot;&gt;\n&lt;li style=&quot;padding: 5px 0px 5px 25px; margin: 0px; float: left; line-height: 25px; color: #a3a3a3; background-image: url(http://www.ecisp.cn/templates/ecispcn2012/images/icon5.gif); font-size: 14px; overflow: hidden; background-position: 0px 10px; background-repeat: no-repeat no-repeat;&quot;&gt;支持支付宝及时到帐、担保到帐&lt;/li&gt;\n&lt;li style=&quot;padding: 5px 0px 5px 25px; margin: 0px; float: left; line-height: 25px; color: #a3a3a3; background-image: url(http://www.ecisp.cn/templates/ecispcn2012/images/icon5.gif); font-size: 14px; overflow: hidden; background-position: 0px 10px; background-repeat: no-repeat no-repeat;&quot;&gt;支持财付通及时到帐、担保到帐&lt;/li&gt;\n&lt;li style=&quot;padding: 5px 0px 5px 25px; margin: 0px; float: left; line-height: 25px; color: #a3a3a3; background-image: url(http://www.ecisp.cn/templates/ecispcn2012/images/icon5.gif); font-size: 14px; overflow: hidden; background-position: 0px 10px; background-repeat: no-repeat no-repeat;&quot;&gt;支付银联在线支付&lt;/li&gt;\n&lt;li style=&quot;padding: 5px 0px 5px 25px; margin: 0px; float: left; line-height: 25px; color: #a3a3a3; background-image: url(http://www.ecisp.cn/templates/ecispcn2012/images/icon5.gif); font-size: 14px; overflow: hidden; background-position: 0px 10px; background-repeat: no-repeat no-repeat;&quot;&gt;支付快钱支付&lt;/li&gt;\n&lt;li style=&quot;padding: 5px 0px 5px 25px; margin: 0px; float: left; line-height: 25px; color: #a3a3a3; background-image: url(http://www.ecisp.cn/templates/ecispcn2012/images/icon5.gif); font-size: 14px; overflow: hidden; background-position: 0px 10px; background-repeat: no-repeat no-repeat;&quot;&gt;支持Moneybookers、PayPal等国际货币在线支付&lt;/li&gt;\n&lt;/ul&gt;\n&lt;/td&gt;\n&lt;td style=&quot;padding: 0px; margin: 0px; border-width: 0px;&quot;&gt;&lt;img style=&quot;padding: 0px; margin: 0px;&quot; src=&quot;http://www.ecisp.cn/upfile/content/8.jpg&quot; alt=&quot;ESPCMS功能&quot; /&gt;&lt;/td&gt;\n&lt;/tr&gt;\n&lt;/tbody&gt;\n&lt;/table&gt;\n&lt;p style=&quot;padding: 0px; margin: 0px; color: #6e6e6e; font-family: Arial, Helvetica, sans-serif;&quot;&gt;&lt;img style=&quot;padding: 0px; margin: 0px auto; display: block;&quot; src=&quot;http://www.ecisp.cn/upfile/content/line.jpg&quot; alt=&quot;ESPCMS&quot; /&gt;&lt;/p&gt;\n&lt;table style=&quot;padding: 0px; margin: 0px auto; border-collapse: collapse; color: #6e6e6e; font-family: Arial, Helvetica, sans-serif; font-size: 12px;&quot; border=&quot;0&quot;&gt;\n&lt;tbody style=&quot;padding: 0px; margin: 0px;&quot;&gt;\n&lt;tr style=&quot;padding: 0px; margin: 0px; border-width: 0px;&quot; valign=&quot;top&quot;&gt;\n&lt;td style=&quot;padding: 0px; margin: 0px; border-width: 0px;&quot;&gt;&lt;img style=&quot;padding: 0px; margin: 0px;&quot; src=&quot;http://www.ecisp.cn/upfile/content/9.jpg&quot; alt=&quot;ESPCMS功能&quot; /&gt;&lt;/td&gt;\n&lt;td class=&quot;goodsreadstr&quot; style=&quot;padding: 25px 0px 40px; margin: 0px; border-width: 0px; float: left; width: 447px;&quot;&gt;\n&lt;p class=&quot;t&quot; style=&quot;padding: 0px 0px 10px; margin: 0px; font-size: 20px; font-family: 微软雅黑, 黑体, 幼圆, Arial, Helvetica, sans-serif; font-weight: bold;&quot;&gt;完善的网站安全体系&lt;/p&gt;\n&lt;p class=&quot;s&quot; style=&quot;padding: 0px; margin: 0px; font-size: 14px; line-height: 25px; color: #a3a3a3; font-weight: bold;&quot;&gt;ESPCMS拥有多层安全功能，每月一次的升级确保软件时刻处于最完善的安全状态。&lt;/p&gt;\n&lt;ul style=&quot;padding: 10px 0px 0px; margin: 0px; float: left; width: 447px; list-style: none;&quot;&gt;\n&lt;li style=&quot;padding: 5px 0px 5px 25px; margin: 0px; float: left; line-height: 25px; color: #a3a3a3; background-image: url(http://www.ecisp.cn/templates/ecispcn2012/images/icon5.gif); font-size: 14px; overflow: hidden; background-position: 0px 10px; background-repeat: no-repeat no-repeat;&quot;&gt;支持密码MD5、128位的加密方式&lt;/li&gt;\n&lt;li style=&quot;padding: 5px 0px 5px 25px; margin: 0px; float: left; line-height: 25px; color: #a3a3a3; background-image: url(http://www.ecisp.cn/templates/ecispcn2012/images/icon5.gif); font-size: 14px; overflow: hidden; background-position: 0px 10px; background-repeat: no-repeat no-repeat;&quot;&gt;支持后台文件夹访问自定义&lt;/li&gt;\n&lt;li style=&quot;padding: 5px 0px 5px 25px; margin: 0px; float: left; line-height: 25px; color: #a3a3a3; background-image: url(http://www.ecisp.cn/templates/ecispcn2012/images/icon5.gif); font-size: 14px; overflow: hidden; background-position: 0px 10px; background-repeat: no-repeat no-repeat;&quot;&gt;集成360网站安全工具，可以在线扫描网站安全漏洞，确保网站安全，防止注入等危险&lt;/li&gt;\n&lt;li style=&quot;padding: 5px 0px 5px 25px; margin: 0px; float: left; line-height: 25px; color: #a3a3a3; background-image: url(http://www.ecisp.cn/templates/ecispcn2012/images/icon5.gif); font-size: 14px; overflow: hidden; background-position: 0px 10px; background-repeat: no-repeat no-repeat;&quot;&gt;未来还将开发在线木马扫描、多层安全备份等工具&lt;/li&gt;\n&lt;li style=&quot;padding: 5px 0px 5px 25px; margin: 0px; float: left; line-height: 25px; color: #a3a3a3; background-image: url(http://www.ecisp.cn/templates/ecispcn2012/images/icon5.gif); font-size: 14px; overflow: hidden; background-position: 0px 10px; background-repeat: no-repeat no-repeat;&quot;&gt;网站能通过百度、安全宝、360漏洞等国内主流网站100%安全漏洞扫描&lt;/li&gt;\n&lt;/ul&gt;\n&lt;/td&gt;\n&lt;/tr&gt;\n&lt;/tbody&gt;\n&lt;/table&gt;'),
(26, 27, '&lt;p&gt;众多付费用户的首选企业CMS！ESPCMS注重加强对授权用户的支持，以便您得到更加全面的服务！我们还对授权用户提供服务跟踪、在线一对一的远程指导、特定版本还有精美的商业模板!&lt;/p&gt;\n&lt;p&gt;&lt;strong&gt;尊贵版本提供的服务如下：&lt;/strong&gt;&lt;/p&gt;\n&lt;p&gt;提供白银级服务1年、绑定1个授权域名、软件终生使用、当前版本终生免费升级、强制版权允许去除、系统功能无限制、不限商业用途、无广告推送、支持移动终端功能、任选商业模板1套、适合单个网站使用、提供模板可选&lt;/p&gt;\n&lt;p&gt;&lt;strong&gt;软件授权常见问题：&lt;/strong&gt;&lt;/p&gt;\n&lt;p&gt;1、请问ESPCMS需要在什么系统环境上运行？&lt;/p&gt;\n&lt;p&gt;答：ESPCMS采用PHP+MySQL黄金组合进行开发，支持windows、linux、Unix平台，您的服务器需要支持PHP5.2.X版本及MySQL5.X版的数据即可，运行空间100M即可，如果您的图片或者视频很多，请根据您图片和视频内容大小进行适当增加。&lt;/p&gt;\n&lt;p&gt;&amp;nbsp;&lt;/p&gt;\n&lt;p&gt;2、我有多个域名是否需要购买多套？&lt;/p&gt;\n&lt;p&gt;答：系统授权是必须绑定一个主域名，如果一个网站一个后台有多个域名是不受影响的，但是多个空间多个域名就不行，必须按单独网站进行授权。比如：www.aaa.com 绑定一个空间，如果这个网站空间上面有www.bb.com或者1.aa.com等多个域名，是不受影响的，但必须使用同一个后台同一个数据库，如果多个不同的后台，则视为多个网站，必须增加授权。&lt;/p&gt;\n&lt;p&gt;&amp;nbsp;&lt;/p&gt;\n&lt;p&gt;3、我现在有个问题能否先解决一下，解决成功后我才考虑授权？&lt;/p&gt;\n&lt;p&gt;答：我们是服务型授权，也就是说购买授权后才能得到相应的技术服务，优质专业的服务才是我们的核心。软件本身是提供大家免费下载评估，请您初步评估软件功能是否适用，如果在适用的情况下，可以考虑购买授权后然后由我们提供专业的服务。&lt;/p&gt;\n&lt;ol&gt; &lt;/ol&gt;'),
(27, 28, '&lt;p&gt;众多付费用户的首选&lt;a class=&quot;taglink&quot; title=&quot;企业CMS&quot; href=&quot;http://www.ecisp.cn&quot; target=&quot;_blank&quot;&gt;企业CMS&lt;/a&gt;！ESPCMS注重加强对授权用户的支持，以便您得到更加全面的服务！我们还对授权用户提供服务跟踪、在线一对一的远程指导、特定版本还有精美的商业模板!&lt;/p&gt;\n&lt;p&gt;&lt;strong&gt;尊贵版本提供的服务如下：&lt;/strong&gt;&lt;/p&gt;\n&lt;p&gt;提供白银级服务1年、绑定1个授权域名、软件终生使用、当前版本终生免费升级、强制版权允许去除、系统功能无限制、不限商业用途、无广告推送、支持移动终端功能、任选商业模板1套、适合单个网站使用、提供模板可选&lt;/p&gt;\n&lt;p&gt;&lt;strong&gt;软件授权常见问题：&lt;/strong&gt;&lt;/p&gt;\n&lt;p&gt;1、请问ESPCMS需要在什么系统环境上运行？&lt;/p&gt;\n&lt;p&gt;答：ESPCMS采用PHP+MySQL黄金组合进行开发，支持windows、linux、Unix平台，您的服务器需要支持PHP5.2.X版本及MySQL5.X版的数据即可，运行空间100M即可，如果您的图片或者视频很多，请根据您图片和视频内容大小进行适当增加。&lt;/p&gt;\n&lt;p&gt;&amp;nbsp;&lt;/p&gt;\n&lt;p&gt;2、我有多个域名是否需要购买多套？&lt;/p&gt;\n&lt;p&gt;答：系统授权是必须绑定一个主域名，如果一个网站一个后台有多个域名是不受影响的，但是多个空间多个域名就不行，必须按单独网站进行授权。比如：www.aaa.com 绑定一个空间，如果这个网站空间上面有www.bb.com或者1.aa.com等多个域名，是不受影响的，但必须使用同一个后台同一个数据库，如果多个不同的后台，则视为多个网站，必须增加授权。&lt;/p&gt;\n&lt;p&gt;&amp;nbsp;&lt;/p&gt;\n&lt;p&gt;3、我现在有个问题能否先解决一下，解决成功后我才考虑授权？&lt;/p&gt;\n&lt;p&gt;答：我们是服务型授权，也就是说购买授权后才能得到相应的技术服务，优质专业的服务才是我们的核心。软件本身是提供大家免费下载评估，请您初步评估软件功能是否适用，如果在适用的情况下，可以考虑购买授权后然后由我们提供专业的服务。&lt;/p&gt;\n&lt;ol&gt; &lt;/ol&gt;'),
(28, 29, '&lt;p&gt;众多付费用户的首选企业CMS！ESPCMS注重加强对授权用户的支持，以便您得到更加全面的服务！我们还对授权用户提供服务跟踪、在线一对一的远程指导、特定版本还有精美的商业模板!&lt;/p&gt;\n&lt;p&gt;&lt;strong&gt;尊贵版本提供的服务如下：&lt;/strong&gt;&lt;/p&gt;\n&lt;p&gt;提供白银级服务1年、绑定1个授权域名、软件终生使用、当前版本终生免费升级、强制版权允许去除、系统功能无限制、不限商业用途、无广告推送、支持移动终端功能、任选商业模板1套、适合单个网站使用、提供模板可选&lt;/p&gt;\n&lt;p&gt;&lt;strong&gt;软件授权常见问题：&lt;/strong&gt;&lt;/p&gt;\n&lt;p&gt;1、请问ESPCMS需要在什么系统环境上运行？&lt;/p&gt;\n&lt;p&gt;答：ESPCMS采用PHP+MySQL黄金组合进行开发，支持windows、linux、Unix平台，您的服务器需要支持PHP5.2.X版本及MySQL5.X版的数据即可，运行空间100M即可，如果您的图片或者视频很多，请根据您图片和视频内容大小进行适当增加。&lt;/p&gt;\n&lt;p&gt;&amp;nbsp;&lt;/p&gt;\n&lt;p&gt;2、我有多个域名是否需要购买多套？&lt;/p&gt;\n&lt;p&gt;答：系统授权是必须绑定一个主域名，如果一个网站一个后台有多个域名是不受影响的，但是多个空间多个域名就不行，必须按单独网站进行授权。比如：www.aaa.com 绑定一个空间，如果这个网站空间上面有www.bb.com或者1.aa.com等多个域名，是不受影响的，但必须使用同一个后台同一个数据库，如果多个不同的后台，则视为多个网站，必须增加授权。&lt;/p&gt;\n&lt;p&gt;&amp;nbsp;&lt;/p&gt;\n&lt;p&gt;3、我现在有个问题能否先解决一下，解决成功后我才考虑授权？&lt;/p&gt;\n&lt;p&gt;答：我们是服务型授权，也就是说购买授权后才能得到相应的技术服务，优质专业的服务才是我们的核心。软件本身是提供大家免费下载评估，请您初步评估软件功能是否适用，如果在适用的情况下，可以考虑购买授权后然后由我们提供专业的服务。&lt;/p&gt;\n&lt;ol&gt; &lt;/ol&gt;'),
(29, 30, '&lt;p&gt;众多付费用户的首选企业CMS！ESPCMS注重加强对授权用户的支持，以便您得到更加全面的服务！我们还对授权用户提供服务跟踪、在线一对一的远程指导、特定版本还有精美的商业模板!&lt;/p&gt;\n&lt;p&gt;&lt;strong&gt;尊贵版本提供的服务如下：&lt;/strong&gt;&lt;/p&gt;\n&lt;p&gt;提供白银级服务1年、绑定1个授权域名、软件终生使用、当前版本终生免费升级、强制版权允许去除、系统功能无限制、不限商业用途、无广告推送、支持移动终端功能、任选商业模板1套、适合单个网站使用、提供模板可选&lt;/p&gt;\n&lt;p&gt;&lt;strong&gt;软件授权常见问题：&lt;/strong&gt;&lt;/p&gt;\n&lt;p&gt;1、请问ESPCMS需要在什么系统环境上运行？&lt;/p&gt;\n&lt;p&gt;答：ESPCMS采用PHP+MySQL黄金组合进行开发，支持windows、linux、Unix平台，您的服务器需要支持PHP5.2.X版本及MySQL5.X版的数据即可，运行空间100M即可，如果您的图片或者视频很多，请根据您图片和视频内容大小进行适当增加。&lt;/p&gt;\n&lt;p&gt;&amp;nbsp;&lt;/p&gt;\n&lt;p&gt;2、我有多个域名是否需要购买多套？&lt;/p&gt;\n&lt;p&gt;答：系统授权是必须绑定一个主域名，如果一个网站一个后台有多个域名是不受影响的，但是多个空间多个域名就不行，必须按单独网站进行授权。比如：www.aaa.com 绑定一个空间，如果这个网站空间上面有www.bb.com或者1.aa.com等多个域名，是不受影响的，但必须使用同一个后台同一个数据库，如果多个不同的后台，则视为多个网站，必须增加授权。&lt;/p&gt;\n&lt;p&gt;&amp;nbsp;&lt;/p&gt;\n&lt;p&gt;3、我现在有个问题能否先解决一下，解决成功后我才考虑授权？&lt;/p&gt;\n&lt;p&gt;答：我们是服务型授权，也就是说购买授权后才能得到相应的技术服务，优质专业的服务才是我们的核心。软件本身是提供大家免费下载评估，请您初步评估软件功能是否适用，如果在适用的情况下，可以考虑购买授权后然后由我们提供专业的服务。&lt;/p&gt;\n&lt;ol&gt; &lt;/ol&gt;'),
(30, 31, '&lt;p&gt;手机建站，是指用WML（无线标记语言）编写的专门用于手机浏览的网站，通常以文字信息和简单的图片信息为主。实际上随着向手机智能化方向发展，安装了操作系统和浏览器的手机的功能和电脑是很相似的（这种智能手机也就是&amp;ldquo;口袋个人电脑&amp;rdquo;PPC），使用这种手机可以通过GPRS上网可浏览几乎所有的网站。&lt;/p&gt;\n&lt;p&gt;主要针对一些大型公司企业，个性化、技术性要求比较复杂的客户而定制。这种手机建站简称为专业型。这种程序需要根据客户定制而开发，成本相对比较高。&lt;/p&gt;\n&lt;p&gt;&lt;strong&gt;6大利益点&lt;/strong&gt;&lt;/p&gt;\n&lt;p&gt;1、展示产品、技术、服务，宣传企业，获取更多商机；&lt;/p&gt;\n&lt;p&gt;2、树立企业形象，提高企业竞争力；&lt;/p&gt;\n&lt;p&gt;3、提升品牌价值，获得更大的客户群体；&lt;/p&gt;\n&lt;p&gt;4、加强客户服务，提升企业服务品质 ；&lt;/p&gt;\n&lt;p&gt;5、推销新产品；&lt;/p&gt;\n&lt;p&gt;6、提高工作效率，降低企业销售成本及经营成本。[2]&amp;nbsp;&lt;/p&gt;\n&lt;p&gt;7. 让更多企业能够用此功能&amp;nbsp;&lt;/p&gt;');
INSERT INTO `esp_document_content` (`dcid`, `did`, `content`) VALUES
(31, 32, '&lt;p&gt;&lt;a class=&quot;taglink&quot; title=&quot;微信应用&quot; href=&quot;http://www.ecisp.cn&quot; target=&quot;_blank&quot;&gt;微信应用&lt;/a&gt;是腾讯公司于2011年1月21日推出的一款通过网络快速发送语音短信、视频、图片和文字，支持多人群聊的手机聊天软件。用户可以通过微信与好友进行形式上更加丰富的类似于短信、彩信等方式的联系。&lt;/p&gt;\n&lt;p&gt;一、增加客户；销售业绩与客户数量成正比，使用&lt;a class=&quot;taglink&quot; title=&quot;微信应用&quot; href=&quot;http://www.ecisp.cn&quot; target=&quot;_blank&quot;&gt;微信应用&lt;/a&gt;[2] ，企业可以在营销活动和销售过程中不断获得客户。&lt;/p&gt;\n&lt;p&gt;二、提升业绩；使用&lt;a class=&quot;taglink&quot; title=&quot;微信应用&quot; href=&quot;http://www.ecisp.cn&quot; target=&quot;_blank&quot;&gt;微信应用&lt;/a&gt;，企业可以与所有客户保持紧密相连，维系信任、忠诚的关系。&lt;/p&gt;\n&lt;p&gt;三、加强管理；&lt;a class=&quot;taglink&quot; title=&quot;微信应用&quot; href=&quot;http://www.ecisp.cn&quot; target=&quot;_blank&quot;&gt;微信应用&lt;/a&gt;为企业提供可视化的销售管理。&lt;/p&gt;'),
(32, 33, '&lt;p&gt;中小企业网站解决方案是以域名注册和虚拟主机服务为主，应企业不同需求配以主页制作，留言版，网站推广，电子商务平台等系统产品的服务。其特点是投资比较小，见效快，快速有效地帮助企业迈出电子商务第一步！&lt;/p&gt;\n&lt;p&gt;中小企业步入企业信息化的捷径，有限的投入获得有效的收益！利用互联网平台充分展示企业风采，让更多人通过网际空间了解公司形象。详尽的公司背景介绍与周全的联络方式，令企业尽享网络世界的便捷沟通与联络。形象塑造性网站的设计原则是：简约而不简单，处处透着大气，和艺术的完美。&lt;/p&gt;\n&lt;p&gt;宣传型企业网站主要围绕企业及产品、服务信息、进行网络宣传，通过网站树立企业的网络形象。网站通过对企业信息的系统介绍，让浏览者熟悉企业的情况，了解企业所提供的产品和服务，并通过有效的在线交流方式搭起潜在客户与企业之间的桥梁。&lt;/p&gt;\n&lt;p&gt;主要模块包括：公司简介，新闻中心，产品中心，经典案例，联系方式，人才招聘；形象塑造型网站的模块功能都很简单，主要为内容展示型页面．重点突出的是设计要求；页面的颜色，图片的应用，动态FLASH效果的搭配，以及字体的调整都要符合公司的文化理念。&lt;/p&gt;\n&lt;p&gt;在网站策划过程中要充分考虑每个企业自身的特性，产品服务人群，产品服务范围、企业在行业中的地位等都是网站前台页面设计要考虑的主要因素，在布局上追求清晰明了，干净简洁，颜色跟企业自身VI色加之行业代表色。总之，企业在写方案时要针对企业本身及市场现状相结合来写，避免成为业余网站。只有这样才能充分树立企业形象。&lt;/p&gt;'),
(33, 34, '&lt;p&gt;在互联网络高速发展的今天，网站正成为学校及教育机构进行形象展示、信息发布、业务拓展、客户服务、内部沟通的重要阵地，她不但具有快捷、无距离及随时随地均可更新的特性，更能提供一些互动性的功能，如留言板、会员制、讨论区等等，使得网站充满生气，让人倍感亲切。&lt;/p&gt;\n&lt;p&gt;方案详述&lt;/p&gt;\n&lt;p&gt;在互联网络高速发展的今天，网站正成为学校、公司、企业、 政府及团体进行形象展示、信息发布、业务拓展、客户服务、内部沟通的重要阵地，她不但具有快捷、无距离及随时随地均可更新的特性，更能提供一些互动性的功能，如留言板、会员制、讨论区等等，使得网站充满生气，让人倍感亲切。传统媒体就这一点是无法与之相比拟的，可以说网站的快捷、无距离及互动性是其在媒体 中脱颖而出的主要因素。&lt;/p&gt;\n&lt;p&gt;一、学校网站建设的意义&lt;/p&gt;\n&lt;p&gt;1.学校网站是学校的&quot;商标&quot;，每一所学校都有自己的特色，每一所学校都有自己的个性。在这个高度信息化的社会里，建立自己学校网站是最直接的宣传手段。网站的超时空特性，不仅能让地区内的人们了解学校，更可让世界了解你的学校。凭藉学校网站，学校就可成为教育百花园中一朵鲜艳的花朵。&lt;/p&gt;\n&lt;p&gt;2.学校网站是实现教育资源分配的桥梁网络有巨大的教育资源库，它集全社会的力量，使教育资源无限增长。这对于发达地区和欠发达地区，高投入学校和条件差的学校在获取教育资源的权力上达成平等，使每一位教师和学生都能均等的得到培训和受教育的机会，不再会受到学校水平、教材、教师能力的限制。不仅能极大的提高教学效率，而且能实现教育公平的社会理想。&lt;/p&gt;\n&lt;p&gt;3.学校网站能提供教学互动的全新方式学校网站使得教师与教师、教师与学生、学生与学生之间的交流有了全新的方式，它不再受到传统课堂的制约。它可以使广州与北京、城市与乡村的学校同处一室，共同讨论，共同共享。地理上的界限在这里模糊和消失了，学校网站是真正没有围墙的学校。&lt;/p&gt;\n&lt;p&gt;4.学校网站能够提供个性化学习的平台，不同的学生理解世界的方式各不相同，认知世界有诸多方式。网络提供的丰富资源可以使学生寻觅不同的教育方式，各取所需。学校网站允许不同的学生沿着自己的途径，按自己的速度接受教育与学习，学生将有机会享受最佳的教育机会，充分发掘自己的内在潜力，培植独特的个性和人格。&lt;/p&gt;\n&lt;p&gt;5.学校网站是最佳的教学研究室，学校网站与教育类专门网站的有效链接，给学校教学研究带来了一片新天地，各种优秀教案、专家论坛、网络观摩课、各科素材、多媒体课件制作等内容为教师教研提供了极佳的平台。有效地降低教研成本、提高效率。&lt;/p&gt;'),
(34, 35, '&lt;p&gt;医院网站解决方案：是为大中型医疗单位、卫生机构实施信息化建设所提供的门户网站整体解决方案。解决方案目标之一是建立展示医院形象和优势医疗服务的医院门户网站系统；之二在于建立医生、患者、医疗同行之间的沟通互动和信息共享，实现信息发布、在线咨询、专家预约、健康知识等核心服务体系。通过提供多样化的网络医疗应用服务和运营支持，塑造良好的医院整体形象，建立医院的网络医疗服务平台。&amp;nbsp;&lt;/p&gt;\n&lt;p&gt;医院网站解决方案基础架构&lt;/p&gt;\n&lt;p&gt;采用div+css+php来为您构建。大大缩减页面代码，提高页面浏览速度,缩减带宽成本，它拥有先进的系统架构和强大灵活的布局结构清晰，容易被搜索引擎搜索到，天生优化了seo ，使画面更具观赏性，在针对各个行业的建站运用、解决信息化实施、实现电子商务网站运营等方面具有独道而全面的实际运用意义。&lt;/p&gt;\n&lt;p&gt;医院网站解决方案组成&lt;/p&gt;\n&lt;p&gt;医院网站功能：医院网站群&lt;/p&gt;\n&lt;p&gt;解决方案除了建立医院整体门户网站外，还将建立医院下属每个科室单位的子网站，医院所有科室及特色专科均可有拥有自己的主页频道，并实现上下级网站的信息共享和不同的风格。另外对于网站的管理可以实现统一管理或独立管理的权限自由分配。&amp;nbsp;&lt;/p&gt;\n&lt;p&gt;医院网站功能：信息公告管理&lt;/p&gt;\n&lt;p&gt;发布医院动态信息、门诊或科室内部的相关公告、通知等，可分别在网站首页或指定的频道页面发布，可定时发布和审核发布。　　&amp;nbsp;&lt;/p&gt;\n&lt;p&gt;医院网站功能：专家库管理系统&lt;/p&gt;\n&lt;p&gt;建立医院完整的专家数据库，详细介绍医院各学科的院士、导师、专家详细资料，并可实现信息的在线查询。&lt;/p&gt;\n&lt;p&gt;医院网站功能：专家博客系统　&amp;nbsp;&lt;/p&gt;\n&lt;p&gt;医院的每位专家开设专门的个人博客，专家可以在线管理自己的相关资料及图文信息，发表专业文章及对有关病症的看法，从而进行个性化的学术交流和医患交流。　&amp;nbsp;&lt;/p&gt;\n&lt;p&gt;医院网站功能：专家咨询系统　&amp;nbsp;&lt;/p&gt;\n&lt;p&gt;按专家分类开辟咨询专栏，以统一询问、在线集中答复的形式体现，支持多样化的表现形式及附件上传，界面友好，富于人性化特点。患者通过网络就能享受到专家级的医疗咨询服务。&lt;/p&gt;\n&lt;p&gt;医院网站功能：专家在线预约系统&lt;/p&gt;\n&lt;p&gt;可自定义医院各科专家的预约信息发布，详细介绍医院接待应诊的时间和预约操作办法。&lt;/p&gt;\n&lt;p&gt;预约式服务，体现人性化服务的周到；在线式预约，更能够体现互联网在服务优势方面的便利与快捷。&lt;/p&gt;\n&lt;p&gt;医院网站功能：医院论坛系统&lt;/p&gt;\n&lt;p&gt;具备完善的网站论坛管理功能，用户管理、等级管理、栏目管理、权限管理等使得论坛设置灵活多样，而良好的用户界面和访问效率使得论坛更具人性化特点。&lt;/p&gt;\n&lt;p&gt;医院论坛系统作为一个医生、患者、同行及社会各界之间的沟通与交流的平台，能充分够起到营造学术氛围、扩大社会影响力的作用。&lt;/p&gt;\n&lt;p&gt;医院网站功能：期刊管理系统&lt;/p&gt;\n&lt;p&gt;期刊管理系统是通过网络实现医院期刊、版面的分类管理与浏览，过刊的在线检索与查询等功能。&amp;nbsp;&lt;/p&gt;\n&lt;p&gt;医院网站功能：健康知识库&lt;/p&gt;\n&lt;p&gt;强大的知识管理功能，自定义分类和无限级别设置，具备灵活的审核、发布模式，支持文本、动画、视频等多种文章形式体现；&amp;nbsp;&lt;/p&gt;\n&lt;p&gt;海量信息存储可能，安全的访问体系，高效的检索机制和浏览模式；&lt;/p&gt;\n&lt;p&gt;自动对文章内容及下载文件提供保护功能，防复制、防拷贝、防盗链，更有独特的干扰码技术；&lt;/p&gt;\n&lt;p&gt;医疗行业健康知识一般包括疾病介绍及预防知识、健康常识等。推崇正确、健康的生活方式，更是医疗机构依靠其良好的品牌形象所应该积极倡导的。&amp;nbsp;&lt;/p&gt;\n&lt;p&gt;医院网站解决方案特点&lt;/p&gt;\n&lt;p&gt;*　完全针对医疗行业在门户网站的实际应用需求，充分实现医院门户网站的建设、管理和运营。&amp;nbsp;&lt;/p&gt;\n&lt;p&gt;*　网站系统基于PHP＋MYSQL架构，具有优异的安全性和稳定性。&amp;nbsp;&lt;/p&gt;\n&lt;p&gt;*　能够迅速实施网站系统架设，全智能化安装，无技术门槛要求。 　　&amp;nbsp;&lt;/p&gt;\n&lt;p&gt;*　网站系统兼容Windows、UNIX、FreeBSD等多种操作系统平台和IE、Firefox等多种浏览器，极具全面的适用性。&amp;nbsp;&lt;/p&gt;\n&lt;p&gt;*　网站系统采用模块化架构，无需周期性的开发即可进行功能无限扩充。在充分考虑医疗行业的普遍需求基础上，可灵活扩充或定制功能需求，更具个性化运用特点。&amp;nbsp;&lt;/p&gt;\n&lt;p&gt;*　网站系统所有功能采用统一接口，功能模块完全实现无缝衔接。&amp;nbsp;&lt;/p&gt;\n&lt;p&gt;*　一站式通行证网站用户管理模式，灵活多样的用户组及特殊跨组权限设置。&amp;nbsp;&lt;/p&gt;\n&lt;p&gt;*　拥有强大的后台管理功能，简化繁琐的网站后期管理维护工作。&lt;/p&gt;'),
(35, 36, '&lt;p&gt;随着互联网的迅速普及，酒店电子商务应运而生，网络营销，网上预订&amp;hellip;.互联网的世界里蕴藏无限商机。&lt;/p&gt;\n&lt;p&gt;作为互联网企业的我们，ESPCMS拥有专业的酒店网站建设设计队伍及维护人员，我们将根据贵酒店的具体情况及需要度身定做一个酒店商务网站，助您充分利用国际互联网上的信息资源，服务酒店客人。&lt;/p&gt;\n&lt;p&gt;同时，根据我们运营中国旅游信息港的行业经验，我们更了解酒店的实际需求，我们根据对酒店客户的了解，同时研究了同行业的网站，我们精心设计了酒店网站建设方案，以供参考。&lt;/p&gt;\n&lt;p&gt;一、酒店网站建设目标：&lt;/p&gt;\n&lt;p&gt;（1）树立企业良好的公众形象；&lt;/p&gt;\n&lt;p&gt;（2）为酒店提供网上预订平台；&lt;/p&gt;\n&lt;p&gt;（3）吸引更多的潜在客户和访问者；&lt;/p&gt;\n&lt;p&gt;（4）以企业CI系统为基础，网站设计风格简洁、大气，体现酒店的雄厚实力和行业地位，满足不同浏览者阅读习惯；&lt;/p&gt;\n&lt;p&gt;（5）吸引更多的客户，为现有的客户提供更有效的服务；&lt;/p&gt;\n&lt;p&gt;（6）建立完善的网上服务系统，提高管理效率，建立完善的跟踪系统。&lt;/p&gt;\n&lt;p&gt;二、酒店网站设计要点：&lt;/p&gt;\n&lt;p&gt;（1）网站的整体风格创意设计要新颖，才能吸引浏览者停留，浏览网站，留住商机，我们采用现今网络上最流行的CSS，FLASH，Javascript等技术进行网站的静态和动态页面设计，动态的按钮，活动的小图标，将会使浏览者留下深刻的印象。&lt;/p&gt;\n&lt;p&gt;（2）我们将根据贵酒店CI，配合整个网站设计风格对每个系列的产品进行网上的包装设计，务求达到展现贵酒店所提供的服务是最贴近人心的高档产品的品牌形象。&lt;/p&gt;\n&lt;p&gt;（3）FLASH是现时网络上最欢迎的网络技术，作为一种可以用在互联网上动态的、可互动的SHOCKWAVE。这样就能生成多媒体的图形和界面，而且使文件的体积很小。&lt;/p&gt;\n&lt;p&gt;（4）网页的信息中，除小图标、Banner之外，还有大量的文字和图象需要处理，图片、文字支持是不可缺少的部分，我们先进设备和认真的工作态度一定能制作出令你满意的网站。&lt;/p&gt;'),
(36, 37, '&lt;p&gt;&lt;span&gt;The first&lt;/span&gt;&lt;span&gt;&amp;nbsp;Micro message&lt;/span&gt;&lt;span&gt;&amp;nbsp;+&lt;/span&gt;&lt;span&gt;&amp;nbsp;mobile phone&lt;/span&gt;&lt;span&gt;&amp;nbsp;APP+ micro&lt;/span&gt;&lt;span&gt;&amp;nbsp;website +&lt;/span&gt;&lt;span&gt;&amp;nbsp;mobile phone SMS&lt;/span&gt;&lt;span&gt;&amp;nbsp;+&lt;/span&gt;&lt;span&gt;&amp;nbsp;multi language&lt;/span&gt;&lt;span&gt;&amp;nbsp;website&lt;/span&gt;&lt;span&gt;&amp;nbsp;full&lt;/span&gt;&lt;span&gt;combination of&lt;/span&gt;&lt;span&gt;&amp;nbsp;enterprise marketing&lt;/span&gt;&lt;span&gt;&amp;nbsp;management platform&lt;/span&gt;&lt;span&gt;,&lt;/span&gt;&lt;span&gt;&amp;nbsp;the&lt;/span&gt;&lt;span&gt;&amp;nbsp;development&lt;/span&gt;&lt;span&gt;&amp;nbsp;to the combined PHP and&lt;/span&gt;&lt;span&gt;&amp;nbsp;MYSQL gold&lt;/span&gt;&lt;span&gt;,&lt;/span&gt;&lt;span&gt;can&lt;/span&gt;&lt;span&gt;&amp;nbsp;run stably in&lt;/span&gt;&lt;span&gt;&amp;nbsp;the&lt;/span&gt;&lt;span&gt;&amp;nbsp;host and the&lt;/span&gt;&lt;span&gt;&amp;nbsp;mainstream of the server&lt;/span&gt;&lt;span&gt;&amp;nbsp;space&lt;/span&gt;&lt;span&gt;,&lt;/span&gt;&lt;span&gt;&amp;nbsp;powerful function&lt;/span&gt;&lt;span&gt;&amp;nbsp;and&lt;/span&gt;&lt;span&gt;&amp;nbsp;mainstream&lt;/span&gt;&lt;span&gt;&amp;nbsp;support&lt;/span&gt;&lt;span&gt;,&lt;/span&gt;&lt;span&gt;&amp;nbsp;site&lt;/span&gt;&lt;span&gt;management&lt;/span&gt;&lt;span&gt;&amp;nbsp;platform&lt;/span&gt;&lt;span&gt;&amp;nbsp;a&lt;/span&gt;&lt;span&gt;&amp;nbsp;stable economy,&lt;/span&gt;&lt;span&gt;&amp;nbsp;security&lt;/span&gt;&lt;span&gt;&amp;nbsp;for the enterprise&lt;/span&gt;&lt;span&gt;.&lt;/span&gt;&lt;/p&gt;\n&lt;p&gt;&lt;span&gt;Easy&lt;/span&gt;&lt;span&gt;&amp;nbsp;ESPCMS&lt;/span&gt;&lt;span&gt;&amp;nbsp;V6&lt;/span&gt;&lt;span&gt;&amp;nbsp;based on V5,&lt;/span&gt;&lt;span&gt;&amp;nbsp;update a lot of&lt;/span&gt;&lt;span&gt;&amp;nbsp;functions&lt;/span&gt;&lt;span&gt;,&lt;/span&gt;&lt;span&gt;&amp;nbsp;the following&lt;/span&gt;&lt;span&gt;&amp;nbsp;software&lt;/span&gt;&lt;span&gt;&amp;nbsp;characteristics&lt;/span&gt;&lt;span&gt;:&lt;/span&gt;&lt;/p&gt;\n&lt;p&gt;&lt;span&gt;Custom component&lt;/span&gt;&lt;span&gt;&amp;nbsp;application&lt;/span&gt;&lt;span&gt;:&lt;/span&gt;&lt;span&gt;&amp;nbsp;ESPCMSV6 uses&lt;/span&gt;&lt;span&gt;&amp;nbsp;custom&lt;/span&gt;&lt;span&gt;&amp;nbsp;components installed&lt;/span&gt;&lt;span&gt;,&lt;/span&gt;&lt;span&gt;&amp;nbsp;online self&lt;/span&gt;&lt;span&gt;&amp;nbsp;installation and application of&lt;/span&gt;&lt;span&gt;&amp;nbsp;latest components,&lt;/span&gt;&lt;span&gt;&amp;nbsp;ESPCMS&lt;/span&gt;&lt;span&gt;&amp;nbsp;will be the&lt;/span&gt;&lt;span&gt;&amp;nbsp;component&lt;/span&gt;&lt;span&gt;&amp;nbsp;market as the basis&lt;/span&gt;&lt;span&gt;,&lt;/span&gt;&lt;span&gt;&amp;nbsp;to create a strong&lt;/span&gt;&lt;span&gt;&amp;nbsp;practical&lt;/span&gt;&lt;span&gt;component model&lt;/span&gt;&lt;span&gt;,&lt;/span&gt;&lt;span&gt;&amp;nbsp;for the user to choose&lt;/span&gt;&lt;span&gt;&amp;nbsp;the installation and use of&lt;/span&gt;&lt;span&gt;.&lt;/span&gt;&lt;/p&gt;\n&lt;p&gt;&lt;span&gt;The&lt;/span&gt;&lt;span&gt;&amp;nbsp;mobile&lt;/span&gt;&lt;span&gt;&amp;nbsp;terminal&lt;/span&gt;&lt;span&gt;&amp;nbsp;website experience&lt;/span&gt;&lt;span&gt;:&lt;/span&gt;&lt;span&gt;&amp;nbsp;combination of intelligent&lt;/span&gt;&lt;span&gt;&amp;nbsp;mobile phone&lt;/span&gt;&lt;span&gt;&amp;nbsp;popular&lt;/span&gt;&lt;span&gt;&amp;nbsp;and&lt;/span&gt;&lt;span&gt;&amp;nbsp;other mobile platforms&lt;/span&gt;&lt;span&gt;,&lt;/span&gt;&lt;span&gt;to build the&lt;/span&gt;&lt;span&gt;&amp;nbsp;functions of mobile terminal&lt;/span&gt;&lt;span&gt;&amp;nbsp;site&lt;/span&gt;&lt;span&gt;&amp;nbsp;application of all&lt;/span&gt;&lt;span&gt;&amp;nbsp;solid&lt;/span&gt;&lt;span&gt;,&lt;/span&gt;&lt;span&gt;&amp;nbsp;and&lt;/span&gt;&lt;span&gt;&amp;nbsp;can implement the&lt;/span&gt;&lt;span&gt;&amp;nbsp;message&lt;/span&gt;&lt;span&gt;,&lt;/span&gt;&lt;span&gt;&amp;nbsp;ordering&lt;/span&gt;&lt;span&gt;,&lt;/span&gt;&lt;span&gt;membership&lt;/span&gt;&lt;span&gt;,&lt;/span&gt;&lt;span&gt;&amp;nbsp;form&lt;/span&gt;&lt;span&gt;&amp;nbsp;common&lt;/span&gt;&lt;span&gt;&amp;nbsp;marketing&lt;/span&gt;&lt;span&gt;&amp;nbsp;function in a mobile terminal&lt;/span&gt;&lt;span&gt;;&lt;/span&gt;&lt;/p&gt;\n&lt;p&gt;&lt;span&gt;Micro message&lt;/span&gt;&lt;span&gt;&amp;nbsp;application&lt;/span&gt;&lt;span&gt;:&lt;/span&gt;&lt;span&gt;&amp;nbsp;fully support&lt;/span&gt;&lt;span&gt;&amp;nbsp;Micro message&lt;/span&gt;&lt;span&gt;&amp;nbsp;information push&lt;/span&gt;&lt;span&gt;,&lt;/span&gt;&lt;span&gt;&amp;nbsp;add&lt;/span&gt;&lt;span&gt;&amp;nbsp;words of welcome&lt;/span&gt;&lt;span&gt;,&lt;/span&gt;&lt;span&gt;&amp;nbsp;Micro message&lt;/span&gt;&lt;span&gt;menu settings&lt;/span&gt;&lt;span&gt;,&lt;/span&gt;&lt;span&gt;&amp;nbsp;micro&lt;/span&gt;&lt;span&gt;&amp;nbsp;site settings&lt;/span&gt;&lt;span&gt;,&lt;/span&gt;&lt;span&gt;&amp;nbsp;application&lt;/span&gt;&lt;span&gt;&amp;nbsp;of mobile terminal&lt;/span&gt;&lt;span&gt;&amp;nbsp;can&lt;/span&gt;&lt;span&gt;&amp;nbsp;realize micro&lt;/span&gt;&lt;span&gt;&amp;nbsp;mall&lt;/span&gt;&lt;span&gt;&amp;nbsp;and micro&lt;/span&gt;&lt;span&gt;&amp;nbsp;industry website&lt;/span&gt;&lt;span&gt;;&lt;/span&gt;&lt;/p&gt;\n&lt;p&gt;&lt;span&gt;Application of two-dimensional code&lt;/span&gt;&lt;span&gt;:&lt;/span&gt;&lt;span&gt;&amp;nbsp;can display&lt;/span&gt;&lt;span&gt;&amp;nbsp;Micro message&lt;/span&gt;&lt;span&gt;&amp;nbsp;code&lt;/span&gt;&lt;span&gt;,&lt;/span&gt;&lt;span&gt;&amp;nbsp;mobile phone&lt;/span&gt;&lt;span&gt;&amp;nbsp;two only&lt;/span&gt;&lt;span&gt;&amp;nbsp;code&lt;/span&gt;&lt;span&gt;,&lt;/span&gt;&lt;span&gt;&amp;nbsp;product order&lt;/span&gt;&lt;span&gt;bar code&lt;/span&gt;&lt;span&gt;;&lt;/span&gt;&lt;/p&gt;\n&lt;p&gt;&lt;span&gt;Keyword&lt;/span&gt;&lt;span&gt;:&lt;/span&gt;&lt;span&gt;&amp;nbsp;keyword&lt;/span&gt;&lt;span&gt;&amp;nbsp;generation&lt;/span&gt;&lt;span&gt;&amp;nbsp;intelligent&lt;/span&gt;&lt;span&gt;&amp;nbsp;generated&lt;/span&gt;&lt;span&gt;&amp;nbsp;by intelligent&lt;/span&gt;&lt;span&gt;,&lt;/span&gt;&lt;span&gt;&amp;nbsp;can improve the&lt;/span&gt;&lt;span&gt;&amp;nbsp;site''s SEO&lt;/span&gt;&lt;span&gt;&amp;nbsp;effect&lt;/span&gt;&lt;span&gt;.&lt;/span&gt;&lt;/p&gt;\n&lt;p&gt;&lt;span&gt;Infinite&lt;/span&gt;&lt;span&gt;&amp;nbsp;classification&lt;/span&gt;&lt;span&gt;:&lt;/span&gt;&lt;span&gt;&amp;nbsp;support the content&lt;/span&gt;&lt;span&gt;&amp;nbsp;classification unlimited&lt;/span&gt;&lt;span&gt;,&lt;/span&gt;&lt;span&gt;&amp;nbsp;and can realize the&lt;/span&gt;&lt;span&gt;&amp;nbsp;output&lt;/span&gt;&lt;span&gt;&amp;nbsp;and display&lt;/span&gt;&lt;span&gt;&amp;nbsp;of infinite classification&lt;/span&gt;&lt;span&gt;&amp;nbsp;on the same&lt;/span&gt;&lt;span&gt;&amp;nbsp;page&lt;/span&gt;&lt;span&gt;,&lt;/span&gt;&lt;span&gt;&amp;nbsp;greatly&lt;/span&gt;&lt;span&gt;&amp;nbsp;satisfy the&lt;/span&gt;&lt;span&gt;&amp;nbsp;demand&lt;/span&gt;&lt;span&gt;&amp;nbsp;products&lt;/span&gt;&lt;span&gt;&amp;nbsp;classification&lt;/span&gt;&lt;span&gt;;&lt;/span&gt;&lt;/p&gt;\n&lt;p&gt;&lt;span&gt;Domestic and foreign mainstream&lt;/span&gt;&lt;span&gt;&amp;nbsp;payment component&lt;/span&gt;&lt;span&gt;:&lt;/span&gt;&lt;span&gt;&amp;nbsp;support&lt;/span&gt;&lt;span&gt;&amp;nbsp;the domestic each big&lt;/span&gt;&lt;span&gt;&amp;nbsp;mainstream&lt;/span&gt;&lt;span&gt;&amp;nbsp;payment&lt;/span&gt;&lt;span&gt;including&lt;/span&gt;&lt;span&gt;&amp;nbsp;Alipay&lt;/span&gt;&lt;span&gt;,&lt;/span&gt;&lt;span&gt;&amp;nbsp;TenPay&lt;/span&gt;&lt;span&gt;,&lt;/span&gt;&lt;span&gt;&amp;nbsp;quick money&lt;/span&gt;&lt;span&gt;,&lt;/span&gt;&lt;span&gt;&amp;nbsp;bank&lt;/span&gt;&lt;span&gt;,&lt;/span&gt;&lt;span&gt;&amp;nbsp;international&lt;/span&gt;&lt;span&gt;&amp;nbsp;include: Moneybookers&lt;/span&gt;&lt;span&gt;,&lt;/span&gt;&lt;span&gt;&amp;nbsp;PayPal&lt;/span&gt;&lt;span&gt;,&lt;/span&gt;&lt;span&gt;&amp;nbsp;requires the implementation of&lt;/span&gt;&lt;span&gt;&amp;nbsp;domestic and foreign enterprises to&lt;/span&gt;&lt;span&gt;&amp;nbsp;pay&lt;/span&gt;&lt;span&gt;;&lt;/span&gt;&lt;/p&gt;\n&lt;p&gt;&lt;span&gt;Humanized&lt;/span&gt;&lt;span&gt;&amp;nbsp;picture file&lt;/span&gt;&lt;span&gt;&amp;nbsp;upload component&lt;/span&gt;&lt;span&gt;:&lt;/span&gt;&lt;span&gt;&amp;nbsp;can&lt;/span&gt;&lt;span&gt;&amp;nbsp;a custom picture file&lt;/span&gt;&lt;span&gt;&amp;nbsp;upload&lt;/span&gt;&lt;span&gt;,&lt;/span&gt;&lt;span&gt;&amp;nbsp;can&lt;/span&gt;&lt;span&gt;&amp;nbsp;batch image&lt;/span&gt;&lt;span&gt;&amp;nbsp;file upload&lt;/span&gt;&lt;span&gt;,&lt;/span&gt;&lt;span&gt;&amp;nbsp;photo album&lt;/span&gt;&lt;span&gt;,&lt;/span&gt;&lt;span&gt;&amp;nbsp;photo album&lt;/span&gt;&lt;span&gt;&amp;nbsp;can be&lt;/span&gt;&lt;span&gt;&amp;nbsp;grouped&lt;/span&gt;&lt;span&gt;&amp;nbsp;output&lt;/span&gt;&lt;span&gt;&amp;nbsp;file&lt;/span&gt;&lt;span&gt;&amp;nbsp;management functions&lt;/span&gt;&lt;span&gt;;&lt;/span&gt;&lt;/p&gt;\n&lt;p&gt;&lt;span&gt;Mail&lt;/span&gt;&lt;span&gt;&amp;nbsp;reminding module&lt;/span&gt;&lt;span&gt;:&lt;/span&gt;&lt;span&gt;&amp;nbsp;support&lt;/span&gt;&lt;span&gt;&amp;nbsp;member registration&lt;/span&gt;&lt;span&gt;&amp;nbsp;mail notification&lt;/span&gt;&lt;span&gt;,&lt;/span&gt;&lt;span&gt;&amp;nbsp;membership&lt;/span&gt;&lt;span&gt;&amp;nbsp;password&lt;/span&gt;&lt;span&gt;&amp;nbsp;mail notification&lt;/span&gt;&lt;span&gt;,&lt;/span&gt;&lt;span&gt;activation email&lt;/span&gt;&lt;span&gt;&amp;nbsp;notification&lt;/span&gt;&lt;span&gt;,&lt;/span&gt;&lt;span&gt;&amp;nbsp;member of&lt;/span&gt;&lt;span&gt;&amp;nbsp;order&lt;/span&gt;&lt;span&gt;&amp;nbsp;place an order&lt;/span&gt;&lt;span&gt;&amp;nbsp;successfully&lt;/span&gt;&lt;span&gt;&amp;nbsp;mail notification&lt;/span&gt;&lt;span&gt;,&lt;/span&gt;&lt;span&gt;&amp;nbsp;successful payment&lt;/span&gt;&lt;span&gt;&amp;nbsp;mail notification&lt;/span&gt;&lt;span&gt;,&lt;/span&gt;&lt;span&gt;&amp;nbsp;order cancellation&lt;/span&gt;&lt;span&gt;&amp;nbsp;email notification&lt;/span&gt;&lt;span&gt;,&lt;/span&gt;&lt;span&gt;&amp;nbsp;new&lt;/span&gt;&lt;span&gt;&amp;nbsp;order administrator&lt;/span&gt;&lt;span&gt;&amp;nbsp;reminder notice&lt;/span&gt;&lt;span&gt;,&lt;/span&gt;&lt;span&gt;&amp;nbsp;order confirmation email&lt;/span&gt;&lt;span&gt;notification&lt;/span&gt;&lt;span&gt;,&lt;/span&gt;&lt;span&gt;&amp;nbsp;request&lt;/span&gt;&lt;span&gt;&amp;nbsp;confirmation&lt;/span&gt;&lt;span&gt;,&lt;/span&gt;&lt;span&gt;&amp;nbsp;inquiry&lt;/span&gt;&lt;span&gt;&amp;nbsp;administrator&lt;/span&gt;&lt;span&gt;&amp;nbsp;notification&lt;/span&gt;&lt;span&gt;,&lt;/span&gt;&lt;span&gt;&amp;nbsp;self-help&lt;/span&gt;&lt;span&gt;&amp;nbsp;form defined&lt;/span&gt;&lt;span&gt;&amp;nbsp;administrator&lt;/span&gt;&lt;span&gt;&amp;nbsp;email&lt;/span&gt;&lt;span&gt;knowledge&lt;/span&gt;&lt;span&gt;&amp;nbsp;notice&lt;/span&gt;&lt;span&gt;,&lt;/span&gt;&lt;span&gt;&amp;nbsp;self-help&lt;/span&gt;&lt;span&gt;&amp;nbsp;form&lt;/span&gt;&lt;span&gt;&amp;nbsp;reply notification&lt;/span&gt;&lt;span&gt;,&lt;/span&gt;&lt;span&gt;&amp;nbsp;thanks letter&lt;/span&gt;&lt;span&gt;&amp;nbsp;notice&lt;/span&gt;&lt;span&gt;&amp;nbsp;form submission&lt;/span&gt;&lt;span&gt;,&lt;/span&gt;&lt;span&gt;&amp;nbsp;new message&lt;/span&gt;&lt;span&gt;&amp;nbsp;custom&lt;/span&gt;&lt;span&gt;administrator&lt;/span&gt;&lt;span&gt;&amp;nbsp;email&lt;/span&gt;&lt;span&gt;&amp;nbsp;inform&lt;/span&gt;&lt;span&gt;,&lt;/span&gt;&lt;span&gt;&amp;nbsp;new message&lt;/span&gt;&lt;span&gt;&amp;nbsp;reply notification&lt;/span&gt;&lt;span&gt;&amp;nbsp;message&lt;/span&gt;&lt;span&gt;&amp;nbsp;alert&lt;/span&gt;&lt;span&gt;&amp;nbsp;notification&lt;/span&gt;&lt;span&gt;,&lt;/span&gt;&lt;span&gt;&amp;nbsp;content&lt;/span&gt;&lt;span&gt;&amp;nbsp;manager&lt;/span&gt;&lt;span&gt;.&lt;/span&gt;&lt;/p&gt;\n&lt;p&gt;&lt;span&gt;Mobile phone&lt;/span&gt;&lt;span&gt;&amp;nbsp;text messages&lt;/span&gt;&lt;span&gt;&amp;nbsp;reminding module&lt;/span&gt;&lt;span&gt;:&lt;/span&gt;&lt;span&gt;&amp;nbsp;mobile phone&lt;/span&gt;&lt;span&gt;,&lt;/span&gt;&lt;span&gt;&amp;nbsp;mobile phone&lt;/span&gt;&lt;span&gt;&amp;nbsp;short message&lt;/span&gt;&lt;span&gt;&amp;nbsp;support&lt;/span&gt;&lt;span&gt;&amp;nbsp;registration reminder&lt;/span&gt;&lt;span&gt;&amp;nbsp;password&lt;/span&gt;&lt;span&gt;,&lt;/span&gt;&lt;span&gt;&amp;nbsp;the order administrator&lt;/span&gt;&lt;span&gt;&amp;nbsp;remind&lt;/span&gt;&lt;span&gt;,&lt;/span&gt;&lt;span&gt;&amp;nbsp;modify password&lt;/span&gt;&lt;span&gt;&amp;nbsp;reminder&lt;/span&gt;&lt;span&gt;&amp;nbsp;mobile phone&lt;/span&gt;&lt;span&gt;&amp;nbsp;short message function&lt;/span&gt;&lt;span&gt;;&lt;/span&gt;&lt;/p&gt;\n&lt;p&gt;&lt;span&gt;Multi site&lt;/span&gt;&lt;span&gt;&amp;nbsp;cluster management&lt;/span&gt;&lt;span&gt;: support for multi&lt;/span&gt;&lt;span&gt;&amp;nbsp;site&lt;/span&gt;&lt;span&gt;&amp;nbsp;communication&lt;/span&gt;&lt;span&gt;&amp;nbsp;management&lt;/span&gt;&lt;span&gt;,&lt;/span&gt;&lt;span&gt;&amp;nbsp;increase convenience&lt;/span&gt;&lt;span&gt;management function for&lt;/span&gt;&lt;span&gt;&amp;nbsp;group&lt;/span&gt;&lt;span&gt;&amp;nbsp;enterprises website&lt;/span&gt;&lt;span&gt;;&lt;/span&gt;&lt;/p&gt;\n&lt;p&gt;&lt;span&gt;Strong SEO&lt;/span&gt;&lt;span&gt;&amp;nbsp;function: support&lt;/span&gt;&lt;span&gt;&amp;nbsp;within the chain&lt;/span&gt;&lt;span&gt;,&lt;/span&gt;&lt;span&gt;&amp;nbsp;the chain&lt;/span&gt;&lt;span&gt;,&lt;/span&gt;&lt;span&gt;&amp;nbsp;the TAG keyword&lt;/span&gt;&lt;span&gt;,&lt;/span&gt;&lt;span&gt;&amp;nbsp;Baidu&lt;/span&gt;&lt;span&gt;&amp;nbsp;map&lt;/span&gt;&lt;span&gt;,&lt;/span&gt;&lt;span&gt;&amp;nbsp;Google&lt;/span&gt;&lt;span&gt;&amp;nbsp;map&lt;/span&gt;&lt;span&gt;&amp;nbsp;and other&lt;/span&gt;&lt;span&gt;popular SEO&lt;/span&gt;&lt;span&gt;&amp;nbsp;elements&lt;/span&gt;&lt;span&gt;,&lt;/span&gt;&lt;span&gt;&amp;nbsp;also supports&lt;/span&gt;&lt;span&gt;&amp;nbsp;static page generation&lt;/span&gt;&lt;span&gt;,&lt;/span&gt;&lt;span&gt;&amp;nbsp;pseudo static&lt;/span&gt;&lt;span&gt;,&lt;/span&gt;&lt;span&gt;&amp;nbsp;dynamic&lt;/span&gt;&lt;span&gt;&amp;nbsp;and&lt;/span&gt;&lt;span&gt;&amp;nbsp;different model&lt;/span&gt;&lt;span&gt;;&lt;/span&gt;&lt;/p&gt;\n&lt;p&gt;&lt;span&gt;ESPCMS also has&lt;/span&gt;&lt;span&gt;&amp;nbsp;the more rich&lt;/span&gt;&lt;span&gt;&amp;nbsp;function&lt;/span&gt;&lt;span&gt;&amp;nbsp;forward to&lt;/span&gt;&lt;span&gt;&amp;nbsp;mining&lt;/span&gt;&lt;span&gt;,&lt;/span&gt;&lt;span&gt;&amp;nbsp;welcome you to&lt;/span&gt;&lt;span&gt;&amp;nbsp;download experience&lt;/span&gt;&lt;span&gt;!&lt;/span&gt;&lt;/p&gt;'),
(37, 42, '&lt;p&gt;&lt;strong&gt;Personal Information&lt;/strong&gt;&lt;/p&gt;\n&lt;p&gt;&amp;nbsp;We collect your personal information for various purposes, such as processing your order, corresponding with you, providing you with a subscription or in connection with a job application.&lt;/p&gt;\n&lt;p&gt;We may combine the information we collect from you with information obtained from other sources to help us improve its overall accuracy and completeness, and to help us better tailor our interactions with you.&lt;/p&gt;\n&lt;p&gt;In addition, we may also collect information relating to your use of our Web sites through the use of various technologies, including cookies.&lt;/p&gt;\n&lt;p&gt;&amp;nbsp;&lt;/p&gt;\n&lt;p&gt;&lt;strong&gt;Uses&lt;/strong&gt;&lt;/p&gt;\n&lt;p&gt;To fulfill your requests by us or by others involved in fulfillment.&lt;/p&gt;\n&lt;p&gt;To contact you for customer satisfaction surveys, market research or in connection with certain transactions.&lt;/p&gt;\n&lt;p&gt;To support products or services you have obtained from us.&lt;/p&gt;\n&lt;p&gt;By IBM and selected organizations for marketing purposes if you have permitted such use.&lt;/p&gt;\n&lt;p&gt;To personalize your experience while you are on our sites, make navigation easier, and for Web site usage statistics.&lt;/p&gt;\n&lt;p&gt;&amp;nbsp;&lt;/p&gt;\n&lt;p&gt;&lt;strong&gt;Your Choices&lt;/strong&gt;&lt;/p&gt;\n&lt;p&gt;When we collect information from you, you may tell us that you do not want it used for further marketing contact.&lt;/p&gt;\n&lt;p&gt;You may also turn off cookies in your browser.&lt;/p&gt;'),
(38, 39, '&lt;p&gt;&lt;span&gt;The first&lt;/span&gt;&lt;span&gt;&amp;nbsp;Micro message&lt;/span&gt;&lt;span&gt;&amp;nbsp;+&lt;/span&gt;&lt;span&gt;&amp;nbsp;mobile phone&lt;/span&gt;&lt;span&gt;&amp;nbsp;APP+ micro&lt;/span&gt;&lt;span&gt;&amp;nbsp;website +&lt;/span&gt;&lt;span&gt;&amp;nbsp;mobile phone SMS&lt;/span&gt;&lt;span&gt;&amp;nbsp;+&lt;/span&gt;&lt;span&gt;&amp;nbsp;multi language&lt;/span&gt;&lt;span&gt;&amp;nbsp;website&lt;/span&gt;&lt;span&gt;&amp;nbsp;full&lt;/span&gt;&lt;span&gt;combination of&lt;/span&gt;&lt;span&gt;&amp;nbsp;enterprise marketing&lt;/span&gt;&lt;span&gt;&amp;nbsp;management platform&lt;/span&gt;&lt;span&gt;,&lt;/span&gt;&lt;span&gt;&amp;nbsp;the&lt;/span&gt;&lt;span&gt;&amp;nbsp;development&lt;/span&gt;&lt;span&gt;&amp;nbsp;to the combined PHP and&lt;/span&gt;&lt;span&gt;&amp;nbsp;MYSQL gold&lt;/span&gt;&lt;span&gt;,&lt;/span&gt;&lt;span&gt;can&lt;/span&gt;&lt;span&gt;&amp;nbsp;run stably in&lt;/span&gt;&lt;span&gt;&amp;nbsp;the&lt;/span&gt;&lt;span&gt;&amp;nbsp;host and the&lt;/span&gt;&lt;span&gt;&amp;nbsp;mainstream of the server&lt;/span&gt;&lt;span&gt;&amp;nbsp;space&lt;/span&gt;&lt;span&gt;,&lt;/span&gt;&lt;span&gt;&amp;nbsp;powerful function&lt;/span&gt;&lt;span&gt;&amp;nbsp;and&lt;/span&gt;&lt;span&gt;&amp;nbsp;mainstream&lt;/span&gt;&lt;span&gt;&amp;nbsp;support&lt;/span&gt;&lt;span&gt;,&lt;/span&gt;&lt;span&gt;&amp;nbsp;site&lt;/span&gt;&lt;span&gt;management&lt;/span&gt;&lt;span&gt;&amp;nbsp;platform&lt;/span&gt;&lt;span&gt;&amp;nbsp;a&lt;/span&gt;&lt;span&gt;&amp;nbsp;stable economy,&lt;/span&gt;&lt;span&gt;&amp;nbsp;security&lt;/span&gt;&lt;span&gt;&amp;nbsp;for the enterprise&lt;/span&gt;&lt;span&gt;.&lt;/span&gt;&lt;/p&gt;\n&lt;p&gt;&lt;span&gt;Easy&lt;/span&gt;&lt;span&gt;&amp;nbsp;ESPCMS&lt;/span&gt;&lt;span&gt;&amp;nbsp;V6&lt;/span&gt;&lt;span&gt;&amp;nbsp;based on V5,&lt;/span&gt;&lt;span&gt;&amp;nbsp;update a lot of&lt;/span&gt;&lt;span&gt;&amp;nbsp;functions&lt;/span&gt;&lt;span&gt;,&lt;/span&gt;&lt;span&gt;&amp;nbsp;the following&lt;/span&gt;&lt;span&gt;&amp;nbsp;software&lt;/span&gt;&lt;span&gt;&amp;nbsp;characteristics&lt;/span&gt;&lt;span&gt;:&lt;/span&gt;&lt;/p&gt;\n&lt;p&gt;&lt;span&gt;Custom component&lt;/span&gt;&lt;span&gt;&amp;nbsp;application&lt;/span&gt;&lt;span&gt;:&lt;/span&gt;&lt;span&gt;&amp;nbsp;ESPCMSV6 uses&lt;/span&gt;&lt;span&gt;&amp;nbsp;custom&lt;/span&gt;&lt;span&gt;&amp;nbsp;components installed&lt;/span&gt;&lt;span&gt;,&lt;/span&gt;&lt;span&gt;&amp;nbsp;online self&lt;/span&gt;&lt;span&gt;&amp;nbsp;installation and application of&lt;/span&gt;&lt;span&gt;&amp;nbsp;latest components,&lt;/span&gt;&lt;span&gt;&amp;nbsp;ESPCMS&lt;/span&gt;&lt;span&gt;&amp;nbsp;will be the&lt;/span&gt;&lt;span&gt;&amp;nbsp;component&lt;/span&gt;&lt;span&gt;&amp;nbsp;market as the basis&lt;/span&gt;&lt;span&gt;,&lt;/span&gt;&lt;span&gt;&amp;nbsp;to create a strong&lt;/span&gt;&lt;span&gt;&amp;nbsp;practical&lt;/span&gt;&lt;span&gt;component model&lt;/span&gt;&lt;span&gt;,&lt;/span&gt;&lt;span&gt;&amp;nbsp;for the user to choose&lt;/span&gt;&lt;span&gt;&amp;nbsp;the installation and use of&lt;/span&gt;&lt;span&gt;.&lt;/span&gt;&lt;/p&gt;\n&lt;p&gt;&lt;span&gt;The&lt;/span&gt;&lt;span&gt;&amp;nbsp;mobile&lt;/span&gt;&lt;span&gt;&amp;nbsp;terminal&lt;/span&gt;&lt;span&gt;&amp;nbsp;website experience&lt;/span&gt;&lt;span&gt;:&lt;/span&gt;&lt;span&gt;&amp;nbsp;combination of intelligent&lt;/span&gt;&lt;span&gt;&amp;nbsp;mobile phone&lt;/span&gt;&lt;span&gt;&amp;nbsp;popular&lt;/span&gt;&lt;span&gt;&amp;nbsp;and&lt;/span&gt;&lt;span&gt;&amp;nbsp;other mobile platforms&lt;/span&gt;&lt;span&gt;,&lt;/span&gt;&lt;span&gt;to build the&lt;/span&gt;&lt;span&gt;&amp;nbsp;functions of mobile terminal&lt;/span&gt;&lt;span&gt;&amp;nbsp;site&lt;/span&gt;&lt;span&gt;&amp;nbsp;application of all&lt;/span&gt;&lt;span&gt;&amp;nbsp;solid&lt;/span&gt;&lt;span&gt;,&lt;/span&gt;&lt;span&gt;&amp;nbsp;and&lt;/span&gt;&lt;span&gt;&amp;nbsp;can implement the&lt;/span&gt;&lt;span&gt;&amp;nbsp;message&lt;/span&gt;&lt;span&gt;,&lt;/span&gt;&lt;span&gt;&amp;nbsp;ordering&lt;/span&gt;&lt;span&gt;,&lt;/span&gt;&lt;span&gt;membership&lt;/span&gt;&lt;span&gt;,&lt;/span&gt;&lt;span&gt;&amp;nbsp;form&lt;/span&gt;&lt;span&gt;&amp;nbsp;common&lt;/span&gt;&lt;span&gt;&amp;nbsp;marketing&lt;/span&gt;&lt;span&gt;&amp;nbsp;function in a mobile terminal&lt;/span&gt;&lt;span&gt;;&lt;/span&gt;&lt;/p&gt;\n&lt;p&gt;&lt;span&gt;Micro message&lt;/span&gt;&lt;span&gt;&amp;nbsp;application&lt;/span&gt;&lt;span&gt;:&lt;/span&gt;&lt;span&gt;&amp;nbsp;fully support&lt;/span&gt;&lt;span&gt;&amp;nbsp;Micro message&lt;/span&gt;&lt;span&gt;&amp;nbsp;information push&lt;/span&gt;&lt;span&gt;,&lt;/span&gt;&lt;span&gt;&amp;nbsp;add&lt;/span&gt;&lt;span&gt;&amp;nbsp;words of welcome&lt;/span&gt;&lt;span&gt;,&lt;/span&gt;&lt;span&gt;&amp;nbsp;Micro message&lt;/span&gt;&lt;span&gt;menu settings&lt;/span&gt;&lt;span&gt;,&lt;/span&gt;&lt;span&gt;&amp;nbsp;micro&lt;/span&gt;&lt;span&gt;&amp;nbsp;site settings&lt;/span&gt;&lt;span&gt;,&lt;/span&gt;&lt;span&gt;&amp;nbsp;application&lt;/span&gt;&lt;span&gt;&amp;nbsp;of mobile terminal&lt;/span&gt;&lt;span&gt;&amp;nbsp;can&lt;/span&gt;&lt;span&gt;&amp;nbsp;realize micro&lt;/span&gt;&lt;span&gt;&amp;nbsp;mall&lt;/span&gt;&lt;span&gt;&amp;nbsp;and micro&lt;/span&gt;&lt;span&gt;&amp;nbsp;industry website&lt;/span&gt;&lt;span&gt;;&lt;/span&gt;&lt;/p&gt;\n&lt;p&gt;&lt;span&gt;Application of two-dimensional code&lt;/span&gt;&lt;span&gt;:&lt;/span&gt;&lt;span&gt;&amp;nbsp;can display&lt;/span&gt;&lt;span&gt;&amp;nbsp;Micro message&lt;/span&gt;&lt;span&gt;&amp;nbsp;code&lt;/span&gt;&lt;span&gt;,&lt;/span&gt;&lt;span&gt;&amp;nbsp;mobile phone&lt;/span&gt;&lt;span&gt;&amp;nbsp;two only&lt;/span&gt;&lt;span&gt;&amp;nbsp;code&lt;/span&gt;&lt;span&gt;,&lt;/span&gt;&lt;span&gt;&amp;nbsp;product order&lt;/span&gt;&lt;span&gt;bar code&lt;/span&gt;&lt;span&gt;;&lt;/span&gt;&lt;/p&gt;\n&lt;p&gt;&lt;span&gt;Keyword&lt;/span&gt;&lt;span&gt;:&lt;/span&gt;&lt;span&gt;&amp;nbsp;keyword&lt;/span&gt;&lt;span&gt;&amp;nbsp;generation&lt;/span&gt;&lt;span&gt;&amp;nbsp;intelligent&lt;/span&gt;&lt;span&gt;&amp;nbsp;generated&lt;/span&gt;&lt;span&gt;&amp;nbsp;by intelligent&lt;/span&gt;&lt;span&gt;,&lt;/span&gt;&lt;span&gt;&amp;nbsp;can improve the&lt;/span&gt;&lt;span&gt;&amp;nbsp;site''s SEO&lt;/span&gt;&lt;span&gt;&amp;nbsp;effect&lt;/span&gt;&lt;span&gt;.&lt;/span&gt;&lt;/p&gt;\n&lt;p&gt;&lt;span&gt;Infinite&lt;/span&gt;&lt;span&gt;&amp;nbsp;classification&lt;/span&gt;&lt;span&gt;:&lt;/span&gt;&lt;span&gt;&amp;nbsp;support the content&lt;/span&gt;&lt;span&gt;&amp;nbsp;classification unlimited&lt;/span&gt;&lt;span&gt;,&lt;/span&gt;&lt;span&gt;&amp;nbsp;and can realize the&lt;/span&gt;&lt;span&gt;&amp;nbsp;output&lt;/span&gt;&lt;span&gt;&amp;nbsp;and display&lt;/span&gt;&lt;span&gt;&amp;nbsp;of infinite classification&lt;/span&gt;&lt;span&gt;&amp;nbsp;on the same&lt;/span&gt;&lt;span&gt;&amp;nbsp;page&lt;/span&gt;&lt;span&gt;,&lt;/span&gt;&lt;span&gt;&amp;nbsp;greatly&lt;/span&gt;&lt;span&gt;&amp;nbsp;satisfy the&lt;/span&gt;&lt;span&gt;&amp;nbsp;demand&lt;/span&gt;&lt;span&gt;&amp;nbsp;products&lt;/span&gt;&lt;span&gt;&amp;nbsp;classification&lt;/span&gt;&lt;span&gt;;&lt;/span&gt;&lt;/p&gt;\n&lt;p&gt;&lt;span&gt;Domestic and foreign mainstream&lt;/span&gt;&lt;span&gt;&amp;nbsp;payment component&lt;/span&gt;&lt;span&gt;:&lt;/span&gt;&lt;span&gt;&amp;nbsp;support&lt;/span&gt;&lt;span&gt;&amp;nbsp;the domestic each big&lt;/span&gt;&lt;span&gt;&amp;nbsp;mainstream&lt;/span&gt;&lt;span&gt;&amp;nbsp;payment&lt;/span&gt;&lt;span&gt;including&lt;/span&gt;&lt;span&gt;&amp;nbsp;Alipay&lt;/span&gt;&lt;span&gt;,&lt;/span&gt;&lt;span&gt;&amp;nbsp;TenPay&lt;/span&gt;&lt;span&gt;,&lt;/span&gt;&lt;span&gt;&amp;nbsp;quick money&lt;/span&gt;&lt;span&gt;,&lt;/span&gt;&lt;span&gt;&amp;nbsp;bank&lt;/span&gt;&lt;span&gt;,&lt;/span&gt;&lt;span&gt;&amp;nbsp;international&lt;/span&gt;&lt;span&gt;&amp;nbsp;include: Moneybookers&lt;/span&gt;&lt;span&gt;,&lt;/span&gt;&lt;span&gt;&amp;nbsp;PayPal&lt;/span&gt;&lt;span&gt;,&lt;/span&gt;&lt;span&gt;&amp;nbsp;requires the implementation of&lt;/span&gt;&lt;span&gt;&amp;nbsp;domestic and foreign enterprises to&lt;/span&gt;&lt;span&gt;&amp;nbsp;pay&lt;/span&gt;&lt;span&gt;;&lt;/span&gt;&lt;/p&gt;\n&lt;p&gt;&lt;span&gt;Humanized&lt;/span&gt;&lt;span&gt;&amp;nbsp;picture file&lt;/span&gt;&lt;span&gt;&amp;nbsp;upload component&lt;/span&gt;&lt;span&gt;:&lt;/span&gt;&lt;span&gt;&amp;nbsp;can&lt;/span&gt;&lt;span&gt;&amp;nbsp;a custom picture file&lt;/span&gt;&lt;span&gt;&amp;nbsp;upload&lt;/span&gt;&lt;span&gt;,&lt;/span&gt;&lt;span&gt;&amp;nbsp;can&lt;/span&gt;&lt;span&gt;&amp;nbsp;batch image&lt;/span&gt;&lt;span&gt;&amp;nbsp;file upload&lt;/span&gt;&lt;span&gt;,&lt;/span&gt;&lt;span&gt;&amp;nbsp;photo album&lt;/span&gt;&lt;span&gt;,&lt;/span&gt;&lt;span&gt;&amp;nbsp;photo album&lt;/span&gt;&lt;span&gt;&amp;nbsp;can be&lt;/span&gt;&lt;span&gt;&amp;nbsp;grouped&lt;/span&gt;&lt;span&gt;&amp;nbsp;output&lt;/span&gt;&lt;span&gt;&amp;nbsp;file&lt;/span&gt;&lt;span&gt;&amp;nbsp;management functions&lt;/span&gt;&lt;span&gt;;&lt;/span&gt;&lt;/p&gt;\n&lt;p&gt;&lt;span&gt;Mail&lt;/span&gt;&lt;span&gt;&amp;nbsp;reminding module&lt;/span&gt;&lt;span&gt;:&lt;/span&gt;&lt;span&gt;&amp;nbsp;support&lt;/span&gt;&lt;span&gt;&amp;nbsp;member registration&lt;/span&gt;&lt;span&gt;&amp;nbsp;mail notification&lt;/span&gt;&lt;span&gt;,&lt;/span&gt;&lt;span&gt;&amp;nbsp;membership&lt;/span&gt;&lt;span&gt;&amp;nbsp;password&lt;/span&gt;&lt;span&gt;&amp;nbsp;mail notification&lt;/span&gt;&lt;span&gt;,&lt;/span&gt;&lt;span&gt;activation email&lt;/span&gt;&lt;span&gt;&amp;nbsp;notification&lt;/span&gt;&lt;span&gt;,&lt;/span&gt;&lt;span&gt;&amp;nbsp;member of&lt;/span&gt;&lt;span&gt;&amp;nbsp;order&lt;/span&gt;&lt;span&gt;&amp;nbsp;place an order&lt;/span&gt;&lt;span&gt;&amp;nbsp;successfully&lt;/span&gt;&lt;span&gt;&amp;nbsp;mail notification&lt;/span&gt;&lt;span&gt;,&lt;/span&gt;&lt;span&gt;&amp;nbsp;successful payment&lt;/span&gt;&lt;span&gt;&amp;nbsp;mail notification&lt;/span&gt;&lt;span&gt;,&lt;/span&gt;&lt;span&gt;&amp;nbsp;order cancellation&lt;/span&gt;&lt;span&gt;&amp;nbsp;email notification&lt;/span&gt;&lt;span&gt;,&lt;/span&gt;&lt;span&gt;&amp;nbsp;new&lt;/span&gt;&lt;span&gt;&amp;nbsp;order administrator&lt;/span&gt;&lt;span&gt;&amp;nbsp;reminder notice&lt;/span&gt;&lt;span&gt;,&lt;/span&gt;&lt;span&gt;&amp;nbsp;order confirmation email&lt;/span&gt;&lt;span&gt;notification&lt;/span&gt;&lt;span&gt;,&lt;/span&gt;&lt;span&gt;&amp;nbsp;request&lt;/span&gt;&lt;span&gt;&amp;nbsp;confirmation&lt;/span&gt;&lt;span&gt;,&lt;/span&gt;&lt;span&gt;&amp;nbsp;inquiry&lt;/span&gt;&lt;span&gt;&amp;nbsp;administrator&lt;/span&gt;&lt;span&gt;&amp;nbsp;notification&lt;/span&gt;&lt;span&gt;,&lt;/span&gt;&lt;span&gt;&amp;nbsp;self-help&lt;/span&gt;&lt;span&gt;&amp;nbsp;form defined&lt;/span&gt;&lt;span&gt;&amp;nbsp;administrator&lt;/span&gt;&lt;span&gt;&amp;nbsp;email&lt;/span&gt;&lt;span&gt;knowledge&lt;/span&gt;&lt;span&gt;&amp;nbsp;notice&lt;/span&gt;&lt;span&gt;,&lt;/span&gt;&lt;span&gt;&amp;nbsp;self-help&lt;/span&gt;&lt;span&gt;&amp;nbsp;form&lt;/span&gt;&lt;span&gt;&amp;nbsp;reply notification&lt;/span&gt;&lt;span&gt;,&lt;/span&gt;&lt;span&gt;&amp;nbsp;thanks letter&lt;/span&gt;&lt;span&gt;&amp;nbsp;notice&lt;/span&gt;&lt;span&gt;&amp;nbsp;form submission&lt;/span&gt;&lt;span&gt;,&lt;/span&gt;&lt;span&gt;&amp;nbsp;new message&lt;/span&gt;&lt;span&gt;&amp;nbsp;custom&lt;/span&gt;&lt;span&gt;administrator&lt;/span&gt;&lt;span&gt;&amp;nbsp;email&lt;/span&gt;&lt;span&gt;&amp;nbsp;inform&lt;/span&gt;&lt;span&gt;,&lt;/span&gt;&lt;span&gt;&amp;nbsp;new message&lt;/span&gt;&lt;span&gt;&amp;nbsp;reply notification&lt;/span&gt;&lt;span&gt;&amp;nbsp;message&lt;/span&gt;&lt;span&gt;&amp;nbsp;alert&lt;/span&gt;&lt;span&gt;&amp;nbsp;notification&lt;/span&gt;&lt;span&gt;,&lt;/span&gt;&lt;span&gt;&amp;nbsp;content&lt;/span&gt;&lt;span&gt;&amp;nbsp;manager&lt;/span&gt;&lt;span&gt;.&lt;/span&gt;&lt;/p&gt;\n&lt;p&gt;&lt;span&gt;Mobile phone&lt;/span&gt;&lt;span&gt;&amp;nbsp;text messages&lt;/span&gt;&lt;span&gt;&amp;nbsp;reminding module&lt;/span&gt;&lt;span&gt;:&lt;/span&gt;&lt;span&gt;&amp;nbsp;mobile phone&lt;/span&gt;&lt;span&gt;,&lt;/span&gt;&lt;span&gt;&amp;nbsp;mobile phone&lt;/span&gt;&lt;span&gt;&amp;nbsp;short message&lt;/span&gt;&lt;span&gt;&amp;nbsp;support&lt;/span&gt;&lt;span&gt;&amp;nbsp;registration reminder&lt;/span&gt;&lt;span&gt;&amp;nbsp;password&lt;/span&gt;&lt;span&gt;,&lt;/span&gt;&lt;span&gt;&amp;nbsp;the order administrator&lt;/span&gt;&lt;span&gt;&amp;nbsp;remind&lt;/span&gt;&lt;span&gt;,&lt;/span&gt;&lt;span&gt;&amp;nbsp;modify password&lt;/span&gt;&lt;span&gt;&amp;nbsp;reminder&lt;/span&gt;&lt;span&gt;&amp;nbsp;mobile phone&lt;/span&gt;&lt;span&gt;&amp;nbsp;short message function&lt;/span&gt;&lt;span&gt;;&lt;/span&gt;&lt;/p&gt;\n&lt;p&gt;&lt;span&gt;Multi site&lt;/span&gt;&lt;span&gt;&amp;nbsp;cluster management&lt;/span&gt;&lt;span&gt;: support for multi&lt;/span&gt;&lt;span&gt;&amp;nbsp;site&lt;/span&gt;&lt;span&gt;&amp;nbsp;communication&lt;/span&gt;&lt;span&gt;&amp;nbsp;management&lt;/span&gt;&lt;span&gt;,&lt;/span&gt;&lt;span&gt;&amp;nbsp;increase convenience&lt;/span&gt;&lt;span&gt;management function for&lt;/span&gt;&lt;span&gt;&amp;nbsp;group&lt;/span&gt;&lt;span&gt;&amp;nbsp;enterprises website&lt;/span&gt;&lt;span&gt;;&lt;/span&gt;&lt;/p&gt;\n&lt;p&gt;&lt;span&gt;Strong SEO&lt;/span&gt;&lt;span&gt;&amp;nbsp;function: support&lt;/span&gt;&lt;span&gt;&amp;nbsp;within the chain&lt;/span&gt;&lt;span&gt;,&lt;/span&gt;&lt;span&gt;&amp;nbsp;the chain&lt;/span&gt;&lt;span&gt;,&lt;/span&gt;&lt;span&gt;&amp;nbsp;the TAG keyword&lt;/span&gt;&lt;span&gt;,&lt;/span&gt;&lt;span&gt;&amp;nbsp;Baidu&lt;/span&gt;&lt;span&gt;&amp;nbsp;map&lt;/span&gt;&lt;span&gt;,&lt;/span&gt;&lt;span&gt;&amp;nbsp;Google&lt;/span&gt;&lt;span&gt;&amp;nbsp;map&lt;/span&gt;&lt;span&gt;&amp;nbsp;and other&lt;/span&gt;&lt;span&gt;popular SEO&lt;/span&gt;&lt;span&gt;&amp;nbsp;elements&lt;/span&gt;&lt;span&gt;,&lt;/span&gt;&lt;span&gt;&amp;nbsp;also supports&lt;/span&gt;&lt;span&gt;&amp;nbsp;static page generation&lt;/span&gt;&lt;span&gt;,&lt;/span&gt;&lt;span&gt;&amp;nbsp;pseudo static&lt;/span&gt;&lt;span&gt;,&lt;/span&gt;&lt;span&gt;&amp;nbsp;dynamic&lt;/span&gt;&lt;span&gt;&amp;nbsp;and&lt;/span&gt;&lt;span&gt;&amp;nbsp;different model&lt;/span&gt;&lt;span&gt;;&lt;/span&gt;&lt;/p&gt;\n&lt;p&gt;&lt;span&gt;ESPCMS also has&lt;/span&gt;&lt;span&gt;&amp;nbsp;the more rich&lt;/span&gt;&lt;span&gt;&amp;nbsp;function&lt;/span&gt;&lt;span&gt;&amp;nbsp;forward to&lt;/span&gt;&lt;span&gt;&amp;nbsp;mining&lt;/span&gt;&lt;span&gt;,&lt;/span&gt;&lt;span&gt;&amp;nbsp;welcome you to&lt;/span&gt;&lt;span&gt;&amp;nbsp;download experience&lt;/span&gt;&lt;span&gt;!&lt;/span&gt;&lt;/p&gt;'),
(39, 43, '&lt;p&gt;Phoca Gallery Plugin is a Joomla! 1.5 plugin to show categories or images of Phoca Gallery in an article content. For easier aadding of images into article you can use Phoca Gallery Button Plugin.&lt;/p&gt;'),
(40, 38, '&lt;p style=&quot;padding: 0px; margin: 5px 0px; color: #626262; font-family: Arial, sans-serif; font-size: 13px; line-height: 26px;&quot;&gt;&lt;span style=&quot;padding: 0px; margin: 0px; font-size: medium;&quot;&gt;&lt;strong style=&quot;padding: 0px; margin: 0px;&quot;&gt;Personal Information&lt;/strong&gt;&lt;/span&gt;&lt;/p&gt;\n&lt;p style=&quot;padding: 0px; margin: 5px 0px; color: #626262; font-family: Arial, sans-serif; font-size: 13px; line-height: 26px;&quot;&gt;&lt;strong style=&quot;padding: 0px; margin: 0px;&quot;&gt;&amp;nbsp;&lt;/strong&gt;We collect your personal information for various purposes, such as processing your order, corresponding with you, providing you with a subscription or in connection with a job application.&lt;/p&gt;\n&lt;p style=&quot;padding: 0px; margin: 5px 0px; color: #626262; font-family: Arial, sans-serif; font-size: 13px; line-height: 26px;&quot;&gt;We may combine the information we collect from you with information obtained from other sources to help us improve its overall accuracy and completeness, and to help us better tailor our interactions with you.&lt;/p&gt;\n&lt;p style=&quot;padding: 0px; margin: 5px 0px; color: #626262; font-family: Arial, sans-serif; font-size: 13px; line-height: 26px;&quot;&gt;In addition, we may also collect information relating to your use of our Web sites through the use of various technologies, including cookies.&lt;/p&gt;\n&lt;p style=&quot;padding: 0px; margin: 5px 0px; color: #626262; font-family: Arial, sans-serif; font-size: 13px; line-height: 26px;&quot;&gt;&amp;nbsp;&lt;/p&gt;\n&lt;p style=&quot;padding: 0px; margin: 5px 0px; color: #626262; font-family: Arial, sans-serif; font-size: 13px; line-height: 26px;&quot;&gt;&lt;span style=&quot;padding: 0px; margin: 0px; font-size: medium;&quot;&gt;&lt;strong style=&quot;padding: 0px; margin: 0px;&quot;&gt;Uses&lt;/strong&gt;&lt;/span&gt;&lt;/p&gt;\n&lt;p style=&quot;padding: 0px; margin: 5px 0px; color: #626262; font-family: Arial, sans-serif; font-size: 13px; line-height: 26px;&quot;&gt;&lt;strong style=&quot;padding: 0px; margin: 0px;&quot;&gt;&amp;nbsp;&lt;/strong&gt;To fulfill your requests by us or by others involved in fulfillment.&lt;/p&gt;\n&lt;p style=&quot;padding: 0px; margin: 5px 0px; color: #626262; font-family: Arial, sans-serif; font-size: 13px; line-height: 26px;&quot;&gt;To contact you for customer satisfaction surveys, market research or in connection with certain transactions.&lt;/p&gt;\n&lt;p style=&quot;padding: 0px; margin: 5px 0px; color: #626262; font-family: Arial, sans-serif; font-size: 13px; line-height: 26px;&quot;&gt;To support products or services you have obtained from us.&lt;/p&gt;\n&lt;p style=&quot;padding: 0px; margin: 5px 0px; color: #626262; font-family: Arial, sans-serif; font-size: 13px; line-height: 26px;&quot;&gt;By IBM and selected organizations for marketing purposes if you have permitted such use.&lt;/p&gt;\n&lt;p style=&quot;padding: 0px; margin: 5px 0px; color: #626262; font-family: Arial, sans-serif; font-size: 13px; line-height: 26px;&quot;&gt;To personalize your experience while you are on our sites, make navigation easier, and for Web site usage statistics.&lt;/p&gt;');
INSERT INTO `esp_document_content` (`dcid`, `did`, `content`) VALUES
(41, 44, '&lt;p&gt;Dear ESPCMS users, ESPCMS easy is the enterprise web site management CMS is a popular, according to let more people learn ESPCMS easy website management system, we have provided free for everyone to know and learn to use.&lt;/p&gt;\n&lt;p&gt;In order to meet the needs of the Webpage designer or enterprises, we also launched several official version of software licenses, and many site of the company, Webpage designers and necessary site enterprises to realize the win-win. But we found a license, part of the enterprise or individual without the company, the company granted permission for software modification again or commercial website, this is a violation of the license agreement, is also our company adhere to the opposition.&lt;/p&gt;\n&lt;p&gt;Any software has its own way of authorization and the rules of use, non commercial license, we early in the software installation had to remind. Unauthorized commercial purpose is not only due to the lack of commercial quality using the ESPCMS software, also in violation of the relevant laws and regulations, we as software supplier reserves the right to make any right conferred by law on the non authorized users.&lt;/p&gt;\n&lt;p&gt;Any software must have their own profit pattern can be a long time development, ESPCMS has many authorized user support, but also because they see the advantages of the ESPCMS, and the convenience brought by ESPCMS. Without the licensing revenue will not have ESPCMS engineers to provide high-quality software products for you to continue, will not have ESPCMS development step by step so far.&lt;/p&gt;\n&lt;p&gt;We advise against the use of the site as soon as the agreement has been authorized to buy, such as our company has violated the agreement to use the user, a future legal letter, have not received the relevant reaction, we will formally to the Honghu City People''s court proceedings, to hold the relevant software tort liability enterprise or individual rights.&lt;/p&gt;\n&lt;p&gt;The relevant national legal provisions: according to the relevant provisions of the criminal law: without permission from the copyright owner, for the purpose of profit, copying and distribution of computer software, the larger the amount of illegal income or other serious circumstances, is less than three years imprisonment or criminal detention or be fined. The amount of illegal gains is huge or other especially serious circumstances, three years less than seven years imprisonment or criminal detention, or be fined.&lt;/p&gt;\n&lt;p&gt;Respect is mutual, when some tort and damage the ESPCMS easy to think the normal development of behavior, we will not be completely indifferent. For those who never, forever only for and enjoyment of the people, we are not welcome.&lt;/p&gt;'),
(42, 45, '&lt;p&gt;Know Chong Yu SCANV and 360 site vulnerability platform website security application provider is well-known, the ESPCMS upgrade many loopholes involved were provided by SCANV and 360 such sites, the holes provided significant protection for the user and the ESPCMS security. ESPCMS all the staff thank you again!&lt;/p&gt;\n&lt;p&gt;ESPCMS has always attached great importance to security and user experience, we hope every application security team to provide more help for us, we will actively respond to your feedback loopholes!&lt;/p&gt;\n&lt;p&gt;This relates to the vulnerability is mainly reflected in the following methods:&lt;/p&gt;\n&lt;p&gt;1, member to modify data causes SQL to inject the dangerous;&lt;/p&gt;\n&lt;p&gt;2, the site will be decompiled COOKIE encryption algorithm;&lt;/p&gt;\n&lt;p&gt;3, part of the file modification will result in the PHP file is modified at the same time;&lt;/p&gt;\n&lt;p&gt;The 4 part, unfiltered dangerous code;&lt;/p&gt;\n&lt;p&gt;These vulnerabilities have been upgraded, please timely login service center to download the latest version!&lt;/p&gt;'),
(43, 46, '&lt;p&gt;A spring tide is coming. With apple, android as the representative of the new generation of mobile terminal was the outbreak situation of growth, the development of mobile Internet in blowout era.&lt;/p&gt;\n&lt;p&gt;The mobile Internet era has arrived&lt;/p&gt;\n&lt;p&gt;The rapid growth of China''s mobile Internet market scale. China Internet Network Information Center (CNNIC) released the latest &quot;thirtieth China Internet development statistics report&quot; shows, the number of mobile phone users in 388000000 more than desktop computer 380000000, became the first big Internet terminals in china. From iResearch consulting statistics, the second quarter of 2012, the overall scale China network economy reached 94340000000 yuan over the same period, the mobile Internet market scale is only 12650000000 yuan.&lt;/p&gt;\n&lt;p&gt;With the mobile phone Internet users for the first time exceeded the traditional Internet, mobile Internet is becoming the most important emerging markets. World Marketing Guru: Krimant Stone thinks, future marketing, do not need too many channels, as long as you make products into the sellers of mobile phone, is the best marketing!&lt;/p&gt;\n&lt;p&gt;According to Ai Rui analysis, in 2012 the mobile Internet market is still maintained a good momentum of development, speed up the popularization of intelligent terminal continuously to promote the rapid development of the mobile Internet industry. People use mobile phone to see news, weather forecast, social networking, search information and look at the map, mobile phone has become the most fast, convenient, multimedia has universality and have certain mandatory media platform. The mobile Internet era, as long as people have intelligent mobile phone, all is the potential business opportunities.&lt;/p&gt;\n&lt;p&gt;From the market trend, mobile Internet continues to maintain high speed growth situation, specific to each fractionize domains, mobile shopping, mobile marketing and mobile search has maintained a high growth rate, although the mobile Internet industry is still in the initial stage of development, but each fractionize domain in the development stage of rapid growth.&lt;/p&gt;\n&lt;p&gt;A new tool to easy ESPCMS--- victory in mobile Internet&lt;/p&gt;\n&lt;p&gt;The mobile Internet era are equal and full of opportunities of the times for each China enterprises, for the strength of large enterprises, to keep up with the new times angle is not difficult, but there are more than about 10000000 small and medium enterprises, how do they keep up with the step of mobile Internet?&lt;/p&gt;\n&lt;p&gt;Has been committed to providing easy ESPCMS network enterprise resource next station integrated services for small and medium-sized enterprises are Chinese, build a bridge leading to the mobile Internet era for small and medium enterprises.&lt;/p&gt;\n&lt;p&gt;The scene in the eleventh session of the international information industry week, reporters on the perception of EARLINK independent research and development, one is regarded as &quot;mobile Internet new weapon&quot; global exclusive mobile station platform - easy charm ESPCMS!&lt;/p&gt;\n&lt;p&gt;In the exhibition scene, EARLINK staff showed a &quot;ESPCMS&quot; mobile station platform to small make up. It is understood, the platform is based on the latest generation of HTML 5 technology, for the professional mobile web companies and individuals have access to customized, efficient, concise, focused, interactive convenient, multi application linkage etc.. Break the inherent mode of traditional website, to create a compelling user experience, for the vast number of small and medium enterprises and individuals to build brand communication, marketing, customer service three-in-one super aggregation platform!&lt;/p&gt;\n&lt;p&gt;Be known whether the mobile internet tool &quot;ESPCMS&quot; to break the former sleepy avoidance, under, in the mobile Internet boom victory landing, get high recognition from customers on the mobile Internet application? The mobile station platform &quot;ESPCMS&quot;, what fusion much innovation?&lt;/p&gt;\n&lt;p&gt;Professional platform easy ESPCMS--- to enhance the brand value&lt;/p&gt;\n&lt;p&gt;EARCLINK Chairman Mr. Huang Huangxiangyun talking about the works and small development background, has repeatedly stressed the &quot;customer needs&quot; a word. He said, the era of mobile Internet is also known as &quot;finger economy era&quot;, people used to use the finger to get different information sources provide information services, and easy ESPCMS in summing up years of customer service, will be the advanced information system and management technology upgrade platform and the power of the brand, the integration of services and resources and can achieve mutual communion, to provide our customers the most comprehensive and innovative mobile application service.&lt;/p&gt;\n&lt;p&gt;It is easy ESPCMS R &amp;amp;amp; D personnel introduces, this &quot;easy ESPCMS&quot; platform will be carrying EARCLINK5 outstanding customer service experience, has the most professional R &amp;amp;amp; D team to create new. For the first time through the trusted authentication, based on the operation data, so as to ensure the customer account security, to research and development of 7*24 fault free cloud security service guarantee is to ensure the stability of the platform of trouble free operation.&lt;/p&gt;\n&lt;p&gt;In the optimization of user access, the platform will be combined with the new HTML 5 and BGP line dedicated network link technology, the user can click directly to the site, more convenient. At the same time, EARCLINK will be the Internet domain name, SEO optimization services together, and each big mainstream sharing platform, users can share a key site of the information service, customized service in mobile web browsing at the same time, &quot;easy ESPCMS&quot; more humane.&lt;/p&gt;\n&lt;p&gt;In order to avoid loss of background operation complexity and data, &quot;easy ESPCMS&quot; set the double background management. PC background, click Modify where where, WYSIWYG, simple, efficient; mobile phone background, one click login, can check and reply to the message, a hand grasp business opportunities!&lt;/p&gt;\n&lt;p&gt;What is worth mentioning is that, the user can not only through the mobile phone, also can access the platform of enterprise mobile site through a tablet computer, PC and other terminal speed, solves the access platform limits dilemma, a full range to optimize the dissemination enterprise brand information, open&lt;/p&gt;'),
(44, 47, '&lt;p&gt;Micro message is the same, in Micro message development like a raging fire back, Micro message third party has already successfully Langyan, Micro message more than 600000000 users create great business atmosphere, Micro message itself will make some big customers, so the rest of the nature is the cooperation of the third party Micro message to. At present, Micro message development techniques and not what the threshold, the user Micro message development needs so many companies see the opportunity, a time swarmed into, Micro message third party development company has developed into a not a small market scale, has become an industry, the third industry Micro message.&lt;/p&gt;\n&lt;p&gt;In the field of Micro message third party, there are many great companies, such as ESPCMS, Micro message source etc, these companies in the Micro message at the beginning of the development of that Micro message service is a huge blue ocean, at a time when most people are not familiar Micro message began to explore the field of micro convincing business, Micro message marketing and Micro message development have done a lot of research, to the businessmen began to have Micro message development needs, they have a small increase, these companies have served many enterprises, and recognition of the businessman, in order to become a leader Micro message third enterprises.&lt;/p&gt;\n&lt;p&gt;With the market demand Micro message marketing, personalized marketing needs of businessmen are more and more, more and more users means Micro message third party after sale service problems need to be solved; in addition to some just pick Micro message system of marketing businesses don''t even know how to operate, cause marketing effect is not ideal, this also makes the Micro message third party enterprises subject to certain restrictions on promotion.&lt;/p&gt;\n&lt;p&gt;And for some small developers, Micro message third party &quot;in this industry to do too hard&quot;, not simply the development of a system and then let the customer access and, more in customer service, good service can bring a better reputation, so in this field service staff even than the developer more important, the human cost will be increased greatly, it also indirectly led to small businesses greater business opportunities in the Micro message third party industry crisis.&lt;/p&gt;\n&lt;p&gt;Beginning in 2014, along with the enterprise to further understand the Micro message, enterprise Micro message public, usher in a growth spurt, Micro message third party has become more and more important, in the face of so many Micro message third party industry was born, is important for enterprises to choose an appropriate third party enterprise development, and for the micro letter third party enterprises, obviously which businesses can provide better service, which enterprises can win, hope that the industry can be acquired through integrating several more have the strength of the bosses, to serve more businesses.&lt;/p&gt;'),
(45, 48, '&lt;p&gt;In order to further enhance the user experience, Micro message public platform has again revised. The new version of the new developer center, and more than 164 details were improved, showing the whole flat fresh visual style, to provide more abundant functions at the same time, simplify, improve efficiency in the use of platform.&lt;/p&gt;\n&lt;p&gt;In addition, in order to facilitate the enterprise or business the cognition and application Micro message payment function, public platform &quot;business function&quot; was renamed &quot;Micro message payment&quot;. It was renamed after the Micro message payment function remained unchanged, is still set to promote sales, payment receipts, business analysis and other functions of the complete set of solutions.&lt;/p&gt;'),
(46, 49, '&lt;p&gt;After the ESPCMS since 20005, EARCLINK developed, has been well received by the industry and favorite pursuit. 9 years of development, it not only won the first authoritative software titles of honor has also received strong support from social media China, help most of the domestic social media platforms -- X communication platform. ESPCMS its rigorous attitude of the enterprise, can do determination and aspire to do social marketing leader dare be the world first courage and responsibility, established its leading position in the industry.&lt;/p&gt;\n&lt;p&gt;According to statistics, the real ESPCMS exceeded 500000 downloads, users throughout the country. This remarkable achievement, is not accidental. ESPCMS general manager Huang Xiangyun told reporters: &quot;there is no ready enterprises will be eliminated by the market!&quot; the resolute and decisive word, derived from Huang Xiangyun on the future development of ESPCMS''s confidence and sustenance of hope for all employees. Reporter in the interview with ESPCMS, deeply feel this is a young, energetic, passionate team, everyone who sends out the dare to do spirit every hour and moment not shaking the author.&lt;/p&gt;\n&lt;p&gt;ESPCMS not only do the first second&lt;/p&gt;\n&lt;p&gt;In this year, ESPCMS has created a miracle. Easy the first brand ESPCMS, the first domestic enterprise website comprehensive application management software; the software to create the industry''s most comprehensive, research and development of enterprise web application software to micro website, intelligent platform, enterprise applications such as representatives, innovation and breakthrough of traditional commercial single mode, the success of China''s first offer solutions from &quot;software + mobile phone + Micro message + promotion&quot; four aspects of website marketing products;&lt;/p&gt;\n&lt;p&gt;&quot;The success of the ESPCMS, there is no secret, only do not meet, a determined to make social marketing leader enterprises only follow the market trends, do find a gap in the market. Be bold but cautious attitude, dare be the world first courage, not the second determination and perseverance, others will respect you, you will succeed. ESPCMS''s future is bright, will stand the test of time, market review! &quot;The end of the interview, Xiang Yunru Huang is said to reporter.&lt;/p&gt;'),
(47, 50, '&lt;p&gt;What is a good URL?&lt;/p&gt;\n&lt;p&gt;Create a good descriptive, normative, simple URL, to help the user more convenient memory and judgment Webpage content, but also conducive to the search engines crawl your site more effective. Website design at the beginning, you should have a reasonable planning url.&lt;/p&gt;\n&lt;p&gt;We suggest:&lt;/p&gt;\n&lt;p&gt;Site in the same Webpage, only corresponding to a url.&lt;/p&gt;\n&lt;p&gt;If multiple URL site can access the same content, will have the following risk:&lt;/p&gt;\n&lt;p&gt;1, the search engine will choose a URL as the standard, may be different and genuine&lt;/p&gt;\n&lt;p&gt;(1) the user may be recommended for different URL in the same Webpage, multiple URL forms spread the weight of the Webpage&lt;/p&gt;\n&lt;p&gt;(2) if multiple URL form already exist on your site, suggestions in the following manner:&lt;/p&gt;\n&lt;p&gt;(3) using only the normal form of URL in the system, do not allow users access to non normal form of URL&lt;/p&gt;\n&lt;p&gt;(4) do not see Session ID, statistical code unnecessary content in URL&lt;/p&gt;\n&lt;p&gt;(5) the different forms of URL, 301 permanent jump to the normal form&lt;/p&gt;\n&lt;p&gt;(6) to prevent the user from the wrong and enable the backup domain, 301 permanent jump to the domain name&lt;/p&gt;\n&lt;p&gt;(7) using the robots.txt banned Baiduspider grab you don''t want to show the user in the form of&lt;/p&gt;\n&lt;p&gt;Note: the construction site at the beginning of URL should be planned, and can''t wait for website construction, to optimize the URL.&lt;/p&gt;'),
(48, 51, '&lt;p class=&quot;p0&quot;&gt;For a long time not to take the bus, today in just on the train, he heard the voice bus advertising. &quot;Five hundred yuan to build a website, * * * company network, telephone... &quot;. I thought this price also dropped so fast, last year was eight hundred, one thousand, this year is five hundred. The Internet is more 1 yuan, 99 yuan to build the site of numerous. Indeed, the Internet is developing too fast, low threshold, a person will do. Looking back 10 years ago, most programmers have a website in 1 months, also with art. The threshold low, vicious competition, price confusion is the current situation of the construction site. In fact, low price and can not win the market, price must be low quality service, this backward model will be eliminated, I believe that in the next few years, by the construction site survival network company must be network marketing services instead of.&lt;/p&gt;\n&lt;p class=&quot;p0&quot;&gt;Behind the cheap cost.&lt;/p&gt;\n&lt;p class=&quot;p0&quot;&gt;As a professional, we all know that to build a business web site cost. We have to analyze 500 yuan to build a what kind of enterprise website.&lt;/p&gt;\n&lt;p class=&quot;p0&quot;&gt;An enterprise website cost probably include: fixed costs (virtual hosting and domain name) and artificial (and Design)&lt;/p&gt;\n&lt;p class=&quot;p0&quot;&gt;The first part: fixed cost, also known as virtual hosting and domain name. Virtual host is like buying a house, the house is big is small, there is lots of good and bad; domain name like a license, a license Niubi, there is no license plate.&lt;/p&gt;\n&lt;p class=&quot;p0&quot;&gt;At present the domestic price confusion, uneven quality, small IDC businesses, the price can be 0.2 yuan /M, and the best host 2-3 yuan /M, the price gap is about 10 times. For enterprises, the best choice of famous service good IDC business, so for the future of the Internet marketing is very helpful. 500 yuan site of course mentioned above will not use this host. The domain name, to the enterprise website, have not changed much, relatively uniform price, generally 50-100 yuan / year&lt;/p&gt;\n&lt;p class=&quot;p0&quot;&gt;The second part: artificial cost&lt;/p&gt;\n&lt;p class=&quot;p0&quot;&gt;Labor cost is divided into 2 parts, the page design and program design, the 2 aspects of flexibility is very large, according to the request for quotation, price uncertainty. If the bus ads on 500 yuan of enterprise website, it is what it looks like, the worst host + name + free template + free program + half artificial =500 yuan website.&lt;/p&gt;\n&lt;p class=&quot;p0&quot;&gt;Behind the cheap price&lt;/p&gt;\n&lt;p class=&quot;p0&quot;&gt;People often only than the price, but do not know the price risk behind much. I''ll give you a list of some of the common risk.&lt;/p&gt;\n&lt;p class=&quot;p0&quot;&gt;1, low price of construction, high renewal&lt;/p&gt;\n&lt;p class=&quot;p0&quot;&gt;The first years of enterprise website is very cheap, but from the second year on year renewals price as the first year of the full costs, not because of general contract with second year maintenance contract, general maintenance contract and signed, and the general network company does not mention to customers after second years of renewal issues, so the second site of the company to enterprises ask for high website renewal, customers either honestly pay money, either on the site closed. So, sign the contract when the after sale service of certain, renewal, maintenance check together, clearly.&lt;/p&gt;\n&lt;p class=&quot;p0&quot;&gt;2, shoddy, false propaganda&lt;/p&gt;\n&lt;p class=&quot;p0&quot;&gt;The website must use low-cost virtual host cheap non guaranteed, due to the general enterprises are unable to distinguish between good and bad, so shoddy, false propaganda is commonplace, the use of such host consequences is not stable, at any time may be a problem, also do not know what time to recover, a great impact on the site.&lt;/p&gt;\n&lt;p class=&quot;p0&quot;&gt;3, increase the content of high fees&lt;/p&gt;\n&lt;p class=&quot;p0&quot;&gt;Many Internet companies in the name of generation management, not to the enterprise website host FTP password management, if want to add or change the content service providers, will be high fees.&lt;/p&gt;\n&lt;p class=&quot;p0&quot;&gt;4, site safety can not be guaranteed&lt;/p&gt;\n&lt;p class=&quot;p0&quot;&gt;Cheap website will use the free or outdated website program, this website program easy to attack, black chain, spam, trojan is easy to put on their websites, in addition to black Internet companies also use enterprise web resources on hand as a SEO tool, do all the chain, black chain, even for money. So you spend website has become others money making tools.&lt;/p&gt;\n&lt;p class=&quot;p0&quot;&gt;5, may pull the copyright lawsuit&lt;/p&gt;\n&lt;p class=&quot;p0&quot;&gt;Free website program, usually without authorization, which belongs to one kind of piracy, not famous small businesses use does not matter, no one come to you, but you use illegal if the program developers, is sure to lose.&lt;/p&gt;\n&lt;p class=&quot;p0&quot;&gt;Enterprise site should not be divorced from the original intention&lt;/p&gt;\n&lt;p class=&quot;p0&quot;&gt;What is the essence of enterprise website? Don''t just want to increase brand awareness through the web site to promote sales or. Is what we often say that the brand marketing and product marketing. If you don''t think it through the website how to achieve this goal, I advise the general business or don''t do, spend the money to pay a year, with no and risk, why? Should consult the relevant internet marketing enterprises, professional guidance, enterprise network station to the real value.&lt;/p&gt;'),
(49, 52, '&lt;p&gt;&lt;span id=&quot;tran_0&quot; class=&quot;copied&quot; style=&quot;margin: 0px; padding: 0px; border: 0px; outline: 0px; color: #666666; font-family: Tahoma, Arial; line-height: 24px; text-align: justify; background-color: rgba(255, 255, 255, 0.8);&quot;&gt;1, prevent web framework&lt;/span&gt;&lt;br style=&quot;color: #434343; font-family: Tahoma, Arial; line-height: 24px; text-align: justify; background-color: rgba(255, 255, 255, 0.8);&quot; /&gt;&lt;span id=&quot;tran_1&quot; class=&quot;copied&quot; style=&quot;margin: 0px; padding: 0px; border: 0px; outline: 0px; color: #666666; font-family: Tahoma, Arial; line-height: 24px; text-align: justify; background-color: rgba(255, 255, 255, 0.8);&quot;&gt;This year, the rogue is nobody''s business, or, with the background of rogue is nobody''s business.&lt;/span&gt;&lt;span id=&quot;tran_2&quot; class=&quot;copied&quot; style=&quot;margin: 0px; padding: 0px; border: 0px; outline: 0px; color: #666666; font-family: Tahoma, Arial; line-height: 24px; text-align: justify; background-color: rgba(255, 255, 255, 0.8);&quot;&gt;So all sorts of all sorts of rogue.&lt;/span&gt;&lt;span id=&quot;tran_3&quot; class=&quot;copied inactive&quot; style=&quot;margin: 0px; padding: 0px; border: 0px; outline: 0px; color: #666666; background-color: #eeeeee; font-family: Tahoma, Arial; line-height: 24px; text-align: justify;&quot;&gt;Borrow the name of key to flow in the name of, so, you are the box box.&lt;/span&gt;&lt;br style=&quot;color: #434343; font-family: Tahoma, Arial; line-height: 24px; text-align: justify; background-color: rgba(255, 255, 255, 0.8);&quot; /&gt;&lt;span id=&quot;tran_4&quot; class=&quot;copied&quot; style=&quot;margin: 0px; padding: 0px; border: 0px; outline: 0px; color: #666666; font-family: Tahoma, Arial; line-height: 24px; text-align: justify; background-color: rgba(255, 255, 255, 0.8);&quot;&gt;The web framework&lt;/span&gt;&lt;br style=&quot;color: #434343; font-family: Tahoma, Arial; line-height: 24px; text-align: justify; background-color: rgba(255, 255, 255, 0.8);&quot; /&gt;&lt;span id=&quot;tran_5&quot; class=&quot;copied&quot; style=&quot;margin: 0px; padding: 0px; border: 0px; outline: 0px; color: #666666; font-family: Tahoma, Arial; line-height: 24px; text-align: justify; background-color: rgba(255, 255, 255, 0.8);&quot;&gt;This year, the law does not protect you, only to protect themselves.&lt;/span&gt;&lt;span id=&quot;tran_6&quot; class=&quot;copied&quot; style=&quot;margin: 0px; padding: 0px; border: 0px; outline: 0px; color: #666666; font-family: Tahoma, Arial; line-height: 24px; text-align: justify; background-color: rgba(255, 255, 255, 0.8);&quot;&gt;Write the following code can prevent is framed in web pages.&lt;/span&gt;&lt;br style=&quot;color: #434343; font-family: Tahoma, Arial; line-height: 24px; text-align: justify; background-color: rgba(255, 255, 255, 0.8);&quot; /&gt;&lt;span id=&quot;tran_7&quot; class=&quot;copied&quot; style=&quot;margin: 0px; padding: 0px; border: 0px; outline: 0px; color: #666666; font-family: Tahoma, Arial; line-height: 24px; text-align: justify; background-color: rgba(255, 255, 255, 0.8);&quot;&gt;&amp;lt; script type = &quot;text/javascript&quot; &amp;gt; if (top location! = = self. The location) &amp;lt; / script &amp;gt;&lt;/span&gt;&lt;br style=&quot;color: #434343; font-family: Tahoma, Arial; line-height: 24px; text-align: justify; background-color: rgba(255, 255, 255, 0.8);&quot; /&gt;&lt;br style=&quot;color: #434343; font-family: Tahoma, Arial; line-height: 24px; text-align: justify; background-color: rgba(255, 255, 255, 0.8);&quot; /&gt;&lt;br style=&quot;color: #434343; font-family: Tahoma, Arial; line-height: 24px; text-align: justify; background-color: rgba(255, 255, 255, 0.8);&quot; /&gt;&lt;span id=&quot;tran_8&quot; class=&quot;copied&quot; style=&quot;margin: 0px; padding: 0px; border: 0px; outline: 0px; color: #666666; font-family: Tahoma, Arial; line-height: 24px; text-align: justify; background-color: rgba(255, 255, 255, 0.8);&quot;&gt;2, the domain name&lt;/span&gt;&lt;br style=&quot;color: #434343; font-family: Tahoma, Arial; line-height: 24px; text-align: justify; background-color: rgba(255, 255, 255, 0.8);&quot; /&gt;&lt;span id=&quot;tran_9&quot; class=&quot;copied&quot; style=&quot;margin: 0px; padding: 0px; border: 0px; outline: 0px; color: #666666; font-family: Tahoma, Arial; line-height: 24px; text-align: justify; background-color: rgba(255, 255, 255, 0.8);&quot;&gt;People''s eyes. Com is a real domain name, so in most cases is the same domain name. Com is registered, and. Net. Org domain names such as safe.&lt;/span&gt;&lt;span id=&quot;tran_10&quot; class=&quot;copied&quot; style=&quot;margin: 0px; padding: 0px; border: 0px; outline: 0px; color: #666666; font-family: Tahoma, Arial; line-height: 24px; text-align: justify; background-color: rgba(255, 255, 255, 0.8);&quot;&gt;Don''t think you got a bargain.&lt;/span&gt;&lt;span id=&quot;tran_11&quot; class=&quot;copied&quot; style=&quot;margin: 0px; padding: 0px; border: 0px; outline: 0px; color: #666666; font-family: Tahoma, Arial; line-height: 24px; text-align: justify; background-color: rgba(255, 255, 255, 0.8);&quot;&gt;When you use xxx.net prosperous development, someone else will use xxx.com parsed to your website, if you turn a blind eye to complacent, even that is waiting to pay tuition fees, such as people are familiar with xxx.com, they will sell the domain to you, don''t buy, such as the flow is hijacked.&lt;/span&gt;&lt;br style=&quot;color: #434343; font-family: Tahoma, Arial; line-height: 24px; text-align: justify; background-color: rgba(255, 255, 255, 0.8);&quot; /&gt;&lt;span id=&quot;tran_12&quot; class=&quot;copied&quot; style=&quot;margin: 0px; padding: 0px; border: 0px; outline: 0px; color: #666666; font-family: Tahoma, Arial; line-height: 24px; text-align: justify; background-color: rgba(255, 255, 255, 0.8);&quot;&gt;The domain name binding countermeasures&lt;/span&gt;&lt;br style=&quot;color: #434343; font-family: Tahoma, Arial; line-height: 24px; text-align: justify; background-color: rgba(255, 255, 255, 0.8);&quot; /&gt;&lt;span id=&quot;tran_13&quot; class=&quot;copied&quot; style=&quot;margin: 0px; padding: 0px; border: 0px; outline: 0px; color: #666666; font-family: Tahoma, Arial; line-height: 24px; text-align: justify; background-color: rgba(255, 255, 255, 0.8);&quot;&gt;Web pages can determine SERVER_NAME server variables, if does not contain your domain name to jump.&lt;/span&gt;&lt;span id=&quot;tran_14&quot; class=&quot;copied&quot; style=&quot;margin: 0px; padding: 0px; border: 0px; outline: 0px; color: #666666; font-family: Tahoma, Arial; line-height: 24px; text-align: justify; background-color: rgba(255, 255, 255, 0.8);&quot;&gt;The ASP code on the server to replace www.XXXXcom with your own website.&lt;/span&gt;&lt;br style=&quot;color: #434343; font-family: Tahoma, Arial; line-height: 24px; text-align: justify; background-color: rgba(255, 255, 255, 0.8);&quot; /&gt;&lt;span id=&quot;tran_15&quot; class=&quot;copied&quot; style=&quot;margin: 0px; padding: 0px; border: 0px; outline: 0px; color: #666666; font-family: Tahoma, Arial; line-height: 24px; text-align: justify; background-color: rgba(255, 255, 255, 0.8);&quot;&gt;Dim strServer_Name strServer_Name = LCase (Trim (Request. ServerVariables (&quot; SERVER_NAME &quot;))) If strServer_Name &amp;lt; &amp;gt; www.target.com, Then the Response. The Redirect &quot;http://www.target.com&quot; End of the If&lt;/span&gt;&lt;br style=&quot;color: #434343; font-family: Tahoma, Arial; line-height: 24px; text-align: justify; background-color: rgba(255, 255, 255, 0.8);&quot; /&gt;&lt;span id=&quot;tran_16&quot; class=&quot;copied&quot; style=&quot;margin: 0px; padding: 0px; border: 0px; outline: 0px; color: #666666; font-family: Tahoma, Arial; line-height: 24px; text-align: justify; background-color: rgba(255, 255, 255, 0.8);&quot;&gt;Web client to replace www.XXXX.com with your own website.&lt;/span&gt;&lt;br style=&quot;color: #434343; font-family: Tahoma, Arial; line-height: 24px; text-align: justify; background-color: rgba(255, 255, 255, 0.8);&quot; /&gt;&lt;span id=&quot;tran_17&quot; class=&quot;copied&quot; style=&quot;margin: 0px; padding: 0px; border: 0px; outline: 0px; color: #666666; font-family: Tahoma, Arial; line-height: 24px; text-align: justify; background-color: rgba(255, 255, 255, 0.8);&quot;&gt;&amp;lt; script type = &quot;text/javascript&quot; &amp;gt; var my_domain = &quot;http://www.XXXX.com&quot;;&lt;/span&gt;&lt;span id=&quot;tran_18&quot; class=&quot;copied&quot; style=&quot;margin: 0px; padding: 0px; border: 0px; outline: 0px; color: #666666; font-family: Tahoma, Arial; line-height: 24px; text-align: justify; background-color: rgba(255, 255, 255, 0.8);&quot;&gt;Var page_url = window. The loc...&lt;/span&gt;&lt;span id=&quot;tran_19&quot; class=&quot;copied&quot; style=&quot;margin: 0px; padding: 0px; border: 0px; outline: 0px; color: #666666; font-family: Tahoma, Arial; line-height: 24px; text-align: justify; background-color: rgba(255, 255, 255, 0.8);&quot;&gt;P;&lt;/span&gt;&lt;span id=&quot;tran_20&quot; class=&quot;copied&quot; style=&quot;margin: 0px; padding: 0px; border: 0px; outline: 0px; color: #666666; font-family: Tahoma, Arial; line-height: 24px; text-align: justify; background-color: rgba(255, 255, 255, 0.8);&quot;&gt;Page_url. IndexOf (my_domain! = 1) {top. The location = my_domain;&lt;/span&gt;&lt;span id=&quot;tran_21&quot; class=&quot;copied&quot; style=&quot;margin: 0px; padding: 0px; border: 0px; outline: 0px; color: #666666; font-family: Tahoma, Arial; line-height: 24px; text-align: justify; background-color: rgba(255, 255, 255, 0.8);&quot;&gt;} &amp;lt; / script &amp;gt;&lt;/span&gt;&lt;br style=&quot;color: #434343; font-family: Tahoma, Arial; line-height: 24px; text-align: justify; background-color: rgba(255, 255, 255, 0.8);&quot; /&gt;&lt;br style=&quot;color: #434343; font-family: Tahoma, Arial; line-height: 24px; text-align: justify; background-color: rgba(255, 255, 255, 0.8);&quot; /&gt;&lt;br style=&quot;color: #434343; font-family: Tahoma, Arial; line-height: 24px; text-align: justify; background-color: rgba(255, 255, 255, 0.8);&quot; /&gt;&lt;span id=&quot;tran_22&quot; class=&quot;copied&quot; style=&quot;margin: 0px; padding: 0px; border: 0px; outline: 0px; color: #666666; font-family: Tahoma, Arial; line-height: 24px; text-align: justify; background-color: rgba(255, 255, 255, 0.8);&quot;&gt;3, the domain name hijacking&lt;/span&gt;&lt;br style=&quot;color: #434343; font-family: Tahoma, Arial; line-height: 24px; text-align: justify; background-color: rgba(255, 255, 255, 0.8);&quot; /&gt;&lt;span id=&quot;tran_23&quot; class=&quot;copied&quot; style=&quot;margin: 0px; padding: 0px; border: 0px; outline: 0px; color: #666666; font-family: Tahoma, Arial; line-height: 24px; text-align: justify; background-color: rgba(255, 255, 255, 0.8);&quot;&gt;Domain name hijacking is divided into two kinds of circumstances, it is the gateway to send fake DNS information, works on both domestic and international domain names, generally can''t solve, can let visitors remember their standby server IP or prepare a few more domain name, it affects only a part of the user.&lt;/span&gt;&lt;br style=&quot;color: #434343; font-family: Tahoma, Arial; line-height: 24px; text-align: justify; background-color: rgba(255, 255, 255, 0.8);&quot; /&gt;&lt;span id=&quot;tran_24&quot; class=&quot;copied&quot; style=&quot;margin: 0px; padding: 0px; border: 0px; outline: 0px; color: #666666; font-family: Tahoma, Arial; line-height: 24px; text-align: justify; background-color: rgba(255, 255, 255, 0.8);&quot;&gt;The second is the modify DNS information directly, if long time can affect the global users.&lt;/span&gt;&lt;span id=&quot;tran_25&quot; class=&quot;copied&quot; style=&quot;margin: 0px; padding: 0px; border: 0px; outline: 0px; color: #666666; font-family: Tahoma, Arial; line-height: 24px; text-align: justify; background-color: rgba(255, 255, 255, 0.8);&quot;&gt;Cn domain names at present. The more likely to be modified, such as Google and MSN. A few days ago the cn domain name is hijacked.&lt;/span&gt;&lt;span id=&quot;tran_26&quot; class=&quot;copied&quot; style=&quot;margin: 0px; padding: 0px; border: 0px; outline: 0px; color: #666666; font-family: Tahoma, Arial; line-height: 24px; text-align: justify; background-color: rgba(255, 255, 255, 0.8);&quot;&gt;And a few years ago, tencent illegal plunder QQ.com.cn domain name.&lt;/span&gt;&lt;br style=&quot;color: #434343; font-family: Tahoma, Arial; line-height: 24px; text-align: justify; background-color: rgba(255, 255, 255, 0.8);&quot; /&gt;&lt;span id=&quot;tran_27&quot; class=&quot;copied&quot; style=&quot;margin: 0px; padding: 0px; border: 0px; outline: 0px; color: #666666; font-family: Tahoma, Arial; line-height: 24px; text-align: justify; background-color: rgba(255, 255, 255, 0.8);&quot;&gt;Domain name hijacking prevention countermeasures&lt;/span&gt;&lt;br style=&quot;color: #434343; font-family: Tahoma, Arial; line-height: 24px; text-align: justify; background-color: rgba(255, 255, 255, 0.8);&quot; /&gt;&lt;span id=&quot;tran_28&quot; class=&quot;copied&quot; style=&quot;margin: 0px; padding: 0px; border: 0px; outline: 0px; color: #666666; font-family: Tahoma, Arial; line-height: 24px; text-align: justify; background-color: rgba(255, 255, 255, 0.8);&quot;&gt;Try to register. Com. International domain names, such as.net say. Cn domain name is not open to the individual (that is to say, personal registration no legal protection.&lt;/span&gt;&lt;br style=&quot;color: #434343; font-family: Tahoma, Arial; line-height: 24px; text-align: justify; background-color: rgba(255, 255, 255, 0.8);&quot; /&gt;&lt;br style=&quot;color: #434343; font-family: Tahoma, Arial; line-height: 24px; text-align: justify; background-color: rgba(255, 255, 255, 0.8);&quot; /&gt;&lt;br style=&quot;color: #434343; font-family: Tahoma, Arial; line-height: 24px; text-align: justify; background-color: rgba(255, 255, 255, 0.8);&quot; /&gt;&lt;span id=&quot;tran_29&quot; class=&quot;copied&quot; style=&quot;margin: 0px; padding: 0px; border: 0px; outline: 0px; color: #666666; font-family: Tahoma, Arial; line-height: 24px; text-align: justify; background-color: rgba(255, 255, 255, 0.8);&quot;&gt;4, prevent pirated&lt;/span&gt;&lt;br style=&quot;color: #434343; font-family: Tahoma, Arial; line-height: 24px; text-align: justify; background-color: rgba(255, 255, 255, 0.8);&quot; /&gt;&lt;span id=&quot;tran_30&quot; class=&quot;copied&quot; style=&quot;margin: 0px; padding: 0px; border: 0px; outline: 0px; color: #666666; font-family: Tahoma, Arial; line-height: 24px; text-align: justify; background-color: rgba(255, 255, 255, 0.8);&quot;&gt;Bootlegging is actually a big problem, it''s a pity that in the domestic big is not a problem.&lt;/span&gt;&lt;span id=&quot;tran_31&quot; class=&quot;copied&quot; style=&quot;margin: 0px; padding: 0px; border: 0px; outline: 0px; color: #666666; font-family: Tahoma, Arial; line-height: 24px; text-align: justify; background-color: rgba(255, 255, 255, 0.8);&quot;&gt;Results basically light image hotlinking affect server, or, do you still want to become bigger and stronger?&lt;/span&gt;&lt;br style=&quot;color: #434343; font-family: Tahoma, Arial; line-height: 24px; text-align: justify; background-color: rgba(255, 255, 255, 0.8);&quot; /&gt;&lt;span id=&quot;tran_32&quot; class=&quot;copied&quot; style=&quot;margin: 0px; padding: 0px; border: 0px; outline: 0px; color: #666666; font-family: Tahoma, Arial; line-height: 24px; text-align: justify; background-color: rgba(255, 255, 255, 0.8);&quot;&gt;Don''t know to the infringer pay send counterfeit they done, I think the difference is not big.&lt;/span&gt;&lt;br style=&quot;color: #434343; font-family: Tahoma, Arial; line-height: 24px; text-align: justify; background-color: rgba(255, 255, 255, 0.8);&quot; /&gt;&lt;span id=&quot;tran_33&quot; class=&quot;copied&quot; style=&quot;margin: 0px; padding: 0px; border: 0px; outline: 0px; color: #666666; font-family: Tahoma, Arial; line-height: 24px; text-align: justify; background-color: rgba(255, 255, 255, 0.8);&quot;&gt;Infringement of anti-piracy measures&lt;/span&gt;&lt;br style=&quot;color: #434343; font-family: Tahoma, Arial; line-height: 24px; text-align: justify; background-color: rgba(255, 255, 255, 0.8);&quot; /&gt;&lt;span id=&quot;tran_34&quot; class=&quot;copied&quot; style=&quot;margin: 0px; padding: 0px; border: 0px; outline: 0px; color: #666666; font-family: Tahoma, Arial; line-height: 24px; text-align: justify; background-color: rgba(255, 255, 255, 0.8);&quot;&gt;The following is just a simple protection method, to be fundamentally solved the problem, have to wait for decent copyright laws.&lt;/span&gt;&lt;span id=&quot;tran_35&quot; class=&quot;copied&quot; style=&quot;margin: 0px; padding: 0px; border: 0px; outline: 0px; color: #666666; font-family: Tahoma, Arial; line-height: 24px; text-align: justify; background-color: rgba(255, 255, 255, 0.8);&quot;&gt;The same determination and countries like block certain websites.&lt;/span&gt;&lt;br style=&quot;color: #434343; font-family: Tahoma, Arial; line-height: 24px; text-align: justify; background-color: rgba(255, 255, 255, 0.8);&quot; /&gt;&lt;span id=&quot;tran_36&quot; class=&quot;copied&quot; style=&quot;margin: 0px; padding: 0px; border: 0px; outline: 0px; color: #666666; font-family: Tahoma, Arial; line-height: 24px; text-align: justify; background-color: rgba(255, 255, 255, 0.8);&quot;&gt;Article use more pictures, pictures and logo and domain watermark on their site.&lt;/span&gt;&lt;br style=&quot;color: #434343; font-family: Tahoma, Arial; line-height: 24px; text-align: justify; background-color: rgba(255, 255, 255, 0.8);&quot; /&gt;&lt;span id=&quot;tran_37&quot; class=&quot;copied&quot; style=&quot;margin: 0px; padding: 0px; border: 0px; outline: 0px; color: #666666; font-family: Tahoma, Arial; line-height: 24px; text-align: justify; background-color: rgba(255, 255, 255, 0.8);&quot;&gt;Article contains more complex HTML tags and various links, reduce the simple copy of readability.&lt;/span&gt;&lt;br style=&quot;color: #434343; font-family: Tahoma, Arial; line-height: 24px; text-align: justify; background-color: rgba(255, 255, 255, 0.8);&quot; /&gt;&lt;span id=&quot;tran_38&quot; class=&quot;copied&quot; style=&quot;margin: 0px; padding: 0px; border: 0px; outline: 0px; color: #666666; font-family: Tahoma, Arial; line-height: 24px; text-align: justify; background-color: rgba(255, 255, 255, 0.8);&quot;&gt;Use your own web site, for example in the article.&lt;/span&gt;&lt;br style=&quot;color: #434343; font-family: Tahoma, Arial; line-height: 24px; text-align: justify; background-color: rgba(255, 255, 255, 0.8);&quot; /&gt;&lt;br style=&quot;color: #434343; font-family: Tahoma, Arial; line-height: 24px; text-align: justify; background-color: rgba(255, 255, 255, 0.8);&quot; /&gt;&lt;br style=&quot;color: #434343; font-family: Tahoma, Arial; line-height: 24px; text-align: justify; background-color: rgba(255, 255, 255, 0.8);&quot; /&gt;&lt;span id=&quot;tran_39&quot; class=&quot;copied&quot; style=&quot;margin: 0px; padding: 0px; border: 0px; outline: 0px; color: #666666; font-family: Tahoma, Arial; line-height: 24px; text-align: justify; background-color: rgba(255, 255, 255, 0.8);&quot;&gt;5, site copy prevention and gathering&lt;/span&gt;&lt;br style=&quot;color: #434343; font-family: Tahoma, Arial; line-height: 24px; text-align: justify; background-color: rgba(255, 255, 255, 0.8);&quot; /&gt;&lt;span id=&quot;tran_40&quot; class=&quot;copied&quot; style=&quot;margin: 0px; padding: 0px; border: 0px; outline: 0px; color: #666666; font-family: Tahoma, Arial; line-height: 24px; text-align: justify; background-color: rgba(255, 255, 255, 0.8);&quot;&gt;Various network advertising platform for a more, many people take the simplest way to establish a website to all copied to other sites.&lt;/span&gt;&lt;br style=&quot;color: #434343; font-family: Tahoma, Arial; line-height: 24px; text-align: justify; background-color: rgba(255, 255, 255, 0.8);&quot; /&gt;&lt;span id=&quot;tran_41&quot; class=&quot;copied&quot; style=&quot;margin: 0px; padding: 0px; border: 0px; outline: 0px; color: #666666; font-family: Tahoma, Arial; line-height: 24px; text-align: justify; background-color: rgba(255, 255, 255, 0.8);&quot;&gt;The website copy, steal website information acquisition strategy general server IP is fixed, know its IP, free play, such as in the light of the IP access to every page to it contains a N signs in the image.&lt;/span&gt;&lt;span id=&quot;tran_42&quot; class=&quot;copied&quot; style=&quot;margin: 0px; padding: 0px; border: 0px; outline: 0px; color: #666666; font-family: Tahoma, Arial; line-height: 24px; text-align: justify; background-color: rgba(255, 255, 255, 0.8);&quot;&gt;Or just seal off its IP.&lt;/span&gt;&lt;/p&gt;'),
(50, 53, '&lt;p class=&quot;p0&quot;&gt;The development of simple corporate website background management system for the technical personnel is not easy, and many construction companies and individuals are system using their development to build enterprise website, but the choice of station system mature enterprise website is the inevitable trend of development of construction industry, not because of technical difficulty, but because industry accumulation and the future site maintenance and upgrade. We will from the following several aspects to elaborate why choose ESPCMS site:&lt;/p&gt;\n&lt;p class=&quot;p0&quot;&gt;1, the future maintenance needs: self-developed system because of experience and the user developer temporary requirements and other limitations, let the site will need to add or change in operation after a period of time, because of the background system adopted by each site is different, so developers want to unify the update operation is not realistic according to the requirements of users, so the only or the problem has been the emergence of a web site to repair and add functionality, such operations are time-consuming and not easy to manage, while ESPCMS has a clear advantage in the future maintenance and upgrades, because each website backstage, upgrade and repair of BUG is very convenient.&lt;/p&gt;\n&lt;p class=&quot;p0&quot;&gt;2, website functional requirement: mature ESPCMS already may use the function of enterprise website and circumstances are taken into account, especially after the station system several times after the upgrade, the system alone development will inevitably result in the thinking of the developer and user experience limits the number and the function is not perfect or severe BUG.&lt;/p&gt;\n&lt;p class=&quot;p0&quot;&gt;3, SEO optimization needs: mature ESPCMS, but on SEO, are injected into the SEO optimization knowledge overall development staff, and has been through numerous examples to prove, using the built-in SEO optimization mechanism of CMS website, can make your site optimization promotion.&lt;/p&gt;\n&lt;p class=&quot;p0&quot;&gt;4, industry experience: ESPCMS enterprise website management system over time, user, function and other aspects of the accumulation and create, a software only experienced in the use of many users to mature, but the system has accumulated industry advantage is a developing technology of individual and team There is nothing comparable to this, this accumulation into the above products is the website function, security, stability and good maneuverability.&lt;/p&gt;\n&lt;p class=&quot;p0&quot;&gt;5, development and maintenance costs: ESPCMS enterprise website management system authorization are cheap, and are free to upgrade, which for the development of a web site may not be a cost advantage, but when your users more, need time to upgrade and two developed or revised, this cost can be very obvious reflected. Also can be reflected in the multi function and multi language, the use of ESPCMS enterprise website management system is very convenient, because it only needs to develop a website style can add many kinds of web language.&lt;/p&gt;');
INSERT INTO `esp_document_content` (`dcid`, `did`, `content`) VALUES
(51, 54, '&lt;p class=&quot;p0&quot;&gt;Most web project requirements, design all have one thing in common: the design requirements must &quot;atmosphere&quot;.&lt;/p&gt;\n&lt;p class=&quot;p0&quot;&gt;&quot;Atmospheric&quot; this was strange vocabulary gradually occupied my design ideas, a kind of blindly feeling of being raped. In fact, to tell the truth, if you let the small enterprises to design for you to do some requirements, from a professional point of view, they may even have a minimum requirements are not out of. I have tentatively asked some customers the most basic design demand. Such as the website such as basic tone, often get the answer is: you do it at, what color with good what color. This is not responsible for their own answer, will inevitably affect the design direction for designers in a certain extent.&lt;/p&gt;\n&lt;p class=&quot;p0&quot;&gt;Back to the title of the article referred to the &quot;atmosphere&quot;. The meaning of this word in the dictionary. I don''t know, but the majority of customers are forthright to put it down in black and white wrote in the requirements specification. This is probably in the design of their effect on you no constructive requirements, then abruptly imposed on the unreasonable design personnel requirements do not consider the brain. But, how to do the atmosphere, they also have no attention, some customers may just to cover up their frivolous, but added a very style to have to make.&lt;/p&gt;\n&lt;p class=&quot;p0&quot;&gt;For designers, &quot;the atmosphere&quot; is really very headache. Because the &quot;atmospheric&quot; this thing is not to say that do come out, this is not a real object, love can only be sensed. Floating cloud, put the aircraft and so on can only show their vulgar, what is more, all the emphasis must be on the front page and enterprises Mister photos, music player and so on, this is their &quot;atmosphere&quot;. However, these so-called &quot;atmosphere&quot; and can not increase the advantage of the website, but, more highlights the enterprise inaction. What we have to do now is to educate, to persuade them not to own enterprise stand to make an entertainment, recreation, the portal is enough, what they have, you can have. But often these suggestions are they behind, &quot;I let you do you how to do, and not a little you!&quot; Whenever hear such words, this enterprise is definitely not what strength. Make a plane placed textile that his height; do the logistics put a singing symphony music player to show his depth... So the atmosphere?&lt;/p&gt;\n&lt;p class=&quot;p0&quot;&gt;Find a way to commercial site definition on the Internet, feel general comprehensive: &quot;atmosphere&quot; is meant to highlight to the theme of the performance, and appropriate exaggeration, weaken the auxiliary graphics, reduce interference elements. At the same time, through the combination of colors, elements and the proportion of the use of sophisticated, form the visual center, the &quot;gas&quot; keep, so that the screen has a good sense of rhythm. This is a relatively high level, designers need to constantly improve their own cultivation and aesthetic consciousness.&lt;/p&gt;\n&lt;p class=&quot;p0&quot;&gt;In an atmosphere of business website, first of all, page layout design is a very learned scrutiny problems. The layout is reasonable and orderly, focused, concise but not simple; single but not monotonous; structured; coordinated design elements; to better meet the needs of users, to guide the user to conveniently realize the function, the first time to find myself to do, where to go next, currently in the position to give users a and so on; SMOOTH OPERATOR dripping fun feeling, although is the first visit, but is deja vu have one''s words at hand. Such atmosphere to more practical and. Because, the aircraft will not let users think of your textiles have a very delicate, Symphony cannot allow users to see how good your logistics service.&lt;/p&gt;\n&lt;p class=&quot;p0&quot;&gt;A website is like a person, reasonable information structure is the skeleton, and enrich the content of vivid is flesh and blood, but the interface is the skin, through the story and usability of user experience is the inner cultivation temperament. All of this supplement is indispensable. So a charming person its charm lies not just because a bright brilliant face, but is the behavior between inadvertently reveal inner temperament. The website also is such, if not a good frame, not flesh and blood, and have a good appearance, will eventually make people abandon if my shoe, so what about &quot;atmosphere&quot;?&lt;/p&gt;\n&lt;p class=&quot;p0&quot;&gt;The enterprise website should not just be a flashy and indulge in self-admiration window advertising, occasionally attracted people stop and pull away, let a person close not. Enterprise web site should be more like that of a user centric kind of convenience window (like areas in the canteen, it stores more than downtown supermarket can meet around the needs of tenants, and more quickly), can help people understand enterprise value proposition, find the products or services, the establishment of friendly trust, as a basis for their own profit target. Availability and profitability are combined, and taking into account the beautiful interface, the enterprise website construction only do this, can be called &quot;the atmosphere&quot;.&lt;/p&gt;\n&lt;p class=&quot;p0&quot;&gt;Most web project design has a point: the design requirements must &quot;atmosphere&quot;.&lt;/p&gt;\n&lt;p class=&quot;p0&quot;&gt;&quot;Atmospheric&quot; this was strange vocabulary gradually occupied my design ideas, a kind of blindly feeling of being raped. In fact, to tell the truth, if you let the small enterprises to design for you to do some requirements, from a professional point of view, they may even have a minimum requirements are not out of. I have a tentative&lt;/p&gt;'),
(52, 55, '&lt;p&gt;&lt;span id=&quot;tran_0&quot; class=&quot;copied&quot; style=&quot;margin: 0px; padding: 0px; border: 0px; outline: 0px; color: #666666; font-family: Tahoma, Arial; line-height: 24px; text-align: justify; background-color: rgba(255, 255, 255, 0.8);&quot;&gt;With the development of science and technology information, the individual becomes more and more popular smartphone, has become one of indispensable items in people''s life, mobile throughout all levels and all ages, even every corner of the world.&lt;/span&gt;&lt;span id=&quot;tran_1&quot; class=&quot;copied&quot; style=&quot;margin: 0px; padding: 0px; border: 0px; outline: 0px; color: #666666; font-family: Tahoma, Arial; line-height: 24px; text-align: justify; background-color: rgba(255, 255, 255, 0.8);&quot;&gt;Traditional web site cannot be accessed through the phone, or visit the effect of experience, will lose potential customers and reduce the company''s image, and now the mobile Internet is a kind of fashion trend, popular now via mobile phones and computers can access website, at any time, anywhere, with access, make your customers work anywhere at any time to find you.&lt;/span&gt;&lt;span id=&quot;tran_2&quot; class=&quot;copied inactive&quot; style=&quot;margin: 0px; padding: 0px; border: 0px; outline: 0px; color: #666666; background-color: #eeeeee; font-family: Tahoma, Arial; line-height: 24px; text-align: justify;&quot;&gt;Second chance mobile web site known as the Internet, mobile web site is known as the second life of the enterprise, so the fingers website construction is an indispensable part of enterprise development.&lt;/span&gt;&lt;br style=&quot;color: #434343; font-family: Tahoma, Arial; line-height: 24px; text-align: justify; background-color: rgba(255, 255, 255, 0.8);&quot; /&gt;&lt;span id=&quot;tran_3&quot; class=&quot;copied&quot; style=&quot;margin: 0px; padding: 0px; border: 0px; outline: 0px; color: #666666; font-family: Tahoma, Arial; line-height: 24px; text-align: justify; background-color: rgba(255, 255, 255, 0.8);&quot;&gt;Enterprises to build their own mobile phones mobile web site, can reveal elegant demeanour, dissemination enterprise culture through various channels, set up the enterprise image, improve enterprise well-knownness.&lt;/span&gt;&lt;span id=&quot;tran_4&quot; class=&quot;copied&quot; style=&quot;margin: 0px; padding: 0px; border: 0px; outline: 0px; color: #666666; font-family: Tahoma, Arial; line-height: 24px; text-align: justify; background-color: rgba(255, 255, 255, 0.8);&quot;&gt;Enterprise through mobile website to introduce the basic situation of the enterprise, make the dealers and users more know you exist;&lt;/span&gt;&lt;span id=&quot;tran_5&quot; class=&quot;copied&quot; style=&quot;margin: 0px; padding: 0px; border: 0px; outline: 0px; color: #666666; font-family: Tahoma, Arial; line-height: 24px; text-align: justify; background-color: rgba(255, 255, 255, 0.8);&quot;&gt;The advantage of can promote your products and services, let dealers and users in comparison to know, near you, until you choose you;&lt;/span&gt;&lt;span id=&quot;tran_6&quot; class=&quot;copied&quot; style=&quot;margin: 0px; padding: 0px; border: 0px; outline: 0px; color: #666666; font-family: Tahoma, Arial; line-height: 24px; text-align: justify; background-color: rgba(255, 255, 255, 0.8);&quot;&gt;Employees can use mobile phone quick understanding of the company''s dynamic, convenient and outside all sorts of information communication, increasing seeking joint venture and cooperation.&lt;/span&gt;&lt;br style=&quot;color: #434343; font-family: Tahoma, Arial; line-height: 24px; text-align: justify; background-color: rgba(255, 255, 255, 0.8);&quot; /&gt;&lt;span id=&quot;tran_7&quot; class=&quot;copied&quot; style=&quot;margin: 0px; padding: 0px; border: 0px; outline: 0px; color: #666666; font-family: Tahoma, Arial; line-height: 24px; text-align: justify; background-color: rgba(255, 255, 255, 0.8);&quot;&gt;ESPCMS easy think enterprise website management system is a professional enterprise website CMS platform, not only meet the needs of the traditional enterprise website, and can increase mobile phone platform for enterprises to build rich platform for the mobile web site, you are welcome to inquire!&lt;/span&gt;&lt;/p&gt;'),
(53, 56, '&lt;p class=&quot;p0&quot;&gt;&lt;span id=&quot;tran_0&quot; class=&quot;copied&quot; style=&quot;margin: 0px; padding: 0px; border: 0px; outline: 0px; color: #666666; font-family: Tahoma, Arial; line-height: 24px; text-align: justify; background-color: rgba(255, 255, 255, 0.8);&quot;&gt;How to better promote the current enterprise information construction, the first thing is to find out, what is the scope of the enterprise to get information.&lt;/span&gt;&lt;span id=&quot;tran_1&quot; class=&quot;copied&quot; style=&quot;margin: 0px; padding: 0px; border: 0px; outline: 0px; color: #666666; font-family: Tahoma, Arial; line-height: 24px; text-align: justify; background-color: rgba(255, 255, 255, 0.8);&quot;&gt;Enterprise informatization is a very broad concept, on the whole is the extensive use of information technology, make the enterprise informatization in production, management, etc.&lt;/span&gt;&lt;span id=&quot;tran_2&quot; class=&quot;copied&quot; style=&quot;margin: 0px; padding: 0px; border: 0px; outline: 0px; color: #666666; font-family: Tahoma, Arial; line-height: 24px; text-align: justify; background-color: rgba(255, 255, 255, 0.8);&quot;&gt;The concrete can be divided into three levels.&lt;/span&gt;&lt;br style=&quot;color: #434343; font-family: Tahoma, Arial; line-height: 24px; text-align: justify; background-color: rgba(255, 255, 255, 0.8);&quot; /&gt;&lt;span id=&quot;tran_3&quot; class=&quot;copied&quot; style=&quot;margin: 0px; padding: 0px; border: 0px; outline: 0px; color: #666666; font-family: Tahoma, Arial; line-height: 24px; text-align: justify; background-color: rgba(255, 255, 255, 0.8);&quot;&gt;1. The enterprise has been used widely in the production of electronic information technology, to realize the automatic production.&lt;/span&gt;&lt;span id=&quot;tran_4&quot; class=&quot;copied&quot; style=&quot;margin: 0px; padding: 0px; border: 0px; outline: 0px; color: #666666; font-family: Tahoma, Arial; line-height: 24px; text-align: justify; background-color: rgba(255, 255, 255, 0.8);&quot;&gt;Such as production design (CAD) automation, automation control, intelligent instruments, the use of the single machine and so on, all use of electronic information technology is a part of enterprise informatization.&lt;/span&gt;&lt;br style=&quot;color: #434343; font-family: Tahoma, Arial; line-height: 24px; text-align: justify; background-color: rgba(255, 255, 255, 0.8);&quot; /&gt;&lt;span id=&quot;tran_5&quot; class=&quot;copied&quot; style=&quot;margin: 0px; padding: 0px; border: 0px; outline: 0px; color: #666666; font-family: Tahoma, Arial; line-height: 24px; text-align: justify; background-color: rgba(255, 255, 255, 0.8);&quot;&gt;2. The automation, informationization of enterprise data.&lt;/span&gt;&lt;span id=&quot;tran_6&quot; class=&quot;copied&quot; style=&quot;margin: 0px; padding: 0px; border: 0px; outline: 0px; color: #666666; font-family: Tahoma, Arial; line-height: 24px; text-align: justify; background-color: rgba(255, 255, 255, 0.8);&quot;&gt;With electronic information technology to the production, sales, finance, such as data processing, this is the most basic level, a large amount of data the informationization process.&lt;/span&gt;&lt;br style=&quot;color: #434343; font-family: Tahoma, Arial; line-height: 24px; text-align: justify; background-color: rgba(255, 255, 255, 0.8);&quot; /&gt;&lt;span id=&quot;tran_7&quot; class=&quot;copied&quot; style=&quot;margin: 0px; padding: 0px; border: 0px; outline: 0px; color: #666666; font-family: Tahoma, Arial; line-height: 24px; text-align: justify; background-color: rgba(255, 255, 255, 0.8);&quot;&gt;3. The higher level of management, auxiliary decision system, Intranet, Extranet, manufacturing resource planning (MRPII), computer integrated manufacturing system (CIMS), office automation (OA) is used for auxiliary management and auxiliary decision-making, this is a higher level of informationization.&lt;/span&gt;&lt;br style=&quot;color: #434343; font-family: Tahoma, Arial; line-height: 24px; text-align: justify; background-color: rgba(255, 255, 255, 0.8);&quot; /&gt;&lt;span id=&quot;tran_8&quot; class=&quot;copied&quot; style=&quot;margin: 0px; padding: 0px; border: 0px; outline: 0px; color: #666666; font-family: Tahoma, Arial; line-height: 24px; text-align: justify; background-color: rgba(255, 255, 255, 0.8);&quot;&gt;4. Tax planning enterprise accounting profits.&lt;/span&gt;&lt;span id=&quot;tran_9&quot; class=&quot;copied&quot; style=&quot;margin: 0px; padding: 0px; border: 0px; outline: 0px; color: #666666; font-family: Tahoma, Arial; line-height: 24px; text-align: justify; background-color: rgba(255, 255, 255, 0.8);&quot;&gt;Corporate tax accounting in a variety of tax plan through the planning beforehand, reasonable arrangement of company financing, investment, management, profit distribution, and other financial activities, for purchasing, production and operation, and internal accounting make reasonable decisions, such as tax planning actively, using state regulations not only ensure complete profits tax obligation to increase the &quot;blood&quot; ability, reduce the tax burden, also raised the after-tax profits, realize its sustainable and healthy development.&lt;/span&gt;&lt;span id=&quot;tran_10&quot; class=&quot;copied&quot; style=&quot;margin: 0px; padding: 0px; border: 0px; outline: 0px; color: #666666; font-family: Tahoma, Arial; line-height: 24px; text-align: justify; background-color: rgba(255, 255, 255, 0.8);&quot;&gt;&quot;Understand tax, for example, aerospace software ERP&quot; products with the national tax system of information transmission and elements, for enterprise business process involves many tax business processing, for enterprise management decision of zhenhai, to create profit to lay a solid foundation.&lt;/span&gt;&lt;br style=&quot;color: #434343; font-family: Tahoma, Arial; line-height: 24px; text-align: justify; background-color: rgba(255, 255, 255, 0.8);&quot; /&gt;&lt;span id=&quot;tran_11&quot; class=&quot;copied&quot; style=&quot;margin: 0px; padding: 0px; border: 0px; outline: 0px; color: #666666; font-family: Tahoma, Arial; line-height: 24px; text-align: justify; background-color: rgba(255, 255, 255, 0.8);&quot;&gt;With the deepening of Chinese enterprise informatization, informatization of small and medium-sized enterprises will become the focus of the enterprise informatization, improve the understanding of informatization of small and medium-sized enterprises, to help small and medium-sized enterprise informationization, to promote China''s small and medium-sized enterprise informationization play a good role.&lt;/span&gt;&lt;br style=&quot;color: #434343; font-family: Tahoma, Arial; line-height: 24px; text-align: justify; background-color: rgba(255, 255, 255, 0.8);&quot; /&gt;&lt;span id=&quot;tran_12&quot; class=&quot;copied&quot; style=&quot;margin: 0px; padding: 0px; border: 0px; outline: 0px; color: #666666; font-family: Tahoma, Arial; line-height: 24px; text-align: justify; background-color: rgba(255, 255, 255, 0.8);&quot;&gt;ESPCMS easy think platform is a professional company website information platform, you can click on the site in detail.&lt;/span&gt;&lt;/p&gt;'),
(54, 57, '&lt;p&gt;&lt;span id=&quot;tran_0&quot; class=&quot;copied&quot; style=&quot;margin: 0px; padding: 0px; border: 0px; outline: 0px; color: #666666; font-family: Tahoma, Arial; line-height: 24px; text-align: justify; background-color: rgba(255, 255, 255, 0.8);&quot;&gt;Many companies of choice for paying customers CMS!&lt;/span&gt;&lt;span id=&quot;tran_1&quot; class=&quot;copied&quot; style=&quot;margin: 0px; padding: 0px; border: 0px; outline: 0px; color: #666666; font-family: Tahoma, Arial; line-height: 24px; text-align: justify; background-color: rgba(255, 255, 255, 0.8);&quot;&gt;ESPCMS pays attention to strengthen support for authorized users, so that you get a more comprehensive service!&lt;/span&gt;&lt;span id=&quot;tran_2&quot; class=&quot;copied inactive&quot; style=&quot;margin: 0px; padding: 0px; border: 0px; outline: 0px; color: #666666; background-color: #eeeeee; font-family: Tahoma, Arial; line-height: 24px; text-align: justify;&quot;&gt;We also provide service to authorized users online tracking, one-on-one mentoring, specific versions and elegant business template!&lt;/span&gt;&lt;br style=&quot;color: #434343; font-family: Tahoma, Arial; line-height: 24px; text-align: justify; background-color: rgba(255, 255, 255, 0.8);&quot; /&gt;&lt;span id=&quot;tran_3&quot; class=&quot;copied&quot; style=&quot;margin: 0px; padding: 0px; border: 0px; outline: 0px; color: #666666; font-family: Tahoma, Arial; line-height: 24px; text-align: justify; background-color: rgba(255, 255, 255, 0.8);&quot;&gt;Noble version services are as follows:&lt;/span&gt;&lt;br style=&quot;color: #434343; font-family: Tahoma, Arial; line-height: 24px; text-align: justify; background-color: rgba(255, 255, 255, 0.8);&quot; /&gt;&lt;span id=&quot;tran_4&quot; class=&quot;copied&quot; style=&quot;margin: 0px; padding: 0px; border: 0px; outline: 0px; color: #666666; font-family: Tahoma, Arial; line-height: 24px; text-align: justify; background-color: rgba(255, 255, 255, 0.8);&quot;&gt;Silver service authorized 1 year, 1 binding domain, software for life use, the current version lifetime free upgrades, enforcing copyright unlimited, no commercial purpose allowed to remove, system function, no advertising push and support functions of the mobile terminal, 1 set of optional business templates, suitable for a single site, provides the template is optional&lt;/span&gt;&lt;br style=&quot;color: #434343; font-family: Tahoma, Arial; line-height: 24px; text-align: justify; background-color: rgba(255, 255, 255, 0.8);&quot; /&gt;&lt;span id=&quot;tran_5&quot; class=&quot;copied&quot; style=&quot;margin: 0px; padding: 0px; border: 0px; outline: 0px; color: #666666; font-family: Tahoma, Arial; line-height: 24px; text-align: justify; background-color: rgba(255, 255, 255, 0.8);&quot;&gt;Software licensing FAQ:&lt;/span&gt;&lt;br style=&quot;color: #434343; font-family: Tahoma, Arial; line-height: 24px; text-align: justify; background-color: rgba(255, 255, 255, 0.8);&quot; /&gt;&lt;span id=&quot;tran_6&quot; class=&quot;copied&quot; style=&quot;margin: 0px; padding: 0px; border: 0px; outline: 0px; color: #666666; font-family: Tahoma, Arial; line-height: 24px; text-align: justify; background-color: rgba(255, 255, 255, 0.8);&quot;&gt;1, can you tell me the ESPCMS needs to run on any system environment?&lt;/span&gt;&lt;br style=&quot;color: #434343; font-family: Tahoma, Arial; line-height: 24px; text-align: justify; background-color: rgba(255, 255, 255, 0.8);&quot; /&gt;&lt;span id=&quot;tran_7&quot; class=&quot;copied&quot; style=&quot;margin: 0px; padding: 0px; border: 0px; outline: 0px; color: #666666; font-family: Tahoma, Arial; line-height: 24px; text-align: justify; background-color: rgba(255, 255, 255, 0.8);&quot;&gt;A: ESPCMS USES PHP + MySQL gold combination of development, support for Windows, Linux, Unix platform, your servers need to support installs are. X version and MySQL5. X version of the data, run space is 100 m, if you a lot of pictures or video, please according to your pictures and video content appropriately increase the size.&lt;/span&gt;&lt;br style=&quot;color: #434343; font-family: Tahoma, Arial; line-height: 24px; text-align: justify; background-color: rgba(255, 255, 255, 0.8);&quot; /&gt;&lt;br style=&quot;color: #434343; font-family: Tahoma, Arial; line-height: 24px; text-align: justify; background-color: rgba(255, 255, 255, 0.8);&quot; /&gt;&lt;br style=&quot;color: #434343; font-family: Tahoma, Arial; line-height: 24px; text-align: justify; background-color: rgba(255, 255, 255, 0.8);&quot; /&gt;&lt;span id=&quot;tran_8&quot; class=&quot;copied&quot; style=&quot;margin: 0px; padding: 0px; border: 0px; outline: 0px; color: #666666; font-family: Tahoma, Arial; line-height: 24px; text-align: justify; background-color: rgba(255, 255, 255, 0.8);&quot;&gt;2, I have more than one domain name whether need to purchase a set of more?&lt;/span&gt;&lt;br style=&quot;color: #434343; font-family: Tahoma, Arial; line-height: 24px; text-align: justify; background-color: rgba(255, 255, 255, 0.8);&quot; /&gt;&lt;span id=&quot;tran_9&quot; class=&quot;copied&quot; style=&quot;margin: 0px; padding: 0px; border: 0px; outline: 0px; color: #666666; font-family: Tahoma, Arial; line-height: 24px; text-align: justify; background-color: rgba(255, 255, 255, 0.8);&quot;&gt;Answer: the system authorization is a primary domain must be binding, if a web site a background have more than one domain is not affected, but not a multiple space domain, must according to individual website for authorization.&lt;/span&gt;&lt;span id=&quot;tran_10&quot; class=&quot;copied&quot; style=&quot;margin: 0px; padding: 0px; border: 0px; outline: 0px; color: #666666; font-family: Tahoma, Arial; line-height: 24px; text-align: justify; background-color: rgba(255, 255, 255, 0.8);&quot;&gt;Such as: www.aaa.com binding a space, if the site space has the multiple domain such as www.bb.com or aa.com 1. above, it is not affected, but must use the same background the same database, if a number of different background, as multiple sites, must increase authorization.&lt;/span&gt;&lt;br style=&quot;color: #434343; font-family: Tahoma, Arial; line-height: 24px; text-align: justify; background-color: rgba(255, 255, 255, 0.8);&quot; /&gt;&lt;br style=&quot;color: #434343; font-family: Tahoma, Arial; line-height: 24px; text-align: justify; background-color: rgba(255, 255, 255, 0.8);&quot; /&gt;&lt;br style=&quot;color: #434343; font-family: Tahoma, Arial; line-height: 24px; text-align: justify; background-color: rgba(255, 255, 255, 0.8);&quot; /&gt;&lt;span id=&quot;tran_11&quot; class=&quot;copied&quot; style=&quot;margin: 0px; padding: 0px; border: 0px; outline: 0px; color: #666666; font-family: Tahoma, Arial; line-height: 24px; text-align: justify; background-color: rgba(255, 255, 255, 0.8);&quot;&gt;3, I now have a problem can be resolved first, solve the success before I consider licensing?&lt;/span&gt;&lt;br style=&quot;color: #434343; font-family: Tahoma, Arial; line-height: 24px; text-align: justify; background-color: rgba(255, 255, 255, 0.8);&quot; /&gt;&lt;span id=&quot;tran_12&quot; class=&quot;copied&quot; style=&quot;margin: 0px; padding: 0px; border: 0px; outline: 0px; color: #666666; font-family: Tahoma, Arial; line-height: 24px; text-align: justify; background-color: rgba(255, 255, 255, 0.8);&quot;&gt;Answer: we are a service-oriented authorization, that is to say, buying after the authorization to get the corresponding technical services, high quality professional service is our core.&lt;/span&gt;&lt;span id=&quot;tran_13&quot; class=&quot;copied&quot; style=&quot;margin: 0px; padding: 0px; border: 0px; outline: 0px; color: #666666; font-family: Tahoma, Arial; line-height: 24px; text-align: justify; background-color: rgba(255, 255, 255, 0.8);&quot;&gt;Software itself is to provide you a free download evaluation, please your preliminary assessment software function is applicable, if applicable, can consider to buy and then after the authorization is provided by our professional service.&lt;/span&gt;&lt;/p&gt;\n&lt;ol&gt; &lt;/ol&gt;'),
(55, 58, '&lt;p&gt;&lt;span id=&quot;tran_0&quot; class=&quot;copied&quot; style=&quot;margin: 0px; padding: 0px; border: 0px; outline: 0px; color: #666666; font-family: Tahoma, Arial; line-height: 24px; text-align: justify; background-color: rgba(255, 255, 255, 0.8);&quot;&gt;Many companies of choice for paying customers CMS!&lt;/span&gt;&lt;span id=&quot;tran_1&quot; class=&quot;copied&quot; style=&quot;margin: 0px; padding: 0px; border: 0px; outline: 0px; color: #666666; font-family: Tahoma, Arial; line-height: 24px; text-align: justify; background-color: rgba(255, 255, 255, 0.8);&quot;&gt;ESPCMS pays attention to strengthen support for authorized users, so that you get a more comprehensive service!&lt;/span&gt;&lt;span id=&quot;tran_2&quot; class=&quot;copied inactive&quot; style=&quot;margin: 0px; padding: 0px; border: 0px; outline: 0px; color: #666666; background-color: #eeeeee; font-family: Tahoma, Arial; line-height: 24px; text-align: justify;&quot;&gt;We also provide service to authorized users online tracking, one-on-one mentoring, specific versions and elegant business template!&lt;/span&gt;&lt;br style=&quot;color: #434343; font-family: Tahoma, Arial; line-height: 24px; text-align: justify; background-color: rgba(255, 255, 255, 0.8);&quot; /&gt;&lt;span id=&quot;tran_3&quot; class=&quot;copied&quot; style=&quot;margin: 0px; padding: 0px; border: 0px; outline: 0px; color: #666666; font-family: Tahoma, Arial; line-height: 24px; text-align: justify; background-color: rgba(255, 255, 255, 0.8);&quot;&gt;Noble version services are as follows:&lt;/span&gt;&lt;br style=&quot;color: #434343; font-family: Tahoma, Arial; line-height: 24px; text-align: justify; background-color: rgba(255, 255, 255, 0.8);&quot; /&gt;&lt;span id=&quot;tran_4&quot; class=&quot;copied&quot; style=&quot;margin: 0px; padding: 0px; border: 0px; outline: 0px; color: #666666; font-family: Tahoma, Arial; line-height: 24px; text-align: justify; background-color: rgba(255, 255, 255, 0.8);&quot;&gt;Silver service authorized 1 year, 1 binding domain, software for life use, the current version lifetime free upgrades, enforcing copyright unlimited, no commercial purpose allowed to remove, system function, no advertising push and support functions of the mobile terminal, 1 set of optional business templates, suitable for a single site, provides the template is optional&lt;/span&gt;&lt;br style=&quot;color: #434343; font-family: Tahoma, Arial; line-height: 24px; text-align: justify; background-color: rgba(255, 255, 255, 0.8);&quot; /&gt;&lt;span id=&quot;tran_5&quot; class=&quot;copied&quot; style=&quot;margin: 0px; padding: 0px; border: 0px; outline: 0px; color: #666666; font-family: Tahoma, Arial; line-height: 24px; text-align: justify; background-color: rgba(255, 255, 255, 0.8);&quot;&gt;Software licensing FAQ:&lt;/span&gt;&lt;br style=&quot;color: #434343; font-family: Tahoma, Arial; line-height: 24px; text-align: justify; background-color: rgba(255, 255, 255, 0.8);&quot; /&gt;&lt;span id=&quot;tran_6&quot; class=&quot;copied&quot; style=&quot;margin: 0px; padding: 0px; border: 0px; outline: 0px; color: #666666; font-family: Tahoma, Arial; line-height: 24px; text-align: justify; background-color: rgba(255, 255, 255, 0.8);&quot;&gt;1, can you tell me the ESPCMS needs to run on any system environment?&lt;/span&gt;&lt;br style=&quot;color: #434343; font-family: Tahoma, Arial; line-height: 24px; text-align: justify; background-color: rgba(255, 255, 255, 0.8);&quot; /&gt;&lt;span id=&quot;tran_7&quot; class=&quot;copied&quot; style=&quot;margin: 0px; padding: 0px; border: 0px; outline: 0px; color: #666666; font-family: Tahoma, Arial; line-height: 24px; text-align: justify; background-color: rgba(255, 255, 255, 0.8);&quot;&gt;A: ESPCMS USES PHP + MySQL gold combination of development, support for Windows, Linux, Unix platform, your servers need to support installs are. X version and MySQL5. X version of the data, run space is 100 m, if you a lot of pictures or video, please according to your pictures and video content appropriately increase the size.&lt;/span&gt;&lt;br style=&quot;color: #434343; font-family: Tahoma, Arial; line-height: 24px; text-align: justify; background-color: rgba(255, 255, 255, 0.8);&quot; /&gt;&lt;br style=&quot;color: #434343; font-family: Tahoma, Arial; line-height: 24px; text-align: justify; background-color: rgba(255, 255, 255, 0.8);&quot; /&gt;&lt;br style=&quot;color: #434343; font-family: Tahoma, Arial; line-height: 24px; text-align: justify; background-color: rgba(255, 255, 255, 0.8);&quot; /&gt;&lt;span id=&quot;tran_8&quot; class=&quot;copied&quot; style=&quot;margin: 0px; padding: 0px; border: 0px; outline: 0px; color: #666666; font-family: Tahoma, Arial; line-height: 24px; text-align: justify; background-color: rgba(255, 255, 255, 0.8);&quot;&gt;2, I have more than one domain name whether need to purchase a set of more?&lt;/span&gt;&lt;br style=&quot;color: #434343; font-family: Tahoma, Arial; line-height: 24px; text-align: justify; background-color: rgba(255, 255, 255, 0.8);&quot; /&gt;&lt;span id=&quot;tran_9&quot; class=&quot;copied&quot; style=&quot;margin: 0px; padding: 0px; border: 0px; outline: 0px; color: #666666; font-family: Tahoma, Arial; line-height: 24px; text-align: justify; background-color: rgba(255, 255, 255, 0.8);&quot;&gt;Answer: the system authorization is a primary domain must be binding, if a web site a background have more than one domain is not affected, but not a multiple space domain, must according to individual website for authorization.&lt;/span&gt;&lt;span id=&quot;tran_10&quot; class=&quot;copied&quot; style=&quot;margin: 0px; padding: 0px; border: 0px; outline: 0px; color: #666666; font-family: Tahoma, Arial; line-height: 24px; text-align: justify; background-color: rgba(255, 255, 255, 0.8);&quot;&gt;Such as: www.aaa.com binding a space, if the site space has the multiple domain such as www.bb.com or aa.com 1. above, it is not affected, but must use the same background the same database, if a number of different background, as multiple sites, must increase authorization.&lt;/span&gt;&lt;br style=&quot;color: #434343; font-family: Tahoma, Arial; line-height: 24px; text-align: justify; background-color: rgba(255, 255, 255, 0.8);&quot; /&gt;&lt;br style=&quot;color: #434343; font-family: Tahoma, Arial; line-height: 24px; text-align: justify; background-color: rgba(255, 255, 255, 0.8);&quot; /&gt;&lt;br style=&quot;color: #434343; font-family: Tahoma, Arial; line-height: 24px; text-align: justify; background-color: rgba(255, 255, 255, 0.8);&quot; /&gt;&lt;span id=&quot;tran_11&quot; class=&quot;copied&quot; style=&quot;margin: 0px; padding: 0px; border: 0px; outline: 0px; color: #666666; font-family: Tahoma, Arial; line-height: 24px; text-align: justify; background-color: rgba(255, 255, 255, 0.8);&quot;&gt;3, I now have a problem can be resolved first, solve the success before I consider licensing?&lt;/span&gt;&lt;br style=&quot;color: #434343; font-family: Tahoma, Arial; line-height: 24px; text-align: justify; background-color: rgba(255, 255, 255, 0.8);&quot; /&gt;&lt;span id=&quot;tran_12&quot; class=&quot;copied&quot; style=&quot;margin: 0px; padding: 0px; border: 0px; outline: 0px; color: #666666; font-family: Tahoma, Arial; line-height: 24px; text-align: justify; background-color: rgba(255, 255, 255, 0.8);&quot;&gt;Answer: we are a service-oriented authorization, that is to say, buying after the authorization to get the corresponding technical services, high quality professional service is our core.&lt;/span&gt;&lt;span id=&quot;tran_13&quot; class=&quot;copied&quot; style=&quot;margin: 0px; padding: 0px; border: 0px; outline: 0px; color: #666666; font-family: Tahoma, Arial; line-height: 24px; text-align: justify; background-color: rgba(255, 255, 255, 0.8);&quot;&gt;Software itself is to provide you a free download evaluation, please your preliminary assessment software function is applicable, if applicable, can consider to buy and then after the authorization is provided by our professional service.&lt;/span&gt;&lt;/p&gt;\n&lt;ol&gt; &lt;/ol&gt;'),
(56, 59, '&lt;p&gt;&lt;span id=&quot;tran_0&quot; class=&quot;copied&quot; style=&quot;margin: 0px; padding: 0px; border: 0px; outline: 0px; color: #666666; font-family: Tahoma, Arial; line-height: 24px; text-align: justify; background-color: rgba(255, 255, 255, 0.8);&quot;&gt;Many companies of choice for paying customers CMS!&lt;/span&gt;&lt;span id=&quot;tran_1&quot; class=&quot;copied inactive&quot; style=&quot;margin: 0px; padding: 0px; border: 0px; outline: 0px; color: #666666; background-color: #eeeeee; font-family: Tahoma, Arial; line-height: 24px; text-align: justify;&quot;&gt;ESPCMS pays attention to strengthen support for authorized users, so that you get a more comprehensive service!&lt;/span&gt;&lt;span id=&quot;tran_2&quot; class=&quot;copied&quot; style=&quot;margin: 0px; padding: 0px; border: 0px; outline: 0px; color: #666666; font-family: Tahoma, Arial; line-height: 24px; text-align: justify; background-color: rgba(255, 255, 255, 0.8);&quot;&gt;We also provide service to authorized users online tracking, one-on-one mentoring, specific versions and elegant business template!&lt;/span&gt;&lt;br style=&quot;color: #434343; font-family: Tahoma, Arial; line-height: 24px; text-align: justify; background-color: rgba(255, 255, 255, 0.8);&quot; /&gt;&lt;span id=&quot;tran_3&quot; class=&quot;copied&quot; style=&quot;margin: 0px; padding: 0px; border: 0px; outline: 0px; color: #666666; font-family: Tahoma, Arial; line-height: 24px; text-align: justify; background-color: rgba(255, 255, 255, 0.8);&quot;&gt;Noble version services are as follows:&lt;/span&gt;&lt;br style=&quot;color: #434343; font-family: Tahoma, Arial; line-height: 24px; text-align: justify; background-color: rgba(255, 255, 255, 0.8);&quot; /&gt;&lt;span id=&quot;tran_4&quot; class=&quot;copied&quot; style=&quot;margin: 0px; padding: 0px; border: 0px; outline: 0px; color: #666666; font-family: Tahoma, Arial; line-height: 24px; text-align: justify; background-color: rgba(255, 255, 255, 0.8);&quot;&gt;Silver service authorized 1 year, 1 binding domain, software for life use, the current version lifetime free upgrades, enforcing copyright unlimited, no commercial purpose allowed to remove, system function, no advertising push and support functions of the mobile terminal, 1 set of optional business templates, suitable for a single site, provides the template is optional&lt;/span&gt;&lt;br style=&quot;color: #434343; font-family: Tahoma, Arial; line-height: 24px; text-align: justify; background-color: rgba(255, 255, 255, 0.8);&quot; /&gt;&lt;span id=&quot;tran_5&quot; class=&quot;copied&quot; style=&quot;margin: 0px; padding: 0px; border: 0px; outline: 0px; color: #666666; font-family: Tahoma, Arial; line-height: 24px; text-align: justify; background-color: rgba(255, 255, 255, 0.8);&quot;&gt;Software licensing FAQ:&lt;/span&gt;&lt;br style=&quot;color: #434343; font-family: Tahoma, Arial; line-height: 24px; text-align: justify; background-color: rgba(255, 255, 255, 0.8);&quot; /&gt;&lt;span id=&quot;tran_6&quot; class=&quot;copied&quot; style=&quot;margin: 0px; padding: 0px; border: 0px; outline: 0px; color: #666666; font-family: Tahoma, Arial; line-height: 24px; text-align: justify; background-color: rgba(255, 255, 255, 0.8);&quot;&gt;1, can you tell me the ESPCMS needs to run on any system environment?&lt;/span&gt;&lt;br style=&quot;color: #434343; font-family: Tahoma, Arial; line-height: 24px; text-align: justify; background-color: rgba(255, 255, 255, 0.8);&quot; /&gt;&lt;span id=&quot;tran_7&quot; class=&quot;copied&quot; style=&quot;margin: 0px; padding: 0px; border: 0px; outline: 0px; color: #666666; font-family: Tahoma, Arial; line-height: 24px; text-align: justify; background-color: rgba(255, 255, 255, 0.8);&quot;&gt;A: ESPCMS USES PHP + MySQL gold combination of development, support for Windows, Linux, Unix platform, your servers need to support installs are. X version and MySQL5. X version of the data, run space is 100 m, if you a lot of pictures or video, please according to your pictures and video content appropriately increase the size.&lt;/span&gt;&lt;br style=&quot;color: #434343; font-family: Tahoma, Arial; line-height: 24px; text-align: justify; background-color: rgba(255, 255, 255, 0.8);&quot; /&gt;&lt;br style=&quot;color: #434343; font-family: Tahoma, Arial; line-height: 24px; text-align: justify; background-color: rgba(255, 255, 255, 0.8);&quot; /&gt;&lt;br style=&quot;color: #434343; font-family: Tahoma, Arial; line-height: 24px; text-align: justify; background-color: rgba(255, 255, 255, 0.8);&quot; /&gt;&lt;span id=&quot;tran_8&quot; class=&quot;copied&quot; style=&quot;margin: 0px; padding: 0px; border: 0px; outline: 0px; color: #666666; font-family: Tahoma, Arial; line-height: 24px; text-align: justify; background-color: rgba(255, 255, 255, 0.8);&quot;&gt;2, I have more than one domain name whether need to purchase a set of more?&lt;/span&gt;&lt;br style=&quot;color: #434343; font-family: Tahoma, Arial; line-height: 24px; text-align: justify; background-color: rgba(255, 255, 255, 0.8);&quot; /&gt;&lt;span id=&quot;tran_9&quot; class=&quot;copied&quot; style=&quot;margin: 0px; padding: 0px; border: 0px; outline: 0px; color: #666666; font-family: Tahoma, Arial; line-height: 24px; text-align: justify; background-color: rgba(255, 255, 255, 0.8);&quot;&gt;Answer: the system authorization is a primary domain must be binding, if a web site a background have more than one domain is not affected, but not a multiple space domain, must according to individual website for authorization.&lt;/span&gt;&lt;span id=&quot;tran_10&quot; class=&quot;copied&quot; style=&quot;margin: 0px; padding: 0px; border: 0px; outline: 0px; color: #666666; font-family: Tahoma, Arial; line-height: 24px; text-align: justify; background-color: rgba(255, 255, 255, 0.8);&quot;&gt;Such as: www.aaa.com binding a space, if the site space has the multiple domain such as www.bb.com or aa.com 1. above, it is not affected, but must use the same background the same database, if a number of different background, as multiple sites, must increase authorization.&lt;/span&gt;&lt;br style=&quot;color: #434343; font-family: Tahoma, Arial; line-height: 24px; text-align: justify; background-color: rgba(255, 255, 255, 0.8);&quot; /&gt;&lt;br style=&quot;color: #434343; font-family: Tahoma, Arial; line-height: 24px; text-align: justify; background-color: rgba(255, 255, 255, 0.8);&quot; /&gt;&lt;br style=&quot;color: #434343; font-family: Tahoma, Arial; line-height: 24px; text-align: justify; background-color: rgba(255, 255, 255, 0.8);&quot; /&gt;&lt;span id=&quot;tran_11&quot; class=&quot;copied&quot; style=&quot;margin: 0px; padding: 0px; border: 0px; outline: 0px; color: #666666; font-family: Tahoma, Arial; line-height: 24px; text-align: justify; background-color: rgba(255, 255, 255, 0.8);&quot;&gt;3, I now have a problem can be resolved first, solve the success before I consider licensing?&lt;/span&gt;&lt;br style=&quot;color: #434343; font-family: Tahoma, Arial; line-height: 24px; text-align: justify; background-color: rgba(255, 255, 255, 0.8);&quot; /&gt;&lt;span id=&quot;tran_12&quot; class=&quot;copied&quot; style=&quot;margin: 0px; padding: 0px; border: 0px; outline: 0px; color: #666666; font-family: Tahoma, Arial; line-height: 24px; text-align: justify; background-color: rgba(255, 255, 255, 0.8);&quot;&gt;Answer: we are a service-oriented authorization, that is to say, buying after the authorization to get the corresponding technical services, high quality professional service is our core.&lt;/span&gt;&lt;span id=&quot;tran_13&quot; class=&quot;copied&quot; style=&quot;margin: 0px; padding: 0px; border: 0px; outline: 0px; color: #666666; font-family: Tahoma, Arial; line-height: 24px; text-align: justify; background-color: rgba(255, 255, 255, 0.8);&quot;&gt;Software itself is to provide you a free download evaluation, please your preliminary assessment software function is applicable, if applicable, can consider to buy and then after the authorization is provided by our professional service.&lt;/span&gt;&lt;/p&gt;\n&lt;ol&gt; &lt;/ol&gt;');
INSERT INTO `esp_document_content` (`dcid`, `did`, `content`) VALUES
(57, 60, '&lt;p&gt;&lt;span id=&quot;tran_0&quot; class=&quot;copied&quot; style=&quot;margin: 0px; padding: 0px; border: 0px; outline: 0px; color: #666666; font-family: Tahoma, Arial; line-height: 24px; text-align: justify; background-color: rgba(255, 255, 255, 0.8);&quot;&gt;Many companies of choice for paying customers CMS!&lt;/span&gt;&lt;span id=&quot;tran_1&quot; class=&quot;copied&quot; style=&quot;margin: 0px; padding: 0px; border: 0px; outline: 0px; color: #666666; font-family: Tahoma, Arial; line-height: 24px; text-align: justify; background-color: rgba(255, 255, 255, 0.8);&quot;&gt;ESPCMS pays attention to strengthen support for authorized users, so that you get a more comprehensive service!&lt;/span&gt;&lt;span id=&quot;tran_2&quot; class=&quot;copied inactive&quot; style=&quot;margin: 0px; padding: 0px; border: 0px; outline: 0px; color: #666666; background-color: #eeeeee; font-family: Tahoma, Arial; line-height: 24px; text-align: justify;&quot;&gt;We also provide service to authorized users online tracking, one-on-one mentoring, specific versions and elegant business template!&lt;/span&gt;&lt;br style=&quot;color: #434343; font-family: Tahoma, Arial; line-height: 24px; text-align: justify; background-color: rgba(255, 255, 255, 0.8);&quot; /&gt;&lt;span id=&quot;tran_3&quot; class=&quot;copied&quot; style=&quot;margin: 0px; padding: 0px; border: 0px; outline: 0px; color: #666666; font-family: Tahoma, Arial; line-height: 24px; text-align: justify; background-color: rgba(255, 255, 255, 0.8);&quot;&gt;Noble version services are as follows:&lt;/span&gt;&lt;br style=&quot;color: #434343; font-family: Tahoma, Arial; line-height: 24px; text-align: justify; background-color: rgba(255, 255, 255, 0.8);&quot; /&gt;&lt;span id=&quot;tran_4&quot; class=&quot;copied&quot; style=&quot;margin: 0px; padding: 0px; border: 0px; outline: 0px; color: #666666; font-family: Tahoma, Arial; line-height: 24px; text-align: justify; background-color: rgba(255, 255, 255, 0.8);&quot;&gt;Silver service authorized 1 year, 1 binding domain, software for life use, the current version lifetime free upgrades, enforcing copyright unlimited, no commercial purpose allowed to remove, system function, no advertising push and support functions of the mobile terminal, 1 set of optional business templates, suitable for a single site, provides the template is optional&lt;/span&gt;&lt;br style=&quot;color: #434343; font-family: Tahoma, Arial; line-height: 24px; text-align: justify; background-color: rgba(255, 255, 255, 0.8);&quot; /&gt;&lt;span id=&quot;tran_5&quot; class=&quot;copied&quot; style=&quot;margin: 0px; padding: 0px; border: 0px; outline: 0px; color: #666666; font-family: Tahoma, Arial; line-height: 24px; text-align: justify; background-color: rgba(255, 255, 255, 0.8);&quot;&gt;Software licensing FAQ:&lt;/span&gt;&lt;br style=&quot;color: #434343; font-family: Tahoma, Arial; line-height: 24px; text-align: justify; background-color: rgba(255, 255, 255, 0.8);&quot; /&gt;&lt;span id=&quot;tran_6&quot; class=&quot;copied&quot; style=&quot;margin: 0px; padding: 0px; border: 0px; outline: 0px; color: #666666; font-family: Tahoma, Arial; line-height: 24px; text-align: justify; background-color: rgba(255, 255, 255, 0.8);&quot;&gt;1, can you tell me the ESPCMS needs to run on any system environment?&lt;/span&gt;&lt;br style=&quot;color: #434343; font-family: Tahoma, Arial; line-height: 24px; text-align: justify; background-color: rgba(255, 255, 255, 0.8);&quot; /&gt;&lt;span id=&quot;tran_7&quot; class=&quot;copied&quot; style=&quot;margin: 0px; padding: 0px; border: 0px; outline: 0px; color: #666666; font-family: Tahoma, Arial; line-height: 24px; text-align: justify; background-color: rgba(255, 255, 255, 0.8);&quot;&gt;A: ESPCMS USES PHP + MySQL gold combination of development, support for Windows, Linux, Unix platform, your servers need to support installs are. X version and MySQL5. X version of the data, run space is 100 m, if you a lot of pictures or video, please according to your pictures and video content appropriately increase the size.&lt;/span&gt;&lt;br style=&quot;color: #434343; font-family: Tahoma, Arial; line-height: 24px; text-align: justify; background-color: rgba(255, 255, 255, 0.8);&quot; /&gt;&lt;br style=&quot;color: #434343; font-family: Tahoma, Arial; line-height: 24px; text-align: justify; background-color: rgba(255, 255, 255, 0.8);&quot; /&gt;&lt;br style=&quot;color: #434343; font-family: Tahoma, Arial; line-height: 24px; text-align: justify; background-color: rgba(255, 255, 255, 0.8);&quot; /&gt;&lt;span id=&quot;tran_8&quot; class=&quot;copied&quot; style=&quot;margin: 0px; padding: 0px; border: 0px; outline: 0px; color: #666666; font-family: Tahoma, Arial; line-height: 24px; text-align: justify; background-color: rgba(255, 255, 255, 0.8);&quot;&gt;2, I have more than one domain name whether need to purchase a set of more?&lt;/span&gt;&lt;br style=&quot;color: #434343; font-family: Tahoma, Arial; line-height: 24px; text-align: justify; background-color: rgba(255, 255, 255, 0.8);&quot; /&gt;&lt;span id=&quot;tran_9&quot; class=&quot;copied&quot; style=&quot;margin: 0px; padding: 0px; border: 0px; outline: 0px; color: #666666; font-family: Tahoma, Arial; line-height: 24px; text-align: justify; background-color: rgba(255, 255, 255, 0.8);&quot;&gt;Answer: the system authorization is a primary domain must be binding, if a web site a background have more than one domain is not affected, but not a multiple space domain, must according to individual website for authorization.&lt;/span&gt;&lt;span id=&quot;tran_10&quot; class=&quot;copied&quot; style=&quot;margin: 0px; padding: 0px; border: 0px; outline: 0px; color: #666666; font-family: Tahoma, Arial; line-height: 24px; text-align: justify; background-color: rgba(255, 255, 255, 0.8);&quot;&gt;Such as: www.aaa.com binding a space, if the site space has the multiple domain such as www.bb.com or aa.com 1. above, it is not affected, but must use the same background the same database, if a number of different background, as multiple sites, must increase authorization.&lt;/span&gt;&lt;br style=&quot;color: #434343; font-family: Tahoma, Arial; line-height: 24px; text-align: justify; background-color: rgba(255, 255, 255, 0.8);&quot; /&gt;&lt;br style=&quot;color: #434343; font-family: Tahoma, Arial; line-height: 24px; text-align: justify; background-color: rgba(255, 255, 255, 0.8);&quot; /&gt;&lt;br style=&quot;color: #434343; font-family: Tahoma, Arial; line-height: 24px; text-align: justify; background-color: rgba(255, 255, 255, 0.8);&quot; /&gt;&lt;span id=&quot;tran_11&quot; class=&quot;copied&quot; style=&quot;margin: 0px; padding: 0px; border: 0px; outline: 0px; color: #666666; font-family: Tahoma, Arial; line-height: 24px; text-align: justify; background-color: rgba(255, 255, 255, 0.8);&quot;&gt;3, I now have a problem can be resolved first, solve the success before I consider licensing?&lt;/span&gt;&lt;br style=&quot;color: #434343; font-family: Tahoma, Arial; line-height: 24px; text-align: justify; background-color: rgba(255, 255, 255, 0.8);&quot; /&gt;&lt;span id=&quot;tran_12&quot; class=&quot;copied&quot; style=&quot;margin: 0px; padding: 0px; border: 0px; outline: 0px; color: #666666; font-family: Tahoma, Arial; line-height: 24px; text-align: justify; background-color: rgba(255, 255, 255, 0.8);&quot;&gt;Answer: we are a service-oriented authorization, that is to say, buying after the authorization to get the corresponding technical services, high quality professional service is our core.&lt;/span&gt;&lt;span id=&quot;tran_13&quot; class=&quot;copied&quot; style=&quot;margin: 0px; padding: 0px; border: 0px; outline: 0px; color: #666666; font-family: Tahoma, Arial; line-height: 24px; text-align: justify; background-color: rgba(255, 255, 255, 0.8);&quot;&gt;Software itself is to provide you a free download evaluation, please your preliminary assessment software function is applicable, if applicable, can consider to buy and then after the authorization is provided by our professional service.&lt;/span&gt;&lt;/p&gt;\n&lt;ol&gt; &lt;/ol&gt;'),
(58, 61, '&lt;p&gt;&lt;span id=&quot;tran_0&quot; class=&quot;copied&quot; style=&quot;margin: 0px; padding: 0px; border: 0px; outline: 0px; color: #666666; font-family: Tahoma, Arial; line-height: 24px; text-align: justify; background-color: rgba(255, 255, 255, 0.8);&quot;&gt;Small and medium-sized enterprise website solution based on domain name registration and web hosting service is given priority to, should the enterprise different needs with the home page, message board, site promotion, e-commerce platform, such as service system products.&lt;/span&gt;&lt;span id=&quot;tran_1&quot; class=&quot;copied&quot; style=&quot;margin: 0px; padding: 0px; border: 0px; outline: 0px; color: #666666; font-family: Tahoma, Arial; line-height: 24px; text-align: justify; background-color: rgba(255, 255, 255, 0.8);&quot;&gt;Its characteristic is the relatively small investment, quick effect, quickly and efficiently to help enterprise electronic commerce first step!&lt;/span&gt;&lt;br style=&quot;color: #434343; font-family: Tahoma, Arial; line-height: 24px; text-align: justify; background-color: rgba(255, 255, 255, 0.8);&quot; /&gt;&lt;span id=&quot;tran_2&quot; class=&quot;copied&quot; style=&quot;margin: 0px; padding: 0px; border: 0px; outline: 0px; color: #666666; font-family: Tahoma, Arial; line-height: 24px; text-align: justify; background-color: rgba(255, 255, 255, 0.8);&quot;&gt;Small and medium-sized enterprises to enter a shortcut to the enterprise information, limited investment effectively gain!&lt;/span&gt;&lt;span id=&quot;tran_3&quot; class=&quot;copied&quot; style=&quot;margin: 0px; padding: 0px; border: 0px; outline: 0px; color: #666666; font-family: Tahoma, Arial; line-height: 24px; text-align: justify; background-color: rgba(255, 255, 255, 0.8);&quot;&gt;Using the Internet platform to show the enterprise fully, let more people through cyberspace to understand the company''s image.&lt;/span&gt;&lt;span id=&quot;tran_4&quot; class=&quot;copied&quot; style=&quot;margin: 0px; padding: 0px; border: 0px; outline: 0px; color: #666666; font-family: Tahoma, Arial; line-height: 24px; text-align: justify; background-color: rgba(255, 255, 255, 0.8);&quot;&gt;Detailed company background introduction and comprehensive contact, make the enterprises to enjoy the world convenient communication and contact.&lt;/span&gt;&lt;span id=&quot;tran_5&quot; class=&quot;copied&quot; style=&quot;margin: 0px; padding: 0px; border: 0px; outline: 0px; color: #666666; font-family: Tahoma, Arial; line-height: 24px; text-align: justify; background-color: rgba(255, 255, 255, 0.8);&quot;&gt;Image shape website design principle is: contracted but not simple, is encased in a protective atmosphere, and art perfect.&lt;/span&gt;&lt;br style=&quot;color: #434343; font-family: Tahoma, Arial; line-height: 24px; text-align: justify; background-color: rgba(255, 255, 255, 0.8);&quot; /&gt;&lt;span id=&quot;tran_6&quot; class=&quot;copied&quot; style=&quot;margin: 0px; padding: 0px; border: 0px; outline: 0px; color: #666666; font-family: Tahoma, Arial; line-height: 24px; text-align: justify; background-color: rgba(255, 255, 255, 0.8);&quot;&gt;Propaganda enterprise website mainly around the enterprises and products, services, information, network promotion, through the web site set up the enterprise image of the network.&lt;/span&gt;&lt;span id=&quot;tran_7&quot; class=&quot;copied&quot; style=&quot;margin: 0px; padding: 0px; border: 0px; outline: 0px; color: #666666; font-family: Tahoma, Arial; line-height: 24px; text-align: justify; background-color: rgba(255, 255, 255, 0.8);&quot;&gt;Through an introduction to the system of enterprise information website, anyone familiar with the situation of the enterprise, understand the enterprise products and services provided, and through effective online communication bridge between potential customers and enterprises.&lt;/span&gt;&lt;br style=&quot;color: #434343; font-family: Tahoma, Arial; line-height: 24px; text-align: justify; background-color: rgba(255, 255, 255, 0.8);&quot; /&gt;&lt;span id=&quot;tran_8&quot; class=&quot;copied&quot; style=&quot;margin: 0px; padding: 0px; border: 0px; outline: 0px; color: #666666; font-family: Tahoma, Arial; line-height: 24px; text-align: justify; background-color: rgba(255, 255, 255, 0.8);&quot;&gt;The main module includes: company profile, news center, product center, a classic case, contact information, recruitment;&lt;/span&gt;&lt;span id=&quot;tran_9&quot; class=&quot;copied&quot; style=&quot;margin: 0px; padding: 0px; border: 0px; outline: 0px; color: #666666; font-family: Tahoma, Arial; line-height: 24px; text-align: justify; background-color: rgba(255, 255, 255, 0.8);&quot;&gt;Image type module function is very simple, mainly for content display page. Highlight the design requirements;&lt;/span&gt;&lt;span id=&quot;tran_10&quot; class=&quot;copied&quot; style=&quot;margin: 0px; padding: 0px; border: 0px; outline: 0px; color: #666666; font-family: Tahoma, Arial; line-height: 24px; text-align: justify; background-color: rgba(255, 255, 255, 0.8);&quot;&gt;The color of the page, the application of image, the collocation of dynamic FLASH effect, as well as the adjustment of the font should be in accordance with company culture idea.&lt;/span&gt;&lt;br style=&quot;color: #434343; font-family: Tahoma, Arial; line-height: 24px; text-align: justify; background-color: rgba(255, 255, 255, 0.8);&quot; /&gt;&lt;span id=&quot;tran_11&quot; class=&quot;copied&quot; style=&quot;margin: 0px; padding: 0px; border: 0px; outline: 0px; color: #666666; font-family: Tahoma, Arial; line-height: 24px; text-align: justify; background-color: rgba(255, 255, 255, 0.8);&quot;&gt;In the process of site planning, we must give full consideration to every enterprise has its own features, product service, scope of products and services, such as the status of enterprise in the industry are websites at the front desk page design, the main factors to consider in the layout on the pursuit of clear and clean, color with their own VI color combined with industry representatives.&lt;/span&gt;&lt;span id=&quot;tran_12&quot; class=&quot;copied&quot; style=&quot;margin: 0px; padding: 0px; border: 0px; outline: 0px; color: #666666; font-family: Tahoma, Arial; line-height: 24px; text-align: justify; background-color: rgba(255, 255, 255, 0.8);&quot;&gt;In writing, in short, enterprise solutions for the enterprise itself and the market situation to write, avoid becoming amateur web site.&lt;/span&gt;&lt;span id=&quot;tran_13&quot; class=&quot;copied&quot; style=&quot;margin: 0px; padding: 0px; border: 0px; outline: 0px; color: #666666; font-family: Tahoma, Arial; line-height: 24px; text-align: justify; background-color: rgba(255, 255, 255, 0.8);&quot;&gt;Only in this way can fully set up the enterprise image.&lt;/span&gt;&lt;/p&gt;'),
(59, 62, '&lt;p&gt;&lt;span id=&quot;tran_0&quot; class=&quot;copied inactive&quot; style=&quot;margin: 0px; padding: 0px; border: 0px; outline: 0px; color: #666666; background-color: #eeeeee; font-family: Tahoma, Arial; line-height: 24px; text-align: justify;&quot;&gt;In the Internet rapid development today, the website is becoming a school and education institutions for image display, information release, business development, customer service, internal communication an important position, she not only has no distance, speed and can be updated anytime and anywhere, can provide some more interactive features, such as message boards, membership, discussion boards, etc., makes the website alive, let a person feel hospitable.&lt;/span&gt;&lt;br style=&quot;color: #434343; font-family: Tahoma, Arial; line-height: 24px; text-align: justify; background-color: rgba(255, 255, 255, 0.8);&quot; /&gt;&lt;span id=&quot;tran_1&quot; class=&quot;copied&quot; style=&quot;margin: 0px; padding: 0px; border: 0px; outline: 0px; color: #666666; font-family: Tahoma, Arial; line-height: 24px; text-align: justify; background-color: rgba(255, 255, 255, 0.8);&quot;&gt;Detailed plan&lt;/span&gt;&lt;br style=&quot;color: #434343; font-family: Tahoma, Arial; line-height: 24px; text-align: justify; background-color: rgba(255, 255, 255, 0.8);&quot; /&gt;&lt;span id=&quot;tran_2&quot; class=&quot;copied&quot; style=&quot;margin: 0px; padding: 0px; border: 0px; outline: 0px; color: #666666; font-family: Tahoma, Arial; line-height: 24px; text-align: justify; background-color: rgba(255, 255, 255, 0.8);&quot;&gt;In the Internet rapid development today, the website is becoming a school, company, enterprise, government and community image display, information release, business development, customer service, internal communication an important position, she not only has no distance, speed and can be updated anytime and anywhere, can provide some more interactive features, such as message boards, membership, discussion boards, etc., makes the website alive, let a person feel hospitable.&lt;/span&gt;&lt;span id=&quot;tran_3&quot; class=&quot;copied&quot; style=&quot;margin: 0px; padding: 0px; border: 0px; outline: 0px; color: #666666; font-family: Tahoma, Arial; line-height: 24px; text-align: justify; background-color: rgba(255, 255, 255, 0.8);&quot;&gt;Traditional media cannot be compared to at this point, to say the web site of no distance, speed and interaction are the main factors of its stand out in the media.&lt;/span&gt;&lt;br style=&quot;color: #434343; font-family: Tahoma, Arial; line-height: 24px; text-align: justify; background-color: rgba(255, 255, 255, 0.8);&quot; /&gt;&lt;span id=&quot;tran_4&quot; class=&quot;copied&quot; style=&quot;margin: 0px; padding: 0px; border: 0px; outline: 0px; color: #666666; font-family: Tahoma, Arial; line-height: 24px; text-align: justify; background-color: rgba(255, 255, 255, 0.8);&quot;&gt;The meaning of a, school website construction&lt;/span&gt;&lt;br style=&quot;color: #434343; font-family: Tahoma, Arial; line-height: 24px; text-align: justify; background-color: rgba(255, 255, 255, 0.8);&quot; /&gt;&lt;span id=&quot;tran_5&quot; class=&quot;copied&quot; style=&quot;margin: 0px; padding: 0px; border: 0px; outline: 0px; color: #666666; font-family: Tahoma, Arial; line-height: 24px; text-align: justify; background-color: rgba(255, 255, 255, 0.8);&quot;&gt;1. The school website is &quot;brand&quot;, every school has its own characteristics, every school has its own personality.&lt;/span&gt;&lt;span id=&quot;tran_6&quot; class=&quot;copied&quot; style=&quot;margin: 0px; padding: 0px; border: 0px; outline: 0px; color: #666666; font-family: Tahoma, Arial; line-height: 24px; text-align: justify; background-color: rgba(255, 255, 255, 0.8);&quot;&gt;In this highly information-based society, set up their own school site is the most direct means of propaganda.&lt;/span&gt;&lt;span id=&quot;tran_7&quot; class=&quot;copied&quot; style=&quot;margin: 0px; padding: 0px; border: 0px; outline: 0px; color: #666666; font-family: Tahoma, Arial; line-height: 24px; text-align: justify; background-color: rgba(255, 255, 255, 0.8);&quot;&gt;Chrono features, not only can let people know about the school in the district, but also let the world know about your school.&lt;/span&gt;&lt;span id=&quot;tran_8&quot; class=&quot;copied&quot; style=&quot;margin: 0px; padding: 0px; border: 0px; outline: 0px; color: #666666; font-family: Tahoma, Arial; line-height: 24px; text-align: justify; background-color: rgba(255, 255, 255, 0.8);&quot;&gt;On school website, can become a bright flowers in education gardens.&lt;/span&gt;&lt;br style=&quot;color: #434343; font-family: Tahoma, Arial; line-height: 24px; text-align: justify; background-color: rgba(255, 255, 255, 0.8);&quot; /&gt;&lt;span id=&quot;tran_9&quot; class=&quot;copied&quot; style=&quot;margin: 0px; padding: 0px; border: 0px; outline: 0px; color: #666666; font-family: Tahoma, Arial; line-height: 24px; text-align: justify; background-color: rgba(255, 255, 255, 0.8);&quot;&gt;2. The school site is the bridge to realize education resource allocation network has great education resource database, which combines the power of the whole society, the education resources infinite growth.&lt;/span&gt;&lt;span id=&quot;tran_10&quot; class=&quot;copied&quot; style=&quot;margin: 0px; padding: 0px; border: 0px; outline: 0px; color: #666666; font-family: Tahoma, Arial; line-height: 24px; text-align: justify; background-color: rgba(255, 255, 255, 0.8);&quot;&gt;For the developed region and undeveloped region, high investment and poor schools to achieve equal in power and education resources, make every teachers and students can receive training and equal chance to receive education, will no longer limited to the school level, teaching material, teachers ability.&lt;/span&gt;&lt;span id=&quot;tran_11&quot; class=&quot;copied&quot; style=&quot;margin: 0px; padding: 0px; border: 0px; outline: 0px; color: #666666; font-family: Tahoma, Arial; line-height: 24px; text-align: justify; background-color: rgba(255, 255, 255, 0.8);&quot;&gt;Not only can greatly improve teaching efficiency, but also can realize the education fair social ideal.&lt;/span&gt;&lt;br style=&quot;color: #434343; font-family: Tahoma, Arial; line-height: 24px; text-align: justify; background-color: rgba(255, 255, 255, 0.8);&quot; /&gt;&lt;span id=&quot;tran_12&quot; class=&quot;copied&quot; style=&quot;margin: 0px; padding: 0px; border: 0px; outline: 0px; color: #666666; font-family: Tahoma, Arial; line-height: 24px; text-align: justify; background-color: rgba(255, 255, 255, 0.8);&quot;&gt;3. The school website can provide a new way of teaching interactive web site allows teachers and teachers, teachers and students, between students and students with new ways of communication, it is no longer restricted by traditional classroom.&lt;/span&gt;&lt;span id=&quot;tran_13&quot; class=&quot;copied&quot; style=&quot;margin: 0px; padding: 0px; border: 0px; outline: 0px; color: #666666; font-family: Tahoma, Arial; line-height: 24px; text-align: justify; background-color: rgba(255, 255, 255, 0.8);&quot;&gt;It can make guangzhou and Beijing, urban and rural school together in one room, to discuss and share together.&lt;/span&gt;&lt;span id=&quot;tran_14&quot; class=&quot;copied&quot; style=&quot;margin: 0px; padding: 0px; border: 0px; outline: 0px; color: #666666; font-family: Tahoma, Arial; line-height: 24px; text-align: justify; background-color: rgba(255, 255, 255, 0.8);&quot;&gt;Geographical boundaries blur and disappear here, the school site is a real school without walls.&lt;/span&gt;&lt;br style=&quot;color: #434343; font-family: Tahoma, Arial; line-height: 24px; text-align: justify; background-color: rgba(255, 255, 255, 0.8);&quot; /&gt;&lt;span id=&quot;tran_15&quot; class=&quot;copied&quot; style=&quot;margin: 0px; padding: 0px; border: 0px; outline: 0px; color: #666666; font-family: Tahoma, Arial; line-height: 24px; text-align: justify; background-color: rgba(255, 255, 255, 0.8);&quot;&gt;4. The school site to provide personalized learning platform, different ways of students to understand the world of each are not identical, there are many ways cognitive world.&lt;/span&gt;&lt;span id=&quot;tran_16&quot; class=&quot;copied&quot; style=&quot;margin: 0px; padding: 0px; border: 0px; outline: 0px; color: #666666; font-family: Tahoma, Arial; line-height: 24px; text-align: justify; background-color: rgba(255, 255, 255, 0.8);&quot;&gt;Networks can provide rich resources so that the students search for a different way of education, family.&lt;/span&gt;&lt;span id=&quot;tran_17&quot; class=&quot;copied&quot; style=&quot;margin: 0px; padding: 0px; border: 0px; outline: 0px; color: #666666; font-family: Tahoma, Arial; line-height: 24px; text-align: justify; background-color: rgba(255, 255, 255, 0.8);&quot;&gt;School website allows different students along his own way, according to its own speed to accept education and learning, students will have the opportunity to enjoy the best education opportunity, fully tap their own potential, cultivating unique individual character and personality.&lt;/span&gt;&lt;br style=&quot;color: #434343; font-family: Tahoma, Arial; line-height: 24px; text-align: justify; background-color: rgba(255, 255, 255, 0.8);&quot; /&gt;&lt;span id=&quot;tran_18&quot; class=&quot;copied&quot; style=&quot;margin: 0px; padding: 0px; border: 0px; outline: 0px; color: #666666; font-family: Tahoma, Arial; line-height: 24px; text-align: justify; background-color: rgba(255, 255, 255, 0.8);&quot;&gt;5. The school site is the best teaching laboratory, school sites and links to the effective education class specialized website for the school teaching research has brought a new land, a variety of excellent lesson plans, expert BBS, network criticism, material in all the subjects, such as multimedia courseware content provides an excellent platform for teachers'' teaching and research.&lt;/span&gt;&lt;span id=&quot;tran_19&quot; class=&quot;copied&quot; style=&quot;margin: 0px; padding: 0px; border: 0px; outline: 0px; color: #666666; font-family: Tahoma, Arial; line-height: 24px; text-align: justify; background-color: rgba(255, 255, 255, 0.8);&quot;&gt;Effectively reduce the teaching cost and improve efficiency.&lt;/span&gt;&lt;/p&gt;');
INSERT INTO `esp_document_content` (`dcid`, `did`, `content`) VALUES
(60, 63, '&lt;p&gt;&lt;span id=&quot;tran_0&quot; class=&quot;copied&quot; style=&quot;margin: 0px; padding: 0px; border: 0px; outline: 0px; color: #666666; font-family: Tahoma, Arial; line-height: 24px; text-align: justify; background-color: rgba(255, 255, 255, 0.8);&quot;&gt;Hospital website solution: for large and medium-sized medical institutions, health institutions to implement information construction portal provided by the overall solution.&lt;/span&gt;&lt;span id=&quot;tran_1&quot; class=&quot;copied inactive&quot; style=&quot;margin: 0px; padding: 0px; border: 0px; outline: 0px; color: #666666; background-color: #eeeeee; font-family: Tahoma, Arial; line-height: 24px; text-align: justify;&quot;&gt;Solution to one of the goals is to build a show the image of the hospital and medical service hospital portal system;&lt;/span&gt;&lt;span id=&quot;tran_2&quot; class=&quot;copied&quot; style=&quot;margin: 0px; padding: 0px; border: 0px; outline: 0px; color: #666666; font-family: Tahoma, Arial; line-height: 24px; text-align: justify; background-color: rgba(255, 255, 255, 0.8);&quot;&gt;Second is to establish the communication between doctors, patients, medical field interaction and information sharing, information release, online consultation, expert appointment core service system, health knowledge and so on.&lt;/span&gt;&lt;span id=&quot;tran_3&quot; class=&quot;copied&quot; style=&quot;margin: 0px; padding: 0px; border: 0px; outline: 0px; color: #666666; font-family: Tahoma, Arial; line-height: 24px; text-align: justify; background-color: rgba(255, 255, 255, 0.8);&quot;&gt;Medical applications by providing a variety of network services and operational support, shaping good hospital overall image, set up the network medical service platform of the hospital.&lt;/span&gt;&lt;span id=&quot;tran_4&quot; class=&quot;copied&quot; style=&quot;margin: 0px; padding: 0px; border: 0px; outline: 0px; color: #666666; font-family: Tahoma, Arial; line-height: 24px; text-align: justify; background-color: rgba(255, 255, 255, 0.8);&quot;&gt;&amp;nbsp;&lt;/span&gt;&lt;br style=&quot;color: #434343; font-family: Tahoma, Arial; line-height: 24px; text-align: justify; background-color: rgba(255, 255, 255, 0.8);&quot; /&gt;&lt;span id=&quot;tran_5&quot; class=&quot;copied&quot; style=&quot;margin: 0px; padding: 0px; border: 0px; outline: 0px; color: #666666; font-family: Tahoma, Arial; line-height: 24px; text-align: justify; background-color: rgba(255, 255, 255, 0.8);&quot;&gt;Hospital website solution infrastructure&lt;/span&gt;&lt;br style=&quot;color: #434343; font-family: Tahoma, Arial; line-height: 24px; text-align: justify; background-color: rgba(255, 255, 255, 0.8);&quot; /&gt;&lt;span id=&quot;tran_6&quot; class=&quot;copied&quot; style=&quot;margin: 0px; padding: 0px; border: 0px; outline: 0px; color: #666666; font-family: Tahoma, Arial; line-height: 24px; text-align: justify; background-color: rgba(255, 255, 255, 0.8);&quot;&gt;Div + CSS + PHP is used to build for you.&lt;/span&gt;&lt;span id=&quot;tran_7&quot; class=&quot;copied&quot; style=&quot;margin: 0px; padding: 0px; border: 0px; outline: 0px; color: #666666; font-family: Tahoma, Arial; line-height: 24px; text-align: justify; background-color: rgba(255, 255, 255, 0.8);&quot;&gt;Cut the page code, increase the speed of page views, to reduce the bandwidth costs, it has the advanced system architecture and strong flexible layout structure is clear, easy to search engine to search, natural seo was optimized, make the picture more ornamental, for various industries would apply, solve the informatization implementation, to implement e-commerce operations has independence road and comprehensive practical application significance.&lt;/span&gt;&lt;br style=&quot;color: #434343; font-family: Tahoma, Arial; line-height: 24px; text-align: justify; background-color: rgba(255, 255, 255, 0.8);&quot; /&gt;&lt;span id=&quot;tran_8&quot; class=&quot;copied&quot; style=&quot;margin: 0px; padding: 0px; border: 0px; outline: 0px; color: #666666; font-family: Tahoma, Arial; line-height: 24px; text-align: justify; background-color: rgba(255, 255, 255, 0.8);&quot;&gt;Hospital website solution composition&lt;/span&gt;&lt;br style=&quot;color: #434343; font-family: Tahoma, Arial; line-height: 24px; text-align: justify; background-color: rgba(255, 255, 255, 0.8);&quot; /&gt;&lt;span id=&quot;tran_9&quot; class=&quot;copied&quot; style=&quot;margin: 0px; padding: 0px; border: 0px; outline: 0px; color: #666666; font-family: Tahoma, Arial; line-height: 24px; text-align: justify; background-color: rgba(255, 255, 255, 0.8);&quot;&gt;The hospital website features: hospital site group&lt;/span&gt;&lt;br style=&quot;color: #434343; font-family: Tahoma, Arial; line-height: 24px; text-align: justify; background-color: rgba(255, 255, 255, 0.8);&quot; /&gt;&lt;span id=&quot;tran_10&quot; class=&quot;copied&quot; style=&quot;margin: 0px; padding: 0px; border: 0px; outline: 0px; color: #666666; font-family: Tahoma, Arial; line-height: 24px; text-align: justify; background-color: rgba(255, 255, 255, 0.8);&quot;&gt;Solutions in addition to build the whole portal hospitals, subordinate unit of each department will also set up hospital, all department and characteristic specialized subject hospital can have channel has its own home page, and realizes the information sharing and supervisor website different style.&lt;/span&gt;&lt;span id=&quot;tran_11&quot; class=&quot;copied&quot; style=&quot;margin: 0px; padding: 0px; border: 0px; outline: 0px; color: #666666; font-family: Tahoma, Arial; line-height: 24px; text-align: justify; background-color: rgba(255, 255, 255, 0.8);&quot;&gt;In addition to site management can achieve unification or independence management authority free distribution.&lt;/span&gt;&lt;span id=&quot;tran_12&quot; class=&quot;copied&quot; style=&quot;margin: 0px; padding: 0px; border: 0px; outline: 0px; color: #666666; font-family: Tahoma, Arial; line-height: 24px; text-align: justify; background-color: rgba(255, 255, 255, 0.8);&quot;&gt;&amp;nbsp;&lt;/span&gt;&lt;br style=&quot;color: #434343; font-family: Tahoma, Arial; line-height: 24px; text-align: justify; background-color: rgba(255, 255, 255, 0.8);&quot; /&gt;&lt;span id=&quot;tran_13&quot; class=&quot;copied&quot; style=&quot;margin: 0px; padding: 0px; border: 0px; outline: 0px; color: #666666; font-family: Tahoma, Arial; line-height: 24px; text-align: justify; background-color: rgba(255, 255, 255, 0.8);&quot;&gt;Hospital website functions: information announcement management&lt;/span&gt;&lt;br style=&quot;color: #434343; font-family: Tahoma, Arial; line-height: 24px; text-align: justify; background-color: rgba(255, 255, 255, 0.8);&quot; /&gt;&lt;span id=&quot;tran_14&quot; class=&quot;copied&quot; style=&quot;margin: 0px; padding: 0px; border: 0px; outline: 0px; color: #666666; font-family: Tahoma, Arial; line-height: 24px; text-align: justify; background-color: rgba(255, 255, 255, 0.8);&quot;&gt;Dynamic information release hospital, clinic, or within the department related notice, notification, respectively in the homepage or release of a specified channel page, can release and audit regularly.&lt;/span&gt;&lt;span id=&quot;tran_15&quot; class=&quot;copied&quot; style=&quot;margin: 0px; padding: 0px; border: 0px; outline: 0px; color: #666666; font-family: Tahoma, Arial; line-height: 24px; text-align: justify; background-color: rgba(255, 255, 255, 0.8);&quot;&gt;&amp;nbsp;&lt;/span&gt;&lt;br style=&quot;color: #434343; font-family: Tahoma, Arial; line-height: 24px; text-align: justify; background-color: rgba(255, 255, 255, 0.8);&quot; /&gt;&lt;span id=&quot;tran_16&quot; class=&quot;copied&quot; style=&quot;margin: 0px; padding: 0px; border: 0px; outline: 0px; color: #666666; font-family: Tahoma, Arial; line-height: 24px; text-align: justify; background-color: rgba(255, 255, 255, 0.8);&quot;&gt;Hospital website features: expert database management system&lt;/span&gt;&lt;br style=&quot;color: #434343; font-family: Tahoma, Arial; line-height: 24px; text-align: justify; background-color: rgba(255, 255, 255, 0.8);&quot; /&gt;&lt;span id=&quot;tran_17&quot; class=&quot;copied&quot; style=&quot;margin: 0px; padding: 0px; border: 0px; outline: 0px; color: #666666; font-family: Tahoma, Arial; line-height: 24px; text-align: justify; background-color: rgba(255, 255, 255, 0.8);&quot;&gt;To establish complete hospital expert database, introduced the hospital each course details of academician, mentor, experts, and can realize the online query.&lt;/span&gt;&lt;br style=&quot;color: #434343; font-family: Tahoma, Arial; line-height: 24px; text-align: justify; background-color: rgba(255, 255, 255, 0.8);&quot; /&gt;&lt;span id=&quot;tran_18&quot; class=&quot;copied&quot; style=&quot;margin: 0px; padding: 0px; border: 0px; outline: 0px; color: #666666; font-family: Tahoma, Arial; line-height: 24px; text-align: justify; background-color: rgba(255, 255, 255, 0.8);&quot;&gt;Hospital website features: expert blog system&lt;/span&gt;&lt;br style=&quot;color: #434343; font-family: Tahoma, Arial; line-height: 24px; text-align: justify; background-color: rgba(255, 255, 255, 0.8);&quot; /&gt;&lt;span id=&quot;tran_19&quot; class=&quot;copied&quot; style=&quot;margin: 0px; padding: 0px; border: 0px; outline: 0px; color: #666666; font-family: Tahoma, Arial; line-height: 24px; text-align: justify; background-color: rgba(255, 255, 255, 0.8);&quot;&gt;Hospital each expert to open special personal blog, experts can manage their online relevant data and graphic information, published professional articles and opinion of relevant conditions, and thus for the personalized academic exchange and doctor-patient communication.&lt;/span&gt;&lt;span id=&quot;tran_20&quot; class=&quot;copied&quot; style=&quot;margin: 0px; padding: 0px; border: 0px; outline: 0px; color: #666666; font-family: Tahoma, Arial; line-height: 24px; text-align: justify; background-color: rgba(255, 255, 255, 0.8);&quot;&gt;&amp;nbsp;&lt;/span&gt;&lt;br style=&quot;color: #434343; font-family: Tahoma, Arial; line-height: 24px; text-align: justify; background-color: rgba(255, 255, 255, 0.8);&quot; /&gt;&lt;span id=&quot;tran_21&quot; class=&quot;copied&quot; style=&quot;margin: 0px; padding: 0px; border: 0px; outline: 0px; color: #666666; font-family: Tahoma, Arial; line-height: 24px; text-align: justify; background-color: rgba(255, 255, 255, 0.8);&quot;&gt;Hospital website features: expert consulting system&lt;/span&gt;&lt;br style=&quot;color: #434343; font-family: Tahoma, Arial; line-height: 24px; text-align: justify; background-color: rgba(255, 255, 255, 0.8);&quot; /&gt;&lt;span id=&quot;tran_22&quot; class=&quot;copied&quot; style=&quot;margin: 0px; padding: 0px; border: 0px; outline: 0px; color: #666666; font-family: Tahoma, Arial; line-height: 24px; text-align: justify; background-color: rgba(255, 255, 255, 0.8);&quot;&gt;According to the expert classification set up advice column, in the form of unified question, online focus reply, support a variety of forms and upload attachments, friendly interface, abound human characteristics.&lt;/span&gt;&lt;span id=&quot;tran_23&quot; class=&quot;copied&quot; style=&quot;margin: 0px; padding: 0px; border: 0px; outline: 0px; color: #666666; font-family: Tahoma, Arial; line-height: 24px; text-align: justify; background-color: rgba(255, 255, 255, 0.8);&quot;&gt;Patients through the network can enjoy the expert medical consulting services.&lt;/span&gt;&lt;br style=&quot;color: #434343; font-family: Tahoma, Arial; line-height: 24px; text-align: justify; background-color: rgba(255, 255, 255, 0.8);&quot; /&gt;&lt;span id=&quot;tran_24&quot; class=&quot;copied&quot; style=&quot;margin: 0px; padding: 0px; border: 0px; outline: 0px; color: #666666; font-family: Tahoma, Arial; line-height: 24px; text-align: justify; background-color: rgba(255, 255, 255, 0.8);&quot;&gt;Hospital website features: experts online reservation system&lt;/span&gt;&lt;br style=&quot;color: #434343; font-family: Tahoma, Arial; line-height: 24px; text-align: justify; background-color: rgba(255, 255, 255, 0.8);&quot; /&gt;&lt;span id=&quot;tran_25&quot; class=&quot;copied&quot; style=&quot;margin: 0px; padding: 0px; border: 0px; outline: 0px; color: #666666; font-family: Tahoma, Arial; line-height: 24px; text-align: justify; background-color: rgba(255, 255, 255, 0.8);&quot;&gt;Customizable hospital expert reservation information release, in all the subjects in detail hospital consultation time and an operation method.&lt;/span&gt;&lt;br style=&quot;color: #434343; font-family: Tahoma, Arial; line-height: 24px; text-align: justify; background-color: rgba(255, 255, 255, 0.8);&quot; /&gt;&lt;span id=&quot;tran_26&quot; class=&quot;copied&quot; style=&quot;margin: 0px; padding: 0px; border: 0px; outline: 0px; color: #666666; font-family: Tahoma, Arial; line-height: 24px; text-align: justify; background-color: rgba(255, 255, 255, 0.8);&quot;&gt;The reservation service, humane services thoughtful;&lt;/span&gt;&lt;span id=&quot;tran_27&quot; class=&quot;copied&quot; style=&quot;margin: 0px; padding: 0px; border: 0px; outline: 0px; color: #666666; font-family: Tahoma, Arial; line-height: 24px; text-align: justify; background-color: rgba(255, 255, 255, 0.8);&quot;&gt;On-line booking, can reflect the Internet more convenience and shortcut in service advantages.&lt;/span&gt;&lt;br style=&quot;color: #434343; font-family: Tahoma, Arial; line-height: 24px; text-align: justify; background-color: rgba(255, 255, 255, 0.8);&quot; /&gt;&lt;span id=&quot;tran_28&quot; class=&quot;copied&quot; style=&quot;margin: 0px; padding: 0px; border: 0px; outline: 0px; color: #666666; font-family: Tahoma, Arial; line-height: 24px; text-align: justify; background-color: rgba(255, 255, 255, 0.8);&quot;&gt;Hospital website features: BBS system&lt;/span&gt;&lt;br style=&quot;color: #434343; font-family: Tahoma, Arial; line-height: 24px; text-align: justify; background-color: rgba(255, 255, 255, 0.8);&quot; /&gt;&lt;span id=&quot;tran_29&quot; class=&quot;copied&quot; style=&quot;margin: 0px; padding: 0px; border: 0px; outline: 0px; color: #666666; font-family: Tahoma, Arial; line-height: 24px; text-align: justify; background-color: rgba(255, 255, 255, 0.8);&quot;&gt;Have perfect website BBS management function, user management, grade management, program management, rights management, such as make BBS set up flexible and varied, and good user interface and access efficiency make BBS more human characteristics.&lt;/span&gt;&lt;br style=&quot;color: #434343; font-family: Tahoma, Arial; line-height: 24px; text-align: justify; background-color: rgba(255, 255, 255, 0.8);&quot; /&gt;&lt;span id=&quot;tran_30&quot; class=&quot;copied&quot; style=&quot;margin: 0px; padding: 0px; border: 0px; outline: 0px; color: #666666; font-family: Tahoma, Arial; line-height: 24px; text-align: justify; background-color: rgba(255, 255, 255, 0.8);&quot;&gt;BBS system as a doctor, hospital patients, peers and the social from all walks of life between communication and exchange platform, can be fully enough play the role of academic atmosphere and expand the social influence.&lt;/span&gt;&lt;br style=&quot;color: #434343; font-family: Tahoma, Arial; line-height: 24px; text-align: justify; background-color: rgba(255, 255, 255, 0.8);&quot; /&gt;&lt;span id=&quot;tran_31&quot; class=&quot;copied&quot; style=&quot;margin: 0px; padding: 0px; border: 0px; outline: 0px; color: #666666; font-family: Tahoma, Arial; line-height: 24px; text-align: justify; background-color: rgba(255, 255, 255, 0.8);&quot;&gt;Hospital website features: journal management system&lt;/span&gt;&lt;br style=&quot;color: #434343; font-family: Tahoma, Arial; line-height: 24px; text-align: justify; background-color: rgba(255, 255, 255, 0.8);&quot; /&gt;&lt;span id=&quot;tran_32&quot; class=&quot;copied&quot; style=&quot;margin: 0px; padding: 0px; border: 0px; outline: 0px; color: #666666; font-family: Tahoma, Arial; line-height: 24px; text-align: justify; background-color: rgba(255, 255, 255, 0.8);&quot;&gt;Periodical management system is implemented through the network journals, the classification of the layout of hospital management and browsing, pre-dating online retrieval and query, and other functions.&lt;/span&gt;&lt;span id=&quot;tran_33&quot; class=&quot;copied&quot; style=&quot;margin: 0px; padding: 0px; border: 0px; outline: 0px; color: #666666; font-family: Tahoma, Arial; line-height: 24px; text-align: justify; background-color: rgba(255, 255, 255, 0.8);&quot;&gt;&amp;nbsp;&lt;/span&gt;&lt;br style=&quot;color: #434343; font-family: Tahoma, Arial; line-height: 24px; text-align: justify; background-color: rgba(255, 255, 255, 0.8);&quot; /&gt;&lt;span id=&quot;tran_34&quot; class=&quot;copied&quot; style=&quot;margin: 0px; padding: 0px; border: 0px; outline: 0px; color: #666666; font-family: Tahoma, Arial; line-height: 24px; text-align: justify; background-color: rgba(255, 255, 255, 0.8);&quot;&gt;Hospital website features: health knowledge base&lt;/span&gt;&lt;br style=&quot;color: #434343; font-family: Tahoma, Arial; line-height: 24px; text-align: justify; background-color: rgba(255, 255, 255, 0.8);&quot; /&gt;&lt;span id=&quot;tran_35&quot; class=&quot;copied&quot; style=&quot;margin: 0px; padding: 0px; border: 0px; outline: 0px; color: #666666; font-family: Tahoma, Arial; line-height: 24px; text-align: justify; background-color: rgba(255, 255, 255, 0.8);&quot;&gt;Powerful function of knowledge management, custom classification and the infinite level set, with flexible audit, distribution pattern, supports text, animation, video and other articles embodied form;&lt;/span&gt;&lt;span id=&quot;tran_36&quot; class=&quot;copied&quot; style=&quot;margin: 0px; padding: 0px; border: 0px; outline: 0px; color: #666666; font-family: Tahoma, Arial; line-height: 24px; text-align: justify; background-color: rgba(255, 255, 255, 0.8);&quot;&gt;&amp;nbsp;&lt;/span&gt;&lt;br style=&quot;color: #434343; font-family: Tahoma, Arial; line-height: 24px; text-align: justify; background-color: rgba(255, 255, 255, 0.8);&quot; /&gt;&lt;span id=&quot;tran_37&quot; class=&quot;copied&quot; style=&quot;margin: 0px; padding: 0px; border: 0px; outline: 0px; color: #666666; font-family: Tahoma, Arial; line-height: 24px; text-align: justify; background-color: rgba(255, 255, 255, 0.8);&quot;&gt;Mass information storage, security access system, the efficient retrieval mechanism and browsing mode;&lt;/span&gt;&lt;br style=&quot;color: #434343; font-family: Tahoma, Arial; line-height: 24px; text-align: justify; background-color: rgba(255, 255, 255, 0.8);&quot; /&gt;&lt;span id=&quot;tran_38&quot; class=&quot;copied&quot; style=&quot;margin: 0px; padding: 0px; border: 0px; outline: 0px; color: #666666; font-family: Tahoma, Arial; line-height: 24px; text-align: justify; background-color: rgba(255, 255, 255, 0.8);&quot;&gt;Automatic and download files with protection function of article content, copy, copy, anti-daolian, interference is more unique code technology;&lt;/span&gt;&lt;br style=&quot;color: #434343; font-family: Tahoma, Arial; line-height: 24px; text-align: justify; background-color: rgba(255, 255, 255, 0.8);&quot; /&gt;&lt;span id=&quot;tran_39&quot; class=&quot;copied&quot; style=&quot;margin: 0px; padding: 0px; border: 0px; outline: 0px; color: #666666; font-family: Tahoma, Arial; line-height: 24px; text-align: justify; background-color: rgba(255, 255, 255, 0.8);&quot;&gt;Medical industry health generally includes disease introduction and prevention knowledge, health knowledge and so on.&lt;/span&gt;&lt;span id=&quot;tran_40&quot; class=&quot;copied&quot; style=&quot;margin: 0px; padding: 0px; border: 0px; outline: 0px; color: #666666; font-family: Tahoma, Arial; line-height: 24px; text-align: justify; background-color: rgba(255, 255, 255, 0.8);&quot;&gt;Promoting right, healthy lifestyles, but also medical agencies, relying on its good brand image should be actively advocate.&lt;/span&gt;&lt;span id=&quot;tran_41&quot; class=&quot;copied&quot; style=&quot;margin: 0px; padding: 0px; border: 0px; outline: 0px; color: #666666; font-family: Tahoma, Arial; line-height: 24px; text-align: justify; background-color: rgba(255, 255, 255, 0.8);&quot;&gt;&amp;nbsp;&lt;/span&gt;&lt;br style=&quot;color: #434343; font-family: Tahoma, Arial; line-height: 24px; text-align: justify; background-color: rgba(255, 255, 255, 0.8);&quot; /&gt;&lt;span id=&quot;tran_42&quot; class=&quot;copied&quot; style=&quot;margin: 0px; padding: 0px; border: 0px; outline: 0px; color: #666666; font-family: Tahoma, Arial; line-height: 24px; text-align: justify; background-color: rgba(255, 255, 255, 0.8);&quot;&gt;Hospital website solution characteristics&lt;/span&gt;&lt;br style=&quot;color: #434343; font-family: Tahoma, Arial; line-height: 24px; text-align: justify; background-color: rgba(255, 255, 255, 0.8);&quot; /&gt;&lt;span id=&quot;tran_43&quot; class=&quot;copied&quot; style=&quot;margin: 0px; padding: 0px; border: 0px; outline: 0px; color: #666666; font-family: Tahoma, Arial; line-height: 24px; text-align: justify; background-color: rgba(255, 255, 255, 0.8);&quot;&gt;* completely practical application demand of the medical industry in the portal, fully implement the hospital construction, management and operation of the portal.&lt;/span&gt;&lt;span id=&quot;tran_44&quot; class=&quot;copied&quot; style=&quot;margin: 0px; padding: 0px; border: 0px; outline: 0px; color: #666666; font-family: Tahoma, Arial; line-height: 24px; text-align: justify; background-color: rgba(255, 255, 255, 0.8);&quot;&gt;&amp;nbsp;&lt;/span&gt;&lt;br style=&quot;color: #434343; font-family: Tahoma, Arial; line-height: 24px; text-align: justify; background-color: rgba(255, 255, 255, 0.8);&quot; /&gt;&lt;span id=&quot;tran_45&quot; class=&quot;copied&quot; style=&quot;margin: 0px; padding: 0px; border: 0px; outline: 0px; color: #666666; font-family: Tahoma, Arial; line-height: 24px; text-align: justify; background-color: rgba(255, 255, 255, 0.8);&quot;&gt;* website system based on PHP + MYSQL architecture, excellent security and stability.&lt;/span&gt;&lt;span id=&quot;tran_46&quot; class=&quot;copied&quot; style=&quot;margin: 0px; padding: 0px; border: 0px; outline: 0px; color: #666666; font-family: Tahoma, Arial; line-height: 24px; text-align: justify; background-color: rgba(255, 255, 255, 0.8);&quot;&gt;&amp;nbsp;&lt;/span&gt;&lt;br style=&quot;color: #434343; font-family: Tahoma, Arial; line-height: 24px; text-align: justify; background-color: rgba(255, 255, 255, 0.8);&quot; /&gt;&lt;span id=&quot;tran_47&quot; class=&quot;copied&quot; style=&quot;margin: 0px; padding: 0px; border: 0px; outline: 0px; color: #666666; font-family: Tahoma, Arial; line-height: 24px; text-align: justify; background-color: rgba(255, 255, 255, 0.8);&quot;&gt;* able to rapidly implement website system installation, the entire intelligent installation, no technical threshold requirements.&lt;/span&gt;&lt;span id=&quot;tran_48&quot; class=&quot;copied&quot; style=&quot;margin: 0px; padding: 0px; border: 0px; outline: 0px; color: #666666; font-family: Tahoma, Arial; line-height: 24px; text-align: justify; background-color: rgba(255, 255, 255, 0.8);&quot;&gt;&amp;nbsp;&lt;/span&gt;&lt;br style=&quot;color: #434343; font-family: Tahoma, Arial; line-height: 24px; text-align: justify; background-color: rgba(255, 255, 255, 0.8);&quot; /&gt;&lt;span id=&quot;tran_49&quot; class=&quot;copied&quot; style=&quot;margin: 0px; padding: 0px; border: 0px; outline: 0px; color: #666666; font-family: Tahoma, Arial; line-height: 24px; text-align: justify; background-color: rgba(255, 255, 255, 0.8);&quot;&gt;* website system compatible with Windows, UNIX, FreeBSD, and other operating system platform and Internet explorer, Firefox and other browsers, most comprehensive applicability.&lt;/span&gt;&lt;span id=&quot;tran_50&quot; class=&quot;copied&quot; style=&quot;margin: 0px; padding: 0px; border: 0px; outline: 0px; color: #666666; font-family: Tahoma, Arial; line-height: 24px; text-align: justify; background-color: rgba(255, 255, 255, 0.8);&quot;&gt;&amp;nbsp;&lt;/span&gt;&lt;br style=&quot;color: #434343; font-family: Tahoma, Arial; line-height: 24px; text-align: justify; background-color: rgba(255, 255, 255, 0.8);&quot; /&gt;&lt;span id=&quot;tran_51&quot; class=&quot;copied&quot; style=&quot;margin: 0px; padding: 0px; border: 0px; outline: 0px; color: #666666; font-family: Tahoma, Arial; line-height: 24px; text-align: justify; background-color: rgba(255, 255, 255, 0.8);&quot;&gt;* website system USES modular architecture, without the development of the periodic function of infinite expansion.&lt;/span&gt;&lt;span id=&quot;tran_52&quot; class=&quot;copied&quot; style=&quot;margin: 0px; padding: 0px; border: 0px; outline: 0px; color: #666666; font-family: Tahoma, Arial; line-height: 24px; text-align: justify; background-color: rgba(255, 255, 255, 0.8);&quot;&gt;In give full consideration to the health care industry on the basis of the universal demand, flexible expansion or custom functional requirements, more personalized characteristic.&lt;/span&gt;&lt;span id=&quot;tran_53&quot; class=&quot;copied&quot; style=&quot;margin: 0px; padding: 0px; border: 0px; outline: 0px; color: #666666; font-family: Tahoma, Arial; line-height: 24px; text-align: justify; background-color: rgba(255, 255, 255, 0.8);&quot;&gt;&amp;nbsp;&lt;/span&gt;&lt;br style=&quot;color: #434343; font-family: Tahoma, Arial; line-height: 24px; text-align: justify; background-color: rgba(255, 255, 255, 0.8);&quot; /&gt;&lt;span id=&quot;tran_54&quot; class=&quot;copied&quot; style=&quot;margin: 0px; padding: 0px; border: 0px; outline: 0px; color: #666666; font-family: Tahoma, Arial; line-height: 24px; text-align: justify; background-color: rgba(255, 255, 255, 0.8);&quot;&gt;* all website system USES the uniform interface, function module fully realized seamlessly.&lt;/span&gt;&lt;span id=&quot;tran_55&quot; class=&quot;copied&quot; style=&quot;margin: 0px; padding: 0px; border: 0px; outline: 0px; color: #666666; font-family: Tahoma, Arial; line-height: 24px; text-align: justify; background-color: rgba(255, 255, 255, 0.8);&quot;&gt;&amp;nbsp;&lt;/span&gt;&lt;br style=&quot;color: #434343; font-family: Tahoma, Arial; line-height: 24px; text-align: justify; background-color: rgba(255, 255, 255, 0.8);&quot; /&gt;&lt;span id=&quot;tran_56&quot; class=&quot;copied&quot; style=&quot;margin: 0px; padding: 0px; border: 0px; outline: 0px; color: #666666; font-family: Tahoma, Arial; line-height: 24px; text-align: justify; background-color: rgba(255, 255, 255, 0.8);&quot;&gt;* one-stop pass website user management mode, flexible user groups and special across the group permissions Settings.&lt;/span&gt;&lt;span id=&quot;tran_57&quot; class=&quot;copied&quot; style=&quot;margin: 0px; padding: 0px; border: 0px; outline: 0px; color: #666666; font-family: Tahoma, Arial; line-height: 24px; text-align: justify; background-color: rgba(255, 255, 255, 0.8);&quot;&gt;&amp;nbsp;&lt;/span&gt;&lt;br style=&quot;color: #434343; font-family: Tahoma, Arial; line-height: 24px; text-align: justify; background-color: rgba(255, 255, 255, 0.8);&quot; /&gt;&lt;span id=&quot;tran_58&quot; class=&quot;copied&quot; style=&quot;margin: 0px; padding: 0px; border: 0px; outline: 0px; color: #666666; font-family: Tahoma, Arial; line-height: 24px; text-align: justify; background-color: rgba(255, 255, 255, 0.8);&quot;&gt;* has a strong background management functions, simplify the cumbersome website late management maintenance work.&lt;/span&gt;&lt;/p&gt;'),
(61, 64, '&lt;p&gt;&lt;span id=&quot;tran_0&quot; class=&quot;copied&quot; style=&quot;margin: 0px; padding: 0px; border: 0px; outline: 0px; color: #666666; font-family: Tahoma, Arial; line-height: 24px; text-align: justify; background-color: rgba(255, 255, 255, 0.8);&quot;&gt;With the rapid popularization of Internet, the hotel e-commerce arises at the historic moment, the network marketing, online booking...&lt;/span&gt;&lt;span id=&quot;tran_1&quot; class=&quot;copied&quot; style=&quot;margin: 0px; padding: 0px; border: 0px; outline: 0px; color: #666666; font-family: Tahoma, Arial; line-height: 24px; text-align: justify; background-color: rgba(255, 255, 255, 0.8);&quot;&gt;World. The Internet offers unlimited business opportunities.&lt;/span&gt;&lt;br style=&quot;color: #434343; font-family: Tahoma, Arial; line-height: 24px; text-align: justify; background-color: rgba(255, 255, 255, 0.8);&quot; /&gt;&lt;span id=&quot;tran_2&quot; class=&quot;copied&quot; style=&quot;margin: 0px; padding: 0px; border: 0px; outline: 0px; color: #666666; font-family: Tahoma, Arial; line-height: 24px; text-align: justify; background-color: rgba(255, 255, 255, 0.8);&quot;&gt;As our Internet companies, hotel website construction ESPCMS have professional design team and the maintenance personnel, we will according to the details of your hotel and a hotel need tailor-made e-commerce site, to help you take full advantage of the Internet information resources, service hotel guests.&lt;/span&gt;&lt;br style=&quot;color: #434343; font-family: Tahoma, Arial; line-height: 24px; text-align: justify; background-color: rgba(255, 255, 255, 0.8);&quot; /&gt;&lt;span id=&quot;tran_3&quot; class=&quot;copied&quot; style=&quot;margin: 0px; padding: 0px; border: 0px; outline: 0px; color: #666666; font-family: Tahoma, Arial; line-height: 24px; text-align: justify; background-color: rgba(255, 255, 255, 0.8);&quot;&gt;At the same time, according to our operation as well as the experience of China''s tourism, we know more about the hotel''s actual demand, according to the understanding of the hotel customers, we studied in the same site at the same time, we designed the hotel website construction scheme, for your reference.&lt;/span&gt;&lt;br style=&quot;color: #434343; font-family: Tahoma, Arial; line-height: 24px; text-align: justify; background-color: rgba(255, 255, 255, 0.8);&quot; /&gt;&lt;span id=&quot;tran_4&quot; class=&quot;copied&quot; style=&quot;margin: 0px; padding: 0px; border: 0px; outline: 0px; color: #666666; font-family: Tahoma, Arial; line-height: 24px; text-align: justify; background-color: rgba(255, 255, 255, 0.8);&quot;&gt;A, the hotel website construction goal:&lt;/span&gt;&lt;br style=&quot;color: #434343; font-family: Tahoma, Arial; line-height: 24px; text-align: justify; background-color: rgba(255, 255, 255, 0.8);&quot; /&gt;&lt;span id=&quot;tran_5&quot; class=&quot;copied&quot; style=&quot;margin: 0px; padding: 0px; border: 0px; outline: 0px; color: #666666; font-family: Tahoma, Arial; line-height: 24px; text-align: justify; background-color: rgba(255, 255, 255, 0.8);&quot;&gt;(1) setting up enterprise good public image;&lt;/span&gt;&lt;br style=&quot;color: #434343; font-family: Tahoma, Arial; line-height: 24px; text-align: justify; background-color: rgba(255, 255, 255, 0.8);&quot; /&gt;&lt;span id=&quot;tran_6&quot; class=&quot;copied&quot; style=&quot;margin: 0px; padding: 0px; border: 0px; outline: 0px; color: #666666; font-family: Tahoma, Arial; line-height: 24px; text-align: justify; background-color: rgba(255, 255, 255, 0.8);&quot;&gt;(2) for the hotel to provide the online booking platform;&lt;/span&gt;&lt;br style=&quot;color: #434343; font-family: Tahoma, Arial; line-height: 24px; text-align: justify; background-color: rgba(255, 255, 255, 0.8);&quot; /&gt;&lt;span id=&quot;tran_7&quot; class=&quot;copied&quot; style=&quot;margin: 0px; padding: 0px; border: 0px; outline: 0px; color: #666666; font-family: Tahoma, Arial; line-height: 24px; text-align: justify; background-color: rgba(255, 255, 255, 0.8);&quot;&gt;(3) attract more potential customers and visitors;&lt;/span&gt;&lt;br style=&quot;color: #434343; font-family: Tahoma, Arial; line-height: 24px; text-align: justify; background-color: rgba(255, 255, 255, 0.8);&quot; /&gt;&lt;span id=&quot;tran_8&quot; class=&quot;copied&quot; style=&quot;margin: 0px; padding: 0px; border: 0px; outline: 0px; color: #666666; font-family: Tahoma, Arial; line-height: 24px; text-align: justify; background-color: rgba(255, 255, 255, 0.8);&quot;&gt;(4) on the basis of enterprise CI system, web site design style is concise, atmospheric, reflect the strength of the hotel and industry status, meet different browsers reading habits;&lt;/span&gt;&lt;br style=&quot;color: #434343; font-family: Tahoma, Arial; line-height: 24px; text-align: justify; background-color: rgba(255, 255, 255, 0.8);&quot; /&gt;&lt;span id=&quot;tran_9&quot; class=&quot;copied&quot; style=&quot;margin: 0px; padding: 0px; border: 0px; outline: 0px; color: #666666; font-family: Tahoma, Arial; line-height: 24px; text-align: justify; background-color: rgba(255, 255, 255, 0.8);&quot;&gt;(5) to attract more customers for existing customers to provide more efficient service;&lt;/span&gt;&lt;br style=&quot;color: #434343; font-family: Tahoma, Arial; line-height: 24px; text-align: justify; background-color: rgba(255, 255, 255, 0.8);&quot; /&gt;&lt;span id=&quot;tran_10&quot; class=&quot;copied&quot; style=&quot;margin: 0px; padding: 0px; border: 0px; outline: 0px; color: #666666; font-family: Tahoma, Arial; line-height: 24px; text-align: justify; background-color: rgba(255, 255, 255, 0.8);&quot;&gt;(6) establish a perfect online service system, improve the efficiency of management, establish and improve the tracking system.&lt;/span&gt;&lt;br style=&quot;color: #434343; font-family: Tahoma, Arial; line-height: 24px; text-align: justify; background-color: rgba(255, 255, 255, 0.8);&quot; /&gt;&lt;span id=&quot;tran_11&quot; class=&quot;copied&quot; style=&quot;margin: 0px; padding: 0px; border: 0px; outline: 0px; color: #666666; font-family: Tahoma, Arial; line-height: 24px; text-align: justify; background-color: rgba(255, 255, 255, 0.8);&quot;&gt;Second, the hotel website design key points:&lt;/span&gt;&lt;br style=&quot;color: #434343; font-family: Tahoma, Arial; line-height: 24px; text-align: justify; background-color: rgba(255, 255, 255, 0.8);&quot; /&gt;&lt;span id=&quot;tran_12&quot; class=&quot;copied&quot; style=&quot;margin: 0px; padding: 0px; border: 0px; outline: 0px; color: #666666; font-family: Tahoma, Arial; line-height: 24px; text-align: justify; background-color: rgba(255, 255, 255, 0.8);&quot;&gt;(1) the overall site style novel, creative design to attract visitors stay, browse the web site, keep business opportunities, we use the most popular on the Internet today of CSS, FLASH, Javascript web site on the technology such as static and dynamic page design, dynamic button, small ICONS, will make your visitors leave deep impression.&lt;/span&gt;&lt;br style=&quot;color: #434343; font-family: Tahoma, Arial; line-height: 24px; text-align: justify; background-color: rgba(255, 255, 255, 0.8);&quot; /&gt;&lt;span id=&quot;tran_13&quot; class=&quot;copied&quot; style=&quot;margin: 0px; padding: 0px; border: 0px; outline: 0px; color: #666666; font-family: Tahoma, Arial; line-height: 24px; text-align: justify; background-color: rgba(255, 255, 255, 0.8);&quot;&gt;(2) we will according to your hotel CI, cooperate with the entire site design style for each series of products packaging design on the Internet, in order to show your hotel provided by the service is the most close to the heart of the premium brand image of the product.&lt;/span&gt;&lt;br style=&quot;color: #434343; font-family: Tahoma, Arial; line-height: 24px; text-align: justify; background-color: rgba(255, 255, 255, 0.8);&quot; /&gt;&lt;span id=&quot;tran_14&quot; class=&quot;copied&quot; style=&quot;margin: 0px; padding: 0px; border: 0px; outline: 0px; color: #666666; font-family: Tahoma, Arial; line-height: 24px; text-align: justify; background-color: rgba(255, 255, 255, 0.8);&quot;&gt;(3) the FLASH is currently the most popular on the Internet network technology, as a kind of dynamic can be used on the Internet, interactive SHOCKWAVE.&lt;/span&gt;&lt;span id=&quot;tran_15&quot; class=&quot;copied&quot; style=&quot;margin: 0px; padding: 0px; border: 0px; outline: 0px; color: #666666; font-family: Tahoma, Arial; line-height: 24px; text-align: justify; background-color: rgba(255, 255, 255, 0.8);&quot;&gt;So you can produce multimedia graphics and interface, and make the small size of the file.&lt;/span&gt;&lt;br style=&quot;color: #434343; font-family: Tahoma, Arial; line-height: 24px; text-align: justify; background-color: rgba(255, 255, 255, 0.8);&quot; /&gt;&lt;span id=&quot;tran_16&quot; class=&quot;copied&quot; style=&quot;margin: 0px; padding: 0px; border: 0px; outline: 0px; color: #666666; font-family: Tahoma, Arial; line-height: 24px; text-align: justify; background-color: rgba(255, 255, 255, 0.8);&quot;&gt;(4) pages of information, in addition to small ICONS, Banner, there are a lot of words and images need to be processed, pictures, text support, is an indispensable part of our advanced equipment and serious working attitude can make a site that is satisfactory to you.&lt;/span&gt;&lt;/p&gt;');


INSERT INTO `esp_document_label` (`dlid`, `lng`, `mid`, `labelname`) VALUES
(1, 'cn', 2, '首页文字推荐'),
(2, 'cn', 2, '首页图片推荐'),
(3, 'cn', 3, '首页产品推荐'),
(4, 'cn', 3, '热门产品推荐'),
(5, 'en', 2, '首页文字推荐'),
(6, 'en', 2, '首页图片推荐');


INSERT INTO `esp_keylink` (`kid`, `lng`, `pid`, `mid`, `tid`, `hit`, `keywordname`, `linkurl`, `islink`, `istop`, `isclass`, `isreplace`) VALUES
(1, 'cn', 50, 1, 1, 0, 'ESPCMS企业建站', 'http://www.ecisp.cn', 1, 1, 1, 0),
(2, 'cn', 50, 1, 8, 0, '企业CMS', 'http://www.ecisp.cn', 1, 1, 1, 0),
(3, 'cn', 50, 2, 2, 0, '微信管理软件', 'http://www.ecisp.cn', 1, 1, 1, 0),
(4, 'cn', 50, 2, 2, 0, '微网站建设', 'http://www.ecisp.cn', 1, 1, 1, 0),
(5, 'cn', 50, 2, 2, 0, '企业建站', 'http://www.ecisp.cn', 1, 1, 1, 0),
(6, 'cn', 50, 2, 2, 0, '手机网站建设', 'http://www.ecisp.cn', 1, 1, 1, 0),
(7, 'cn', 50, 2, 2, 0, '手机微商城', 'http://www.ecisp.cn', 1, 1, 1, 0),
(8, 'cn', 50, 2, 2, 0, '微信商城', 'http://www.ecisp.cn', 1, 1, 1, 0),
(9, 'cn', 50, 2, 2, 0, '微信应用', 'http://www.ecisp.cn', 1, 1, 1, 0),
(10, 'cn', 50, 2, 2, 0, '手机APP开发', 'http://www.ecisp.cn', 1, 1, 1, 0),
(11, 'cn', 50, 2, 2, 0, '手机软件开发', 'http://www.ecisp.cn', 1, 1, 1, 0),
(12, 'cn', 50, 3, 3, 0, '网页设计', 'http://www.ecisp.cn', 1, 1, 1, 0),
(13, 'cn', 50, 3, 3, 0, '企业网站', 'http://www.ecisp.cn', 1, 1, 1, 0),
(14, 'cn', 50, 3, 3, 0, '手机网站系统', 'http://www.ecisp.cn', 1, 1, 1, 0),
(15, 'cn', 50, 3, 3, 0, '模板建站系统', 'http://www.ecisp.cn', 1, 1, 1, 0),
(16, 'en', 50, 2, 45, 0, 'ESPCMS', 'http://www.ecisp.cn', 1, 0, 1, 0),
(17, 'en', 50, 2, 45, 0, 'Site ESPCMS', '', 0, 0, 1, 0),
(18, 'en', 50, 2, 45, 0, 'Moblie APP', 'http://www.ecisp.cn', 1, 0, 1, 0),
(19, 'en', 50, 2, 45, 0, 'Stadium Fire', '', 0, 1, 1, 0),
(20, 'en', 50, 2, 53, 0, 'Photograph', 'http://www.ecisp.cn', 1, 0, 1, 0);

INSERT INTO `esp_keylink_type` (`ktid`, `lng`, `mid`, `tid`, `keytypename`, `keyworklist`, `description`, `isclass`) VALUES
(1, 'cn', 2, 2, '建站关键词', '微信管理软件,手机软件开发,手机APP开发,微信应用,微信商城,手机微商城,手机网站建设,企业建站,微网站建设', 'ESPCMS企业建站系统是国内最优秀的企业网站应用管理平台，可用于手机建站，传统WEB网站建设，微信网站、微信应用、手机APP建站等平台，是国内开发时间最长最专业的企业网站应用管理平台。', 1);


INSERT INTO `esp_typelist` (`tid`, `pid`, `mid`, `topid`, `upid`, `exmid`, `linkid`, `gotoid`, `lng`, `typename`, `content`, `headtitle`, `keywords`, `description`, `typepic`, `dirname`, `purview`, `ismenu`, `isaccessory`, `isclass`, `ispart`, `styleid`, `pageclass`, `indextemplates`, `template`, `readtemplate`, `filenamestyle`, `readnamestyle`, `isline`, `gotoline`, `typeurl`, `dirpath`, `iswap`, `waptempalte`, `wapreadtemplate`, `pagemax`, `addtime`, `isorderby`, `ordertype`) VALUES
(1, 50, 1, 0, 0, 0, 1, 8, 'cn', '关于我们', '', '', '', '', 'upfile/type_pic.jpg', 'about', 0, 1, 1, 1, 1, 4, 1, 'article_index', 'article_list', 'base_read', '{tid}_{pageid}', '{did}', 1, 0, 'http://', '', 1, 'article_list', 'base_read', 0, 1404623245, 1, 1),
(2, 50, 2, 0, 0, 0, 0, 0, 'cn', '新闻动态', '', '', '', '', 'upfile/type_pic.jpg', 'news', 0, 1, 0, 1, 1, 1, 1, 'article_index', 'article_list', 'article_read', '{tid}_{pageid}', '{did}', 1, 0, 'http://', '', 1, 'article_list', 'article_read', 0, 1404625930, 1, 1),
(3, 50, 3, 0, 0, 0, 0, 0, 'cn', '产品展示', '', '', '', '', '', 'products', 0, 1, 1, 1, 1, 1, 1, 'goods_index', 'goods_list', 'goods_read', '{tid}_{pageid}', '{did}', 1, 0, 'http://', '', 1, 'goods_list_pic', 'goods_read', 0, 1404625950, 1, 1),
(4, 50, 4, 0, 0, 0, 0, 0, 'cn', '人才招聘', '', '', '', '', 'upfile/type_pic.jpg', 'job', 0, 1, 1, 1, 1, 2, 1, 'article_index', 'article_list', 'job_read', '{tid}_{pageid}', '{did}', 1, 0, 'http://', '', 0, 'article_list', 'article_read', 0, 1404625967, 1, 1),
(5, 50, 6, 0, 0, 0, 0, 0, 'cn', '在线下载', '', '', '', '', 'upfile/03.jpg', 'download', 0, 1, 1, 1, 1, 2, 1, 'article_index', 'article_list', 'download_read', '{tid}_{pageid}', '{did}', 1, 0, 'http://', '', 0, 'article_list', 'article_read', 0, 1404626040, 1, 1),
(6, 50, 2, 0, 0, 0, 0, 0, 'cn', '招商合作', '', '', '', '', 'upfile/type_pic.jpg', 'merchants', 0, 1, 1, 1, 1, 2, 1, 'article_index', 'article_list', 'article_read', '{tid}_{pageid}', '{did}', 1, 0, 'http://', '', 1, 'article_list', 'article_read', 0, 1404626060, 1, 1),
(30, 50, 3, 3, 18, 0, 0, 0, 'cn', '建站产品', '', '', '', '', '', 'jianzhanchanpin', 0, 0, 0, 1, 1, 2, 1, 'goods_index', 'goods_list', 'goods_read', '{tid}_{pageid}', '{did}', 1, 0, 'http://', 'products', 1, 'goods_list', 'goods_read', 0, 1404632980, 1, 1),
(8, 50, 1, 1, 1, 0, 2, 0, 'cn', '软件介绍', '', '', '', '', 'upfile/type_pic.jpg', 'gongsijieshao', 0, 0, 1, 1, 1, 4, 1, 'article_index', 'article_list', 'base_read', '{tid}_{pageid}', '{did}', 1, 0, 'http://', 'about', 1, 'article_list', 'base_read', 0, 1404629931, 1, 1),
(9, 50, 1, 1, 1, 0, 3, 0, 'cn', '发展历程', '', '', '', '', 'upfile/type_pic.jpg', 'lianxixinxi', 0, 0, 0, 1, 1, 4, 1, 'article_index', 'article_list', 'base_read', '{tid}_{pageid}', '{did}', 1, 0, 'http://', 'about', 1, 'article_list', 'base_read', 0, 1404629953, 1, 1),
(10, 50, 1, 1, 1, 0, 4, 0, 'cn', '服务领域', '', '', '', '', 'upfile/type_pic.jpg', 'fuwulingyu', 0, 0, 0, 1, 1, 4, 1, 'article_index', 'article_list', 'base_read', '{tid}_{pageid}', '{did}', 1, 0, 'http://', 'about', 1, 'article_list', 'base_read', 0, 1404630122, 1, 1),
(11, 50, 2, 2, 2, 0, 0, 0, 'cn', '公司新闻', '', '', '', '', 'upfile/type_pic.jpg', 'gongsixinwen', 0, 0, 1, 1, 1, 2, 1, 'article_index', 'article_list', 'article_read', '{tid}_{pageid}', '{did}', 1, 0, 'http://', 'news', 1, 'article_list', 'article_read', 0, 1404630146, 1, 1),
(12, 50, 2, 2, 2, 0, 0, 0, 'cn', '媒体报导', '', '', '', '', 'upfile/type_pic.jpg', 'meitibaodao', 0, 0, 0, 1, 1, 2, 1, 'article_index', 'article_list', 'article_read', '{tid}_{pageid}', '{did}', 1, 0, 'http://', 'news', 1, 'article_list', 'article_read', 0, 1404630157, 1, 1),
(13, 50, 1, 1, 1, 0, 5, 0, 'cn', '开发团队', '', '', '', '', 'upfile/type_pic.jpg', 'qiyetuandui', 0, 0, 0, 1, 1, 4, 1, 'article_index', 'article_list', 'base_read', '{tid}_{pageid}', '{did}', 1, 0, 'http://', 'about', 1, 'article_list', 'base_read', 0, 1404630179, 1, 1),
(14, 50, 1, 1, 1, 0, 6, 0, 'cn', '联系信息', '', '', '', '', 'upfile/type_pic.jpg', 'lianxixinxi92', 0, 0, 1, 1, 1, 4, 1, 'article_index', 'article_list', 'base_read', '{tid}_{pageid}', '{did}', 1, 0, 'http://', 'about', 1, 'article_list', 'base_read', 0, 1404630205, 1, 1),
(15, 50, 2, 2, 2, 0, 0, 0, 'cn', '行业动态', '', '', '', '', 'upfile/type_pic.jpg', 'xingyedongtai', 0, 0, 0, 1, 1, 2, 1, 'article_index', 'article_list', 'article_read', '{tid}_{pageid}', '{did}', 1, 0, 'http://', 'news', 1, 'article_list', 'article_read', 0, 1404630220, 1, 1),
(16, 50, 2, 2, 2, 0, 0, 0, 'cn', '技术报导', '', '', '', '', 'upfile/type_pic.jpg', 'jishubaodao', 0, 0, 0, 1, 1, 2, 1, 'article_index', 'article_list', 'article_read', '{tid}_{pageid}', '{did}', 1, 0, 'http://', 'news', 1, 'article_list', 'article_read', 0, 1404630226, 1, 1),
(17, 50, 1, 3, 3, 3, 7, 0, 'cn', '产品说明', '', '', '', '', '', 'chanpinshuoming', 0, 0, 0, 1, 1, 4, 1, 'goods_index', 'goods_list', 'base_read', '{tid}_{pageid}', '{did}', 1, 0, 'http://', 'products', 1, 'goods_list', 'base_read', 0, 1404630239, 1, 1),
(44, 50, 1, 0, 0, 0, 37, 0, 'en', 'About Us', '', '', '', '', 'upfile/type_pic_en.jpg', 'aboutus', 0, 1, 1, 1, 1, 4, 1, 'article_index', 'article_list', 'base_read', '{tid}_{pageid}', '{did}', 1, 0, 'http://', '', 1, 'article_list', 'base_read', 0, 1404663783, 1, 1),
(18, 50, 3, 3, 3, 0, 0, 0, 'cn', '软件产品', '', '', '', '', '', 'ruanjianchanpin', 0, 0, 0, 1, 1, 2, 1, 'goods_index', 'goods_list', 'goods_read', '{tid}_{pageid}', '{did}', 1, 0, 'http://', 'products', 1, 'goods_list', 'goods_read', 0, 1404630253, 1, 1),
(19, 50, 3, 3, 3, 0, 0, 0, 'cn', '解决方案', '', '', '', '', '', 'jiejuefangan', 0, 0, 0, 1, 1, 2, 1, 'goods_index', 'goods_list_str', 'goods_read', '{tid}_{pageid}', '{did}', 1, 0, 'http://', 'products', 1, 'goods_list', 'goods_read', 0, 1404630266, 1, 1),
(20, 50, 3, 3, 3, 0, 0, 0, 'cn', '硬件产品', '', '', '', '', '', 'yingjianchanpin', 0, 0, 0, 1, 1, 2, 1, 'goods_index', 'goods_list', 'goods_read', '{tid}_{pageid}', '{did}', 1, 0, 'http://', 'products', 1, 'goods_list', 'goods_read', 0, 1404630285, 1, 1),
(21, 50, 4, 4, 4, 0, 0, 0, 'cn', '市场人才', '', '', '', '', 'upfile/type_pic.jpg', 'shichangrencai', 0, 0, 0, 1, 1, 2, 1, 'article_index', 'article_list', 'job_read', '{tid}_{pageid}', '{did}', 1, 0, 'http://', 'job', 1, 'article_list', 'article_read', 0, 1404630318, 1, 1),
(22, 50, 4, 4, 4, 0, 0, 0, 'cn', '管理人才', '', '', '', '', 'upfile/type_pic.jpg', 'guanlirencai', 0, 0, 0, 1, 1, 2, 1, 'article_index', 'article_list', 'job_read', '{tid}_{pageid}', '{did}', 1, 0, 'http://', 'job', 1, 'article_list', 'article_read', 0, 1404630322, 1, 1),
(23, 50, 4, 4, 4, 0, 0, 0, 'cn', '技术人才', '', '', '', '', 'upfile/type_pic.jpg', 'jishurencai', 0, 0, 0, 1, 1, 2, 1, 'article_index', 'article_list', 'job_read', '{tid}_{pageid}', '{did}', 1, 0, 'http://', 'job', 1, 'article_list', 'article_read', 0, 1404630326, 1, 1),
(24, 50, 6, 5, 5, 0, 0, 0, 'cn', '软件下载', '', '', '', '', 'upfile/03.jpg', 'qiyeshipin', 0, 0, 0, 1, 1, 2, 1, 'article_index', 'article_list', 'download_read', '{tid}_{pageid}', '{did}', 1, 0, 'http://', 'download', 1, 'article_list', 'article_read', 0, 1404630347, 1, 1),
(25, 50, 6, 5, 5, 0, 0, 0, 'cn', '资料下载', '', '', '', '', 'upfile/03.jpg', 'chanpinshipin', 0, 0, 0, 1, 1, 2, 1, 'article_index', 'article_list', 'download_read', '{tid}_{pageid}', '{did}', 1, 0, 'http://', 'download', 1, 'article_list', 'article_read', 0, 1404630358, 1, 1),
(26, 50, 1, 6, 6, 6, 8, 0, 'cn', '招商说明', '', '', '', '', 'upfile/type_pic.jpg', 'zhaoshangshuoming', 0, 0, 0, 1, 1, 4, 1, 'article_index', 'article_list', 'base_read', '{tid}_{pageid}', '{did}', 1, 0, 'http://', 'merchants', 1, 'article_list', 'base_read', 0, 1404630526, 1, 1),
(27, 50, 2, 6, 6, 6, 0, 0, 'cn', '招商动态', '', '', '', '', 'upfile/type_pic.jpg', 'zhaoshangdongtai', 0, 0, 0, 1, 1, 2, 1, 'article_index', 'article_list', 'article_read', '{tid}_{pageid}', '{did}', 1, 0, 'http://', 'merchants', 1, 'article_list', 'article_read', 0, 1404630540, 1, 1),
(28, 50, 5, 2, 2, 2, 0, 0, 'cn', '视频新闻', '', '', '', '', 'upfile/type_pic.jpg', 'shipinxinwen', 0, 0, 0, 1, 1, 2, 1, 'article_index', 'article_list', 'article_read', '{tid}_{pageid}', '{did}', 1, 0, 'http://', 'news', 1, 'article_list', 'article_read', 0, 1404630644, 1, 1),
(29, 50, 3, 3, 3, 0, 0, 0, 'cn', 'ESPCMS建站', '', '', '', '', '', 'espcmsjianzhan', 0, 0, 0, 1, 1, 2, 1, 'goods_index', 'goods_list', 'goods_read', '{tid}_{pageid}', '{did}', 1, 0, 'http://', 'products', 1, 'goods_list', 'goods_read', 0, 1404630684, 1, 1),
(31, 50, 3, 3, 18, 0, 0, 0, 'cn', '手机APP', '', '', '', '', '', 'shoujiapp', 0, 0, 0, 1, 1, 2, 1, 'goods_index', 'goods_list', 'goods_read', '{tid}_{pageid}', '{did}', 1, 0, 'http://', 'products', 1, 'goods_list', 'goods_read', 0, 1404632988, 1, 1),
(32, 50, 3, 3, 18, 0, 0, 0, 'cn', '微信应用', '', '', '', '', '', 'weixinyingyong', 0, 0, 0, 1, 1, 2, 1, 'goods_index', 'goods_list', 'goods_read', '{tid}_{pageid}', '{did}', 1, 0, 'http://', 'products', 1, 'goods_list', 'goods_read', 0, 1404632995, 1, 1),
(49, 50, 1, 0, 0, 0, 38, 0, 'en', 'Technical', '', '', '', '', 'upfile/type_pic_en.jpg', 'servicetechnical', 0, 1, 1, 1, 1, 4, 1, 'article_index', 'article_list', 'base_read', '{tid}_{pageid}', '{did}', 1, 0, 'http://', '', 1, 'article_list', 'article_read', 0, 1404663959, 1, 1),
(47, 50, 4, 0, 0, 0, 0, 0, 'en', 'Job', '', '', '', '', 'upfile/type_pic_en.jpg', 'job', 0, 1, 1, 1, 1, 2, 1, 'article_index', 'article_list', 'job_read', '{tid}_{pageid}', '{did}', 1, 0, 'http://', '', 1, 'article_list', 'article_read', 0, 1404663875, 1, 1),
(48, 50, 6, 0, 0, 0, 0, 0, 'en', 'Download', '', '', '', '', 'upfile/type_pic_en.jpg', 'download', 0, 1, 1, 1, 1, 2, 1, 'article_index', 'article_list', 'download_read', '{tid}_{pageid}', '{did}', 1, 0, 'http://', '', 1, 'article_list', 'article_read', 0, 1404663903, 1, 1),
(46, 50, 3, 0, 0, 0, 0, 0, 'en', 'Products', '', '', '', '', 'upfile/type_pic_en.jpg', 'products', 0, 1, 1, 1, 1, 1, 1, 'goods_index', 'goods_list', 'goods_read', '{tid}_{pageid}', '{did}', 1, 0, 'http://', '', 1, 'article_list', 'article_read', 0, 1404663831, 1, 1),
(45, 50, 2, 0, 0, 0, 0, 0, 'en', 'News', '', '', '', '', 'upfile/type_pic_en.jpg', 'news', 0, 1, 1, 1, 1, 1, 1, 'article_index', 'article_list', 'article_read', '{tid}_{pageid}', '{did}', 1, 0, 'http://', '', 1, 'article_list', 'article_read', 0, 1404663803, 1, 1),
(39, 50, 3, 3, 20, 0, 0, 0, 'cn', '企业服务器', '', '', '', '', '', 'qiyefuwuqi', 0, 0, 0, 1, 1, 2, 1, 'goods_index', 'goods_list', 'goods_read', '{tid}_{pageid}', '{did}', 1, 0, 'http://', 'products', 1, 'goods_list', 'goods_read', 0, 1404633082, 1, 1),
(40, 50, 3, 3, 20, 0, 0, 0, 'cn', '数据存储应用', '', '', '', '', '', 'shujucunchuyingyong', 0, 0, 0, 1, 1, 2, 1, 'goods_index', 'goods_list', 'goods_read', '{tid}_{pageid}', '{did}', 1, 0, 'http://', 'products', 1, 'goods_list', 'goods_read', 0, 1404633090, 1, 1),
(41, 50, 3, 3, 29, 0, 0, 0, 'cn', 'ESPCMS模板', '', '', '', '', '', 'espcmsmoban', 0, 0, 0, 1, 1, 2, 1, 'goods_index', 'goods_list', 'goods_read', '{tid}_{pageid}', '{did}', 1, 0, 'http://', 'products', 1, 'goods_list', 'goods_read', 0, 1404633102, 1, 1),
(42, 50, 3, 3, 29, 0, 0, 0, 'cn', 'ESPCMS应用', '', '', '', '', '', 'espcmsyingyong', 0, 0, 0, 1, 1, 2, 1, 'goods_index', 'goods_list', 'goods_read', '{tid}_{pageid}', '{did}', 1, 0, 'http://', 'products', 1, 'goods_list', 'goods_read', 0, 1404633108, 1, 1),
(43, 50, 3, 3, 29, 0, 0, 0, 'cn', 'ESPCMS组件开发', '', '', '', '', '', 'espcmszujiankaifa', 0, 0, 0, 1, 1, 2, 1, 'goods_index', 'goods_list', 'goods_read', '{tid}_{pageid}', '{did}', 1, 0, 'http://', 'products', 1, 'goods_list', 'goods_read', 0, 1404633112, 1, 1),
(50, 50, 1, 44, 44, 0, 39, 0, 'en', 'Company', '', '', '', '', 'upfile/type_pic_en.jpg', 'company', 0, 0, 0, 1, 1, 4, 1, 'article_index', 'article_list', 'base_read', '{tid}_{pageid}', '{did}', 1, 0, 'http://', 'aboutus', 1, 'article_list', 'base_read', 0, 1404664922, 1, 1),
(51, 50, 1, 44, 44, 0, 40, 0, 'en', 'Our Team', '', '', '', '', 'upfile/type_pic_en.jpg', 'ourteam', 0, 0, 0, 1, 1, 4, 1, 'article_index', 'article_list', 'base_read', '{tid}_{pageid}', '{did}', 1, 0, 'http://', 'aboutus', 1, 'article_list', 'base_read', 0, 1404664945, 1, 1),
(52, 50, 1, 44, 44, 0, 41, 0, 'en', 'Contacts us', '', '', '', '', 'upfile/type_pic_en.jpg', 'contactsus', 0, 0, 0, 1, 1, 4, 1, 'article_index', 'article_list', 'base_read', '{tid}_{pageid}', '{did}', 1, 0, 'http://', 'aboutus', 1, 'article_list', 'base_read', 0, 1404664971, 1, 1),
(53, 50, 2, 45, 45, 0, 0, 0, 'en', 'Company News', '', '', '', '', 'upfile/type_pic_en.jpg', 'companynews', 0, 0, 0, 1, 1, 2, 1, 'article_index', 'article_list', 'article_read', '{tid}_{pageid}', '{did}', 1, 0, 'http://', 'news', 1, 'article_list', 'article_read', 0, 1404665035, 1, 1),
(54, 50, 2, 45, 45, 0, 0, 0, 'en', 'Technology News', '', '', '', '', 'upfile/type_pic_en.jpg', 'technologynews', 0, 0, 0, 1, 1, 2, 1, 'article_index', 'article_list', 'article_read', '{tid}_{pageid}', '{did}', 1, 0, 'http://', 'news', 1, 'article_list', 'article_read', 0, 1404665045, 1, 1),
(55, 50, 3, 46, 46, 0, 0, 0, 'en', 'SITE CMS', '', '', '', '', 'upfile/type_pic_en.jpg', 'sitecms', 0, 0, 0, 1, 1, 2, 1, 'goods_index', 'goods_list', 'goods_read', '{tid}_{pageid}', '{did}', 1, 0, 'http://', 'products', 1, 'article_list', 'article_read', 0, 1404665117, 1, 1),
(56, 50, 3, 46, 46, 0, 0, 0, 'en', 'Solution', '', '', '', '', 'upfile/type_pic_en.jpg', 'solution', 0, 0, 0, 1, 1, 2, 1, 'goods_index', 'goods_list', 'goods_read', '{tid}_{pageid}', '{did}', 1, 0, 'http://', 'products', 1, 'article_list', 'article_read', 0, 1404665138, 1, 1),
(57, 50, 2, 45, 45, 0, 0, 0, 'en', 'Business', '', '', '', '', 'upfile/type_pic_en.jpg', 'business', 0, 0, 0, 1, 1, 2, 1, 'article_index', 'article_list', 'article_read', '{tid}_{pageid}', '{did}', 1, 0, 'http://', 'news', 1, 'article_list', 'article_read', 0, 1404665228, 1, 1),
(58, 50, 2, 45, 45, 0, 0, 0, 'en', 'Entertainment', '', '', '', '', 'upfile/type_pic_en.jpg', 'entertainment', 0, 0, 0, 1, 1, 2, 1, 'article_index', 'article_list', 'article_read', '{tid}_{pageid}', '{did}', 1, 0, 'http://', 'news', 1, 'article_list', 'article_read', 0, 1404665234, 1, 1),
(59, 50, 1, 44, 44, 0, 42, 0, 'en', 'Employee directory', '', '', '', '', 'upfile/type_pic_en.jpg', 'employeedirectory', 0, 0, 0, 1, 1, 4, 1, 'article_index', 'article_list', 'base_read', '{tid}_{pageid}', '{did}', 1, 0, 'http://', 'aboutus', 1, 'article_list', 'base_read', 0, 1404665253, 1, 1),
(60, 50, 4, 47, 47, 0, 0, 0, 'en', 'Admin &amp; HR', '', '', '', '', '', 'adminhr', 0, 0, 0, 1, 1, 2, 1, 'article_index', 'article_list', 'job_read', '{tid}_{pageid}', '{did}', 1, 0, 'http://', 'job', 1, 'article_list', 'article_read', 0, 1404665375, 1, 1),
(61, 50, 4, 47, 47, 0, 0, 0, 'en', 'Management', '', '', '', '', '', 'management', 0, 0, 0, 1, 1, 2, 1, 'article_index', 'article_list', 'job_read', '{tid}_{pageid}', '{did}', 1, 0, 'http://', 'job', 1, 'article_list', 'article_read', 0, 1404665383, 1, 1),
(62, 50, 6, 48, 48, 0, 0, 0, 'en', 'Plugins', '', '', '', '', '', 'plugins', 0, 0, 0, 1, 1, 2, 1, 'article_index', 'article_list', 'download_read', '{tid}_{pageid}', '{did}', 1, 0, 'http://', 'download', 1, 'article_list', 'article_read', 0, 1404665397, 1, 1),
(63, 50, 6, 48, 48, 0, 0, 0, 'en', 'Templates', '', '', '', '', '', 'templates', 0, 0, 0, 1, 1, 2, 1, 'article_index', 'article_list', 'download_read', '{tid}_{pageid}', '{did}', 1, 0, 'http://', 'download', 1, 'article_list', 'article_read', 0, 1404665401, 1, 1);

